top_k,user_id,query_id,query_mode,query_subtype,query,method,selected_event_ids,selected_event_titles,selected_event_scores,gold_event_ids,supporting_event_recall,task_status_accuracy,top1_accuracy,top3_recall,NDCG@3,token_cost,llm_can_answer
1,u001,u001_q001,task,task_due,我最近最该先处理哪个课程项目汇报任务？,recency_only,u001_e014,Mixed planning for today,1.0,u001_e001|u001_e009,0.0,0.0,0.0,0.0,0.0,93,0.0
1,u001,u001_q001,task,task_due,我最近最该先处理哪个课程项目汇报任务？,similarity_only,u001_e005,课程项目汇报 status update,0.142857,u001_e001|u001_e009,0.0,0.0,0.0,0.0,0.0,64,0.0
1,u001,u001_q001,task,task_due,我最近最该先处理哪个课程项目汇报任务？,recency_similarity_hybrid,u001_e018,Urgent wrong domain,0.509459,u001_e001|u001_e009,0.0,0.0,0.0,0.0,0.0,83,0.0
1,u001,u001_q001,task,task_due,我最近最该先处理哪个课程项目汇报任务？,proposed_TMT_decay_event_memory,u001_e014,Mixed planning for today,0.848982,u001_e001|u001_e009,0.0,0.0,0.0,0.0,0.0,93,0.0
2,u001,u001_q001,task,task_due,我最近最该先处理哪个课程项目汇报任务？,recency_only,u001_e014|u001_e015,Mixed planning for today|Mixed review and reminder,1.0|1.0,u001_e001|u001_e009,0.0,0.0,0.0,0.0,0.0,175,0.0
2,u001,u001_q001,task,task_due,我最近最该先处理哪个课程项目汇报任务？,similarity_only,u001_e005|u001_e001,课程项目汇报 status update|课程项目汇报 planning,0.142857|0.141026,u001_e001|u001_e009,0.5,0.5,0.0,0.5,0.44412286644879784,126,0.0
2,u001,u001_q001,task,task_due,我最近最该先处理哪个课程项目汇报任务？,recency_similarity_hybrid,u001_e018|u001_e014,Urgent wrong domain|Mixed planning for today,0.509459|0.498125,u001_e001|u001_e009,0.0,0.0,0.0,0.0,0.0,175,0.0
2,u001,u001_q001,task,task_due,我最近最该先处理哪个课程项目汇报任务？,proposed_TMT_decay_event_memory,u001_e014|u001_e015,Mixed planning for today|Mixed review and reminder,0.848982|0.844676,u001_e001|u001_e009,0.0,0.0,0.0,0.0,0.0,175,0.0
3,u001,u001_q001,task,task_due,我最近最该先处理哪个课程项目汇报任务？,recency_only,u001_e014|u001_e015|u001_e016,Mixed planning for today|Mixed review and reminder|Recent irrelevant side matter,1.0|1.0|1.0,u001_e001|u001_e009,0.0,0.0,0.0,0.0,0.0,252,0.0
3,u001,u001_q001,task,task_due,我最近最该先处理哪个课程项目汇报任务？,similarity_only,u001_e005|u001_e001|u001_e017,课程项目汇报 status update|课程项目汇报 planning|Semantic similar wrong status,0.142857|0.141026|0.125,u001_e001|u001_e009,0.5,0.5,0.0,0.5,0.44412286644879784,209,0.0
3,u001,u001_q001,task,task_due,我最近最该先处理哪个课程项目汇报任务？,recency_similarity_hybrid,u001_e018|u001_e014|u001_e016,Urgent wrong domain|Mixed planning for today|Recent irrelevant side matter,0.509459|0.498125|0.487671,u001_e001|u001_e009,0.0,0.0,0.0,0.0,0.0,252,0.0
3,u001,u001_q001,task,task_due,我最近最该先处理哪个课程项目汇报任务？,proposed_TMT_decay_event_memory,u001_e014|u001_e015|u001_e001,Mixed planning for today|Mixed review and reminder|课程项目汇报 planning,0.848982|0.844676|0.80246,u001_e001|u001_e009,0.5,0.5,0.0,0.5,0.35195904451706733,237,0.0
1,u001,u001_q002,task,task_due,今天有哪些快到截止但不能被过度放大的事项？,recency_only,u001_e014,Mixed planning for today,1.0,u001_e001|u001_e018|u001_e007,0.0,0.0,0.0,0.0,0.0,93,0.0
1,u001,u001_q002,task,task_due,今天有哪些快到截止但不能被过度放大的事项？,similarity_only,u001_e018,Urgent wrong domain,0.103896,u001_e001|u001_e018|u001_e007,0.3333333333333333,0.5,1.0,0.3333333333333333,0.21000199575396408,83,0.0
1,u001,u001_q002,task,task_due,今天有哪些快到截止但不能被过度放大的事项？,recency_similarity_hybrid,u001_e018,Urgent wrong domain,0.507143,u001_e001|u001_e018|u001_e007,0.3333333333333333,0.5,1.0,0.3333333333333333,0.21000199575396408,83,0.0
1,u001,u001_q002,task,task_due,今天有哪些快到截止但不能被过度放大的事项？,proposed_TMT_decay_event_memory,u001_e015,Mixed review and reminder,0.844676,u001_e001|u001_e018|u001_e007,0.0,0.0,0.0,0.0,0.0,83,0.0
2,u001,u001_q002,task,task_due,今天有哪些快到截止但不能被过度放大的事项？,recency_only,u001_e014|u001_e015,Mixed planning for today|Mixed review and reminder,1.0|1.0,u001_e001|u001_e018|u001_e007,0.0,0.0,0.0,0.0,0.0,175,0.0
2,u001,u001_q002,task,task_due,今天有哪些快到截止但不能被过度放大的事项？,similarity_only,u001_e018|u001_e012,Urgent wrong domain|Old preference record,0.103896|0.081081,u001_e001|u001_e018|u001_e007,0.3333333333333333,0.5,1.0,0.3333333333333333,0.21000199575396408,155,0.0
2,u001,u001_q002,task,task_due,今天有哪些快到截止但不能被过度放大的事项？,recency_similarity_hybrid,u001_e018|u001_e016,Urgent wrong domain|Recent irrelevant side matter,0.507143|0.471154,u001_e001|u001_e018|u001_e007,0.3333333333333333,0.5,1.0,0.3333333333333333,0.21000199575396408,160,0.0
2,u001,u001_q002,task,task_due,今天有哪些快到截止但不能被过度放大的事项？,proposed_TMT_decay_event_memory,u001_e015|u001_e014,Mixed review and reminder|Mixed planning for today,0.844676|0.792634,u001_e001|u001_e018|u001_e007,0.0,0.0,0.0,0.0,0.0,175,0.0
3,u001,u001_q002,task,task_due,今天有哪些快到截止但不能被过度放大的事项？,recency_only,u001_e014|u001_e015|u001_e016,Mixed planning for today|Mixed review and reminder|Recent irrelevant side matter,1.0|1.0|1.0,u001_e001|u001_e018|u001_e007,0.0,0.0,0.0,0.0,0.0,252,0.0
3,u001,u001_q002,task,task_due,今天有哪些快到截止但不能被过度放大的事项？,similarity_only,u001_e018|u001_e012|u001_e002,Urgent wrong domain|Old preference record|论文实验复现 planning,0.103896|0.081081|0.054054,u001_e001|u001_e018|u001_e007,0.3333333333333333,0.5,1.0,0.3333333333333333,0.21000199575396408,219,0.0
3,u001,u001_q002,task,task_due,今天有哪些快到截止但不能被过度放大的事项？,recency_similarity_hybrid,u001_e018|u001_e016|u001_e014,Urgent wrong domain|Recent irrelevant side matter|Mixed planning for today,0.507143|0.471154|0.468966,u001_e001|u001_e018|u001_e007,0.3333333333333333,0.5,1.0,0.3333333333333333,0.21000199575396408,252,0.0
3,u001,u001_q002,task,task_due,今天有哪些快到截止但不能被过度放大的事项？,proposed_TMT_decay_event_memory,u001_e015|u001_e014|u001_e007,Mixed review and reminder|Mixed planning for today|健身计划 status update,0.844676|0.792634|0.75873,u001_e001|u001_e018|u001_e007,0.3333333333333333,0.0,0.0,0.3333333333333333,0.21000199575396408,247,0.0
1,u001,u001_q003,task,task_priority,论文实验复现接下来应该推进什么？,recency_only,u001_e014,Mixed planning for today,1.0,u001_e002|u001_e006|u001_e010,0.0,0.0,0.0,0.0,0.0,93,0.0
1,u001,u001_q003,task,task_priority,论文实验复现接下来应该推进什么？,similarity_only,u001_e010,论文实验复现 dependency discussion,0.092308,u001_e002|u001_e006|u001_e010,0.3333333333333333,0.5,1.0,0.3333333333333333,0.38009376671593426,82,0.0
1,u001,u001_q003,task,task_priority,论文实验复现接下来应该推进什么？,recency_similarity_hybrid,u001_e015,Mixed review and reminder,0.495833,u001_e002|u001_e006|u001_e010,0.0,0.0,0.0,0.0,0.0,83,0.0
1,u001,u001_q003,task,task_priority,论文实验复现接下来应该推进什么？,proposed_TMT_decay_event_memory,u001_e015,Mixed review and reminder,0.92202,u001_e002|u001_e006|u001_e010,0.0,0.0,0.0,0.0,0.0,83,0.0
2,u001,u001_q003,task,task_priority,论文实验复现接下来应该推进什么？,recency_only,u001_e014|u001_e015,Mixed planning for today|Mixed review and reminder,1.0|1.0,u001_e002|u001_e006|u001_e010,0.0,0.0,0.0,0.0,0.0,175,0.0
2,u001,u001_q003,task,task_priority,论文实验复现接下来应该推进什么？,similarity_only,u001_e010|u001_e002,论文实验复现 dependency discussion|论文实验复现 planning,0.092308|0.089552,u001_e002|u001_e006|u001_e010,0.6666666666666666,1.0,1.0,0.6666666666666666,0.7398124665681314,146,0.0
2,u001,u001_q003,task,task_priority,论文实验复现接下来应该推进什么？,recency_similarity_hybrid,u001_e015|u001_e016,Mixed review and reminder|Recent irrelevant side matter,0.495833|0.457333,u001_e002|u001_e006|u001_e010,0.0,0.0,0.0,0.0,0.0,160,0.0
2,u001,u001_q003,task,task_priority,论文实验复现接下来应该推进什么？,proposed_TMT_decay_event_memory,u001_e015|u001_e014,Mixed review and reminder|Mixed planning for today,0.92202|0.784319,u001_e002|u001_e006|u001_e010,0.0,0.0,0.0,0.0,0.0,175,0.0
3,u001,u001_q003,task,task_priority,论文实验复现接下来应该推进什么？,recency_only,u001_e014|u001_e015|u001_e016,Mixed planning for today|Mixed review and reminder|Recent irrelevant side matter,1.0|1.0|1.0,u001_e002|u001_e006|u001_e010,0.0,0.0,0.0,0.0,0.0,252,0.0
3,u001,u001_q003,task,task_priority,论文实验复现接下来应该推进什么？,similarity_only,u001_e010|u001_e002|u001_e006,论文实验复现 dependency discussion|论文实验复现 planning|论文实验复现 status update,0.092308|0.089552|0.089552,u001_e002|u001_e006|u001_e010,1.0,1.0,1.0,1.0,0.9298593499260985,220,1.0
3,u001,u001_q003,task,task_priority,论文实验复现接下来应该推进什么？,recency_similarity_hybrid,u001_e015|u001_e016|u001_e014,Mixed review and reminder|Recent irrelevant side matter|Mixed planning for today,0.495833|0.457333|0.456548,u001_e002|u001_e006|u001_e010,0.0,0.0,0.0,0.0,0.0,252,0.0
3,u001,u001_q003,task,task_priority,论文实验复现接下来应该推进什么？,proposed_TMT_decay_event_memory,u001_e015|u001_e014|u001_e007,Mixed review and reminder|Mixed planning for today|健身计划 status update,0.92202|0.784319|0.758506,u001_e002|u001_e006|u001_e010,0.0,0.0,0.0,0.0,0.0,247,0.0
1,u001,u001_q004,task,task_priority,现在最重要但不一定最紧急的任务是什么？,recency_only,u001_e014,Mixed planning for today,1.0,u001_e002|u001_e001|u001_e004,0.0,0.0,0.0,0.0,0.0,93,0.0
1,u001,u001_q004,task,task_priority,现在最重要但不一定最紧急的任务是什么？,similarity_only,u001_e002,论文实验复现 planning,0.119403,u001_e002|u001_e001|u001_e004,0.3333333333333333,0.3333333333333333,1.0,0.3333333333333333,0.5701406500739014,64,0.0
1,u001,u001_q004,task,task_priority,现在最重要但不一定最紧急的任务是什么？,recency_similarity_hybrid,u001_e016,Recent irrelevant side matter,0.504225,u001_e002|u001_e001|u001_e004,0.0,0.0,0.0,0.0,0.0,77,0.0
1,u001,u001_q004,task,task_priority,现在最重要但不一定最紧急的任务是什么？,proposed_TMT_decay_event_memory,u001_e015,Mixed review and reminder,0.854386,u001_e002|u001_e001|u001_e004,0.0,0.0,0.0,0.0,0.0,83,0.0
2,u001,u001_q004,task,task_priority,现在最重要但不一定最紧急的任务是什么？,recency_only,u001_e014|u001_e015,Mixed planning for today|Mixed review and reminder,1.0|1.0,u001_e002|u001_e001|u001_e004,0.0,0.0,0.0,0.0,0.0,175,0.0
2,u001,u001_q004,task,task_priority,现在最重要但不一定最紧急的任务是什么？,similarity_only,u001_e002|u001_e016,论文实验复现 planning|Recent irrelevant side matter,0.119403|0.098592,u001_e002|u001_e001|u001_e004,0.3333333333333333,0.3333333333333333,1.0,0.3333333333333333,0.5701406500739014,141,0.0
2,u001,u001_q004,task,task_priority,现在最重要但不一定最紧急的任务是什么？,recency_similarity_hybrid,u001_e016|u001_e015,Recent irrelevant side matter|Mixed review and reminder,0.504225|0.478947,u001_e002|u001_e001|u001_e004,0.0,0.0,0.0,0.0,0.0,160,0.0
2,u001,u001_q004,task,task_priority,现在最重要但不一定最紧急的任务是什么？,proposed_TMT_decay_event_memory,u001_e015|u001_e014,Mixed review and reminder|Mixed planning for today,0.854386|0.784319,u001_e002|u001_e001|u001_e004,0.0,0.0,0.0,0.0,0.0,175,0.0
3,u001,u001_q004,task,task_priority,现在最重要但不一定最紧急的任务是什么？,recency_only,u001_e014|u001_e015|u001_e016,Mixed planning for today|Mixed review and reminder|Recent irrelevant side matter,1.0|1.0|1.0,u001_e002|u001_e001|u001_e004,0.0,0.0,0.0,0.0,0.0,252,0.0
3,u001,u001_q004,task,task_priority,现在最重要但不一定最紧急的任务是什么？,similarity_only,u001_e002|u001_e016|u001_e003,论文实验复现 planning|Recent irrelevant side matter|健身计划 planning,0.119403|0.098592|0.069444,u001_e002|u001_e001|u001_e004,0.3333333333333333,0.3333333333333333,1.0,0.3333333333333333,0.5701406500739014,213,0.0
3,u001,u001_q004,task,task_priority,现在最重要但不一定最紧急的任务是什么？,recency_similarity_hybrid,u001_e016|u001_e015|u001_e018,Recent irrelevant side matter|Mixed review and reminder|Urgent wrong domain,0.504225|0.478947|0.478205,u001_e002|u001_e001|u001_e004,0.0,0.0,0.0,0.0,0.0,243,0.0
3,u001,u001_q004,task,task_priority,现在最重要但不一定最紧急的任务是什么？,proposed_TMT_decay_event_memory,u001_e015|u001_e014|u001_e007,Mixed review and reminder|Mixed planning for today|健身计划 status update,0.854386|0.784319|0.758506,u001_e002|u001_e001|u001_e004,0.0,0.0,0.0,0.0,0.0,247,0.0
1,u001,u001_q005,task,task_status,课程项目汇报还有什么没完成？,recency_only,u001_e014,Mixed planning for today,1.0,u001_e005|u001_e001|u001_e017,0.0,0.0,0.0,0.0,0.0,93,0.0
1,u001,u001_q005,task,task_status,课程项目汇报还有什么没完成？,similarity_only,u001_e005,课程项目汇报 status update,0.153846,u001_e005|u001_e001|u001_e017,0.3333333333333333,0.0,1.0,0.3333333333333333,0.5562983930884396,64,0.0
1,u001,u001_q005,task,task_status,课程项目汇报还有什么没完成？,recency_similarity_hybrid,u001_e018,Urgent wrong domain,0.504225,u001_e005|u001_e001|u001_e017,0.0,0.0,0.0,0.0,0.0,83,0.0
1,u001,u001_q005,task,task_status,课程项目汇报还有什么没完成？,proposed_TMT_decay_event_memory,u001_e014,Mixed planning for today,0.859771,u001_e005|u001_e001|u001_e017,0.0,0.0,0.0,0.0,0.0,93,0.0
2,u001,u001_q005,task,task_status,课程项目汇报还有什么没完成？,recency_only,u001_e014|u001_e015,Mixed planning for today|Mixed review and reminder,1.0|1.0,u001_e005|u001_e001|u001_e017,0.0,0.0,0.0,0.0,0.0,175,0.0
2,u001,u001_q005,task,task_status,课程项目汇报还有什么没完成？,similarity_only,u001_e005|u001_e007,课程项目汇报 status update|健身计划 status update,0.153846|0.123077,u001_e005|u001_e001|u001_e017,0.3333333333333333,0.0,1.0,0.3333333333333333,0.5562983930884396,136,0.0
2,u001,u001_q005,task,task_status,课程项目汇报还有什么没完成？,recency_similarity_hybrid,u001_e018|u001_e014,Urgent wrong domain|Mixed planning for today,0.504225|0.492857,u001_e005|u001_e001|u001_e017,0.0,0.0,0.0,0.0,0.0,175,0.0
2,u001,u001_q005,task,task_status,课程项目汇报还有什么没完成？,proposed_TMT_decay_event_memory,u001_e014|u001_e015,Mixed planning for today|Mixed review and reminder,0.859771|0.844676,u001_e005|u001_e001|u001_e017,0.0,0.0,0.0,0.0,0.0,175,0.0
3,u001,u001_q005,task,task_status,课程项目汇报还有什么没完成？,recency_only,u001_e014|u001_e015|u001_e016,Mixed planning for today|Mixed review and reminder|Recent irrelevant side matter,1.0|1.0|1.0,u001_e005|u001_e001|u001_e017,0.0,0.0,0.0,0.0,0.0,252,0.0
3,u001,u001_q005,task,task_status,课程项目汇报还有什么没完成？,similarity_only,u001_e005|u001_e007|u001_e017,课程项目汇报 status update|健身计划 status update|Semantic similar wrong status,0.153846|0.123077|0.115942,u001_e005|u001_e001|u001_e017,0.6666666666666666,0.0,1.0,0.6666666666666666,0.649014791936513,219,0.0
3,u001,u001_q005,task,task_status,课程项目汇报还有什么没完成？,recency_similarity_hybrid,u001_e018|u001_e014|u001_e015,Urgent wrong domain|Mixed planning for today|Mixed review and reminder,0.504225|0.492857|0.457333,u001_e005|u001_e001|u001_e017,0.0,0.0,0.0,0.0,0.0,258,0.0
3,u001,u001_q005,task,task_status,课程项目汇报还有什么没完成？,proposed_TMT_decay_event_memory,u001_e014|u001_e015|u001_e001,Mixed planning for today|Mixed review and reminder|课程项目汇报 planning,0.859771|0.844676|0.813102,u001_e005|u001_e001|u001_e017,0.3333333333333333,1.0,0.0,0.3333333333333333,0.2781491965442198,237,0.0
1,u001,u001_q006,task,task_status,论文实验复现的资料收集完成了吗？,recency_only,u001_e014,Mixed planning for today,1.0,u001_e006,0.0,1.0,0.0,0.0,0.0,93,0.0
1,u001,u001_q006,task,task_status,论文实验复现的资料收集完成了吗？,similarity_only,u001_e010,论文实验复现 dependency discussion,0.20339,u001_e006,0.0,1.0,0.0,0.0,0.0,82,0.0
1,u001,u001_q006,task,task_status,论文实验复现的资料收集完成了吗？,recency_similarity_hybrid,u001_e015,Mixed review and reminder,0.495833,u001_e006,0.0,1.0,0.0,0.0,0.0,83,0.0
1,u001,u001_q006,task,task_status,论文实验复现的资料收集完成了吗？,proposed_TMT_decay_event_memory,u001_e015,Mixed review and reminder,0.92202,u001_e006,0.0,1.0,0.0,0.0,0.0,83,0.0
2,u001,u001_q006,task,task_status,论文实验复现的资料收集完成了吗？,recency_only,u001_e014|u001_e015,Mixed planning for today|Mixed review and reminder,1.0|1.0,u001_e006,0.0,1.0,0.0,0.0,0.0,175,0.0
2,u001,u001_q006,task,task_status,论文实验复现的资料收集完成了吗？,similarity_only,u001_e010|u001_e006,论文实验复现 dependency discussion|论文实验复现 status update,0.20339|0.140625,u001_e006,1.0,1.0,0.0,1.0,0.6309297535714574,156,1.0
2,u001,u001_q006,task,task_status,论文实验复现的资料收集完成了吗？,recency_similarity_hybrid,u001_e015|u001_e016,Mixed review and reminder|Recent irrelevant side matter,0.495833|0.472603,u001_e006,0.0,1.0,0.0,0.0,0.0,160,0.0
2,u001,u001_q006,task,task_status,论文实验复现的资料收集完成了吗？,proposed_TMT_decay_event_memory,u001_e015|u001_e014,Mixed review and reminder|Mixed planning for today,0.92202|0.784319,u001_e006,0.0,1.0,0.0,0.0,0.0,175,0.0
3,u001,u001_q006,task,task_status,论文实验复现的资料收集完成了吗？,recency_only,u001_e014|u001_e015|u001_e016,Mixed planning for today|Mixed review and reminder|Recent irrelevant side matter,1.0|1.0|1.0,u001_e006,0.0,1.0,0.0,0.0,0.0,252,0.0
3,u001,u001_q006,task,task_status,论文实验复现的资料收集完成了吗？,similarity_only,u001_e010|u001_e006|u001_e002,论文实验复现 dependency discussion|论文实验复现 status update|论文实验复现 planning,0.20339|0.140625|0.123077,u001_e006,1.0,1.0,0.0,1.0,0.6309297535714574,220,1.0
3,u001,u001_q006,task,task_status,论文实验复现的资料收集完成了吗？,recency_similarity_hybrid,u001_e015|u001_e016|u001_e018,Mixed review and reminder|Recent irrelevant side matter|Urgent wrong domain,0.495833|0.472603|0.456962,u001_e006,0.0,1.0,0.0,0.0,0.0,243,0.0
3,u001,u001_q006,task,task_status,论文实验复现的资料收集完成了吗？,proposed_TMT_decay_event_memory,u001_e015|u001_e014|u001_e007,Mixed review and reminder|Mixed planning for today|健身计划 status update,0.92202|0.784319|0.758506,u001_e006,0.0,1.0,0.0,0.0,0.0,247,0.0
1,u001,u001_q007,task,task_status,健身计划那个过期事项现在应该怎么处理？,recency_only,u001_e014,Mixed planning for today,1.0,u001_e007,0.0,0.0,0.0,0.0,0.0,93,0.0
1,u001,u001_q007,task,task_status,健身计划那个过期事项现在应该怎么处理？,similarity_only,u001_e007,健身计划 status update,0.114286,u001_e007,1.0,1.0,1.0,1.0,1.0,72,1.0
1,u001,u001_q007,task,task_status,健身计划那个过期事项现在应该怎么处理？,recency_similarity_hybrid,u001_e018,Urgent wrong domain,0.500658,u001_e007,0.0,0.0,0.0,0.0,0.0,83,0.0
1,u001,u001_q007,task,task_status,健身计划那个过期事项现在应该怎么处理？,proposed_TMT_decay_event_memory,u001_e015,Mixed review and reminder,0.854073,u001_e007,0.0,0.0,0.0,0.0,0.0,83,0.0
2,u001,u001_q007,task,task_status,健身计划那个过期事项现在应该怎么处理？,recency_only,u001_e014|u001_e015,Mixed planning for today|Mixed review and reminder,1.0|1.0,u001_e007,0.0,0.0,0.0,0.0,0.0,175,0.0
2,u001,u001_q007,task,task_status,健身计划那个过期事项现在应该怎么处理？,similarity_only,u001_e007|u001_e018,健身计划 status update|Urgent wrong domain,0.114286|0.092105,u001_e007,1.0,1.0,1.0,1.0,1.0,155,1.0
2,u001,u001_q007,task,task_status,健身计划那个过期事项现在应该怎么处理？,recency_similarity_hybrid,u001_e018|u001_e015,Urgent wrong domain|Mixed review and reminder,0.500658|0.478571,u001_e007,0.0,0.0,0.0,0.0,0.0,166,0.0
2,u001,u001_q007,task,task_status,健身计划那个过期事项现在应该怎么处理？,proposed_TMT_decay_event_memory,u001_e015|u001_e007,Mixed review and reminder|健身计划 status update,0.854073|0.802868,u001_e007,1.0,1.0,0.0,1.0,0.6309297535714574,155,1.0
3,u001,u001_q007,task,task_status,健身计划那个过期事项现在应该怎么处理？,recency_only,u001_e014|u001_e015|u001_e016,Mixed planning for today|Mixed review and reminder|Recent irrelevant side matter,1.0|1.0|1.0,u001_e007,0.0,0.0,0.0,0.0,0.0,252,0.0
3,u001,u001_q007,task,task_status,健身计划那个过期事项现在应该怎么处理？,similarity_only,u001_e007|u001_e018|u001_e011,健身计划 status update|Urgent wrong domain|Stable preference and profile,0.114286|0.092105|0.084211,u001_e007,1.0,1.0,1.0,1.0,1.0,211,1.0
3,u001,u001_q007,task,task_status,健身计划那个过期事项现在应该怎么处理？,recency_similarity_hybrid,u001_e018|u001_e015|u001_e014,Urgent wrong domain|Mixed review and reminder|Mixed planning for today,0.500658|0.478571|0.469412,u001_e007,0.0,0.0,0.0,0.0,0.0,258,0.0
3,u001,u001_q007,task,task_status,健身计划那个过期事项现在应该怎么处理？,proposed_TMT_decay_event_memory,u001_e015|u001_e007|u001_e014,Mixed review and reminder|健身计划 status update|Mixed planning for today,0.854073|0.802868|0.793121,u001_e007,1.0,1.0,0.0,1.0,0.6309297535714574,247,1.0
1,u001,u001_q008,task,task_context,课程项目汇报为什么现在还不能最终完成？,recency_only,u001_e014,Mixed planning for today,1.0,u001_e009|u001_e005,0.0,0.0,0.0,0.0,0.0,93,0.0
1,u001,u001_q008,task,task_context,课程项目汇报为什么现在还不能最终完成？,similarity_only,u001_e005,课程项目汇报 status update,0.140351,u001_e009|u001_e005,0.5,0.0,1.0,0.5,0.46927872602275644,64,0.0
1,u001,u001_q008,task,task_context,课程项目汇报为什么现在还不能最终完成？,recency_similarity_hybrid,u001_e018,Urgent wrong domain,0.500658,u001_e009|u001_e005,0.0,0.0,0.0,0.0,0.0,83,0.0
1,u001,u001_q008,task,task_context,课程项目汇报为什么现在还不能最终完成？,proposed_TMT_decay_event_memory,u001_e015,Mixed review and reminder,0.854073,u001_e009|u001_e005,0.0,0.0,0.0,0.0,0.0,83,0.0
2,u001,u001_q008,task,task_context,课程项目汇报为什么现在还不能最终完成？,recency_only,u001_e014|u001_e015,Mixed planning for today|Mixed review and reminder,1.0|1.0,u001_e009|u001_e005,0.0,0.0,0.0,0.0,0.0,175,0.0
2,u001,u001_q008,task,task_context,课程项目汇报为什么现在还不能最终完成？,similarity_only,u001_e005|u001_e007,课程项目汇报 status update|健身计划 status update,0.140351|0.114286,u001_e009|u001_e005,0.5,0.0,1.0,0.5,0.46927872602275644,136,0.0
2,u001,u001_q008,task,task_context,课程项目汇报为什么现在还不能最终完成？,recency_similarity_hybrid,u001_e018|u001_e014,Urgent wrong domain|Mixed planning for today,0.500658|0.490244,u001_e009|u001_e005,0.0,0.0,0.0,0.0,0.0,175,0.0
2,u001,u001_q008,task,task_context,课程项目汇报为什么现在还不能最终完成？,proposed_TMT_decay_event_memory,u001_e015|u001_e014,Mixed review and reminder|Mixed planning for today,0.854073|0.84675,u001_e009|u001_e005,0.0,0.0,0.0,0.0,0.0,175,0.0
3,u001,u001_q008,task,task_context,课程项目汇报为什么现在还不能最终完成？,recency_only,u001_e014|u001_e015|u001_e016,Mixed planning for today|Mixed review and reminder|Recent irrelevant side matter,1.0|1.0|1.0,u001_e009|u001_e005,0.0,0.0,0.0,0.0,0.0,252,0.0
3,u001,u001_q008,task,task_context,课程项目汇报为什么现在还不能最终完成？,similarity_only,u001_e005|u001_e007|u001_e017,课程项目汇报 status update|健身计划 status update|Semantic similar wrong status,0.140351|0.114286|0.108108,u001_e009|u001_e005,0.5,0.0,1.0,0.5,0.46927872602275644,219,0.0
3,u001,u001_q008,task,task_context,课程项目汇报为什么现在还不能最终完成？,recency_similarity_hybrid,u001_e018|u001_e014|u001_e015,Urgent wrong domain|Mixed planning for today|Mixed review and reminder,0.500658|0.490244|0.463924,u001_e009|u001_e005,0.0,0.0,0.0,0.0,0.0,258,0.0
3,u001,u001_q008,task,task_context,课程项目汇报为什么现在还不能最终完成？,proposed_TMT_decay_event_memory,u001_e015|u001_e014|u001_e001,Mixed review and reminder|Mixed planning for today|课程项目汇报 planning,0.854073|0.84675|0.799382,u001_e009|u001_e005,0.0,0.0,0.0,0.0,0.0,237,0.0
1,u001,u001_q009,task,task_context,奖学金材料当前有效计划是什么？,recency_only,u001_e014,Mixed planning for today,1.0,u001_e008|u001_e020,0.0,1.0,0.0,0.0,0.0,93,0.0
1,u001,u001_q009,task,task_context,奖学金材料当前有效计划是什么？,similarity_only,u001_e004,奖学金材料 planning,0.112903,u001_e008|u001_e020,0.0,1.0,0.0,0.0,0.0,72,0.0
1,u001,u001_q009,task,task_context,奖学金材料当前有效计划是什么？,recency_similarity_hybrid,u001_e018,Urgent wrong domain,0.471711,u001_e008|u001_e020,0.0,1.0,0.0,0.0,0.0,83,0.0
1,u001,u001_q009,task,task_context,奖学金材料当前有效计划是什么？,proposed_TMT_decay_event_memory,u001_e015,Mixed review and reminder,0.844676,u001_e008|u001_e020,0.0,1.0,0.0,0.0,0.0,83,0.0
2,u001,u001_q009,task,task_context,奖学金材料当前有效计划是什么？,recency_only,u001_e014|u001_e015,Mixed planning for today|Mixed review and reminder,1.0|1.0,u001_e008|u001_e020,0.0,1.0,0.0,0.0,0.0,175,0.0
2,u001,u001_q009,task,task_context,奖学金材料当前有效计划是什么？,similarity_only,u001_e004|u001_e008,奖学金材料 planning|奖学金材料 status update,0.112903|0.107692,u001_e008|u001_e020,0.5,1.0,0.0,0.5,0.52129602861432,146,0.0
2,u001,u001_q009,task,task_context,奖学金材料当前有效计划是什么？,recency_similarity_hybrid,u001_e018|u001_e014,Urgent wrong domain|Mixed planning for today,0.471711|0.456627,u001_e008|u001_e020,0.0,1.0,0.0,0.0,0.0,175,0.0
2,u001,u001_q009,task,task_context,奖学金材料当前有效计划是什么？,proposed_TMT_decay_event_memory,u001_e015|u001_e014,Mixed review and reminder|Mixed planning for today,0.844676|0.784319,u001_e008|u001_e020,0.0,1.0,0.0,0.0,0.0,175,0.0
3,u001,u001_q009,task,task_context,奖学金材料当前有效计划是什么？,recency_only,u001_e014|u001_e015|u001_e016,Mixed planning for today|Mixed review and reminder|Recent irrelevant side matter,1.0|1.0|1.0,u001_e008|u001_e020,0.0,1.0,0.0,0.0,0.0,252,0.0
3,u001,u001_q009,task,task_context,奖学金材料当前有效计划是什么？,similarity_only,u001_e004|u001_e008|u001_e020,奖学金材料 planning|奖学金材料 status update|Superseded MU distractor,0.112903|0.107692|0.085714,u001_e008|u001_e020,1.0,1.0,0.0,1.0,0.6590018048024133,228,1.0
3,u001,u001_q009,task,task_context,奖学金材料当前有效计划是什么？,recency_similarity_hybrid,u001_e018|u001_e014|u001_e015,Urgent wrong domain|Mixed planning for today|Mixed review and reminder,0.471711|0.456627|0.45,u001_e008|u001_e020,0.0,1.0,0.0,0.0,0.0,258,0.0
3,u001,u001_q009,task,task_context,奖学金材料当前有效计划是什么？,proposed_TMT_decay_event_memory,u001_e015|u001_e014|u001_e007,Mixed review and reminder|Mixed planning for today|健身计划 status update,0.844676|0.784319|0.782166,u001_e008|u001_e020,0.0,1.0,0.0,0.0,0.0,247,0.0
1,u001,u001_q010,task,task_dependency,做课程项目汇报前还缺什么依赖？,recency_only,u001_e014,Mixed planning for today,1.0,u001_e009|u001_e014,0.5,0.0,1.0,0.5,0.46927872602275644,93,0.0
1,u001,u001_q010,task,task_dependency,做课程项目汇报前还缺什么依赖？,similarity_only,u001_e009,课程项目汇报 dependency discussion,0.147541,u001_e009|u001_e014,0.5,1.0,1.0,0.5,0.7039180890341347,86,0.0
1,u001,u001_q010,task,task_dependency,做课程项目汇报前还缺什么依赖？,recency_similarity_hybrid,u001_e018,Urgent wrong domain,0.495205,u001_e009|u001_e014,0.0,0.0,0.0,0.0,0.0,83,0.0
1,u001,u001_q010,task,task_dependency,做课程项目汇报前还缺什么依赖？,proposed_TMT_decay_event_memory,u001_e014,Mixed planning for today,0.85675,u001_e009|u001_e014,0.5,0.0,1.0,0.5,0.46927872602275644,93,0.0
2,u001,u001_q010,task,task_dependency,做课程项目汇报前还缺什么依赖？,recency_only,u001_e014|u001_e015,Mixed planning for today|Mixed review and reminder,1.0|1.0,u001_e009|u001_e014,0.5,0.0,1.0,0.5,0.46927872602275644,175,0.0
2,u001,u001_q010,task,task_dependency,做课程项目汇报前还缺什么依赖？,similarity_only,u001_e009|u001_e005,课程项目汇报 dependency discussion|课程项目汇报 status update,0.147541|0.109091,u001_e009|u001_e014,0.5,1.0,1.0,0.5,0.7039180890341347,150,0.0
2,u001,u001_q010,task,task_dependency,做课程项目汇报前还缺什么依赖？,recency_similarity_hybrid,u001_e018|u001_e014,Urgent wrong domain|Mixed planning for today,0.495205|0.492308,u001_e009|u001_e014,0.5,0.0,0.0,0.5,0.2960819109658652,175,0.0
2,u001,u001_q010,task,task_dependency,做课程项目汇报前还缺什么依赖？,proposed_TMT_decay_event_memory,u001_e014|u001_e015,Mixed planning for today|Mixed review and reminder,0.85675|0.844676,u001_e009|u001_e014,0.5,0.0,1.0,0.5,0.46927872602275644,175,0.0
3,u001,u001_q010,task,task_dependency,做课程项目汇报前还缺什么依赖？,recency_only,u001_e014|u001_e015|u001_e016,Mixed planning for today|Mixed review and reminder|Recent irrelevant side matter,1.0|1.0|1.0,u001_e009|u001_e014,0.5,0.0,1.0,0.5,0.46927872602275644,252,0.0
3,u001,u001_q010,task,task_dependency,做课程项目汇报前还缺什么依赖？,similarity_only,u001_e009|u001_e005|u001_e007,课程项目汇报 dependency discussion|课程项目汇报 status update|健身计划 status update,0.147541|0.109091|0.088235,u001_e009|u001_e014,0.5,1.0,1.0,0.5,0.7039180890341347,222,0.0
3,u001,u001_q010,task,task_dependency,做课程项目汇报前还缺什么依赖？,recency_similarity_hybrid,u001_e018|u001_e014|u001_e015,Urgent wrong domain|Mixed planning for today|Mixed review and reminder,0.495205|0.492308|0.472297,u001_e009|u001_e014,0.5,0.0,0.0,0.5,0.2960819109658652,258,0.0
3,u001,u001_q010,task,task_dependency,做课程项目汇报前还缺什么依赖？,proposed_TMT_decay_event_memory,u001_e014|u001_e015|u001_e001,Mixed planning for today|Mixed review and reminder|课程项目汇报 planning,0.85675|0.844676|0.809912,u001_e009|u001_e014,0.5,0.0,1.0,0.5,0.46927872602275644,237,0.0
1,u001,u001_q011,task,task_dependency,论文实验复现卡住的前置条件是什么？,recency_only,u001_e014,Mixed planning for today,1.0,u001_e010|u001_e006|u001_e015,0.0,1.0,0.0,0.0,0.0,93,0.0
1,u001,u001_q011,task,task_dependency,论文实验复现卡住的前置条件是什么？,similarity_only,u001_e010,论文实验复现 dependency discussion,0.107692,u001_e010|u001_e006|u001_e015,0.3333333333333333,1.0,1.0,0.3333333333333333,0.5090967735771897,82,0.0
1,u001,u001_q011,task,task_dependency,论文实验复现卡住的前置条件是什么？,recency_similarity_hybrid,u001_e015,Mixed review and reminder,0.495205,u001_e010|u001_e006|u001_e015,0.3333333333333333,1.0,1.0,0.3333333333333333,0.3393978490514598,83,0.0
1,u001,u001_q011,task,task_dependency,论文实验复现卡住的前置条件是什么？,proposed_TMT_decay_event_memory,u001_e015,Mixed review and reminder,0.91875,u001_e010|u001_e006|u001_e015,0.3333333333333333,1.0,1.0,0.3333333333333333,0.3393978490514598,83,0.0
2,u001,u001_q011,task,task_dependency,论文实验复现卡住的前置条件是什么？,recency_only,u001_e014|u001_e015,Mixed planning for today|Mixed review and reminder,1.0|1.0,u001_e010|u001_e006|u001_e015,0.3333333333333333,1.0,0.0,0.3333333333333333,0.21413620126472027,175,0.0
2,u001,u001_q011,task,task_dependency,论文实验复现卡住的前置条件是什么？,similarity_only,u001_e010|u001_e002,论文实验复现 dependency discussion|论文实验复现 planning,0.107692|0.104478,u001_e010|u001_e006|u001_e015,0.3333333333333333,1.0,1.0,0.3333333333333333,0.5090967735771897,146,0.0
2,u001,u001_q011,task,task_dependency,论文实验复现卡住的前置条件是什么？,recency_similarity_hybrid,u001_e015|u001_e016,Mixed review and reminder|Recent irrelevant side matter,0.495205|0.464667,u001_e010|u001_e006|u001_e015,0.3333333333333333,1.0,1.0,0.3333333333333333,0.3393978490514598,160,0.0
2,u001,u001_q011,task,task_dependency,论文实验复现卡住的前置条件是什么？,proposed_TMT_decay_event_memory,u001_e015|u001_e014,Mixed review and reminder|Mixed planning for today,0.91875|0.784319,u001_e010|u001_e006|u001_e015,0.3333333333333333,1.0,1.0,0.3333333333333333,0.3393978490514598,175,0.0
3,u001,u001_q011,task,task_dependency,论文实验复现卡住的前置条件是什么？,recency_only,u001_e014|u001_e015|u001_e016,Mixed planning for today|Mixed review and reminder|Recent irrelevant side matter,1.0|1.0|1.0,u001_e010|u001_e006|u001_e015,0.3333333333333333,1.0,0.0,0.3333333333333333,0.21413620126472027,252,0.0
3,u001,u001_q011,task,task_dependency,论文实验复现卡住的前置条件是什么？,similarity_only,u001_e010|u001_e002|u001_e006,论文实验复现 dependency discussion|论文实验复现 planning|论文实验复现 status update,0.107692|0.104478|0.088235,u001_e010|u001_e006|u001_e015,0.6666666666666666,1.0,1.0,0.6666666666666666,0.7636451603657846,220,0.0
3,u001,u001_q011,task,task_dependency,论文实验复现卡住的前置条件是什么？,recency_similarity_hybrid,u001_e015|u001_e016|u001_e018,Mixed review and reminder|Recent irrelevant side matter|Urgent wrong domain,0.495205|0.464667|0.456875,u001_e010|u001_e006|u001_e015,0.3333333333333333,1.0,1.0,0.3333333333333333,0.3393978490514598,243,0.0
3,u001,u001_q011,task,task_dependency,论文实验复现卡住的前置条件是什么？,proposed_TMT_decay_event_memory,u001_e015|u001_e014|u001_e007,Mixed review and reminder|Mixed planning for today|健身计划 status update,0.91875|0.784319|0.758506,u001_e010|u001_e006|u001_e015,0.3333333333333333,1.0,1.0,0.3333333333333333,0.3393978490514598,247,0.0
1,u001,u001_q012,chat,chat_preference,我做计划时有什么稳定偏好？,recency_only,u001_e014,Mixed planning for today,1.0,u001_e011|u001_e019,0.0,,0.0,0.0,0.0,93,0.0
1,u001,u001_q012,chat,chat_preference,我做计划时有什么稳定偏好？,similarity_only,u001_e019,Old but stable preference,0.092308,u001_e011|u001_e019,0.5,,1.0,0.5,0.6131471927654584,85,0.0
1,u001,u001_q012,chat,chat_preference,我做计划时有什么稳定偏好？,recency_similarity_hybrid,u001_e014,Mixed planning for today,0.478205,u001_e011|u001_e019,0.0,,0.0,0.0,0.0,93,0.0
1,u001,u001_q012,chat,chat_preference,我做计划时有什么稳定偏好？,proposed_TMT_decay_event_memory,u001_e014,Mixed planning for today,0.891388,u001_e011|u001_e019,0.0,,0.0,0.0,0.0,93,0.0
2,u001,u001_q012,chat,chat_preference,我做计划时有什么稳定偏好？,recency_only,u001_e014|u001_e015,Mixed planning for today|Mixed review and reminder,1.0|1.0,u001_e011|u001_e019,0.0,,0.0,0.0,0.0,175,0.0
2,u001,u001_q012,chat,chat_preference,我做计划时有什么稳定偏好？,similarity_only,u001_e019|u001_e011,Old but stable preference|Stable preference and profile,0.092308|0.065934,u001_e011|u001_e019,1.0,,1.0,1.0,1.0,141,1.0
2,u001,u001_q012,chat,chat_preference,我做计划时有什么稳定偏好？,recency_similarity_hybrid,u001_e014|u001_e015,Mixed planning for today|Mixed review and reminder,0.478205|0.472917,u001_e011|u001_e019,0.0,,0.0,0.0,0.0,175,0.0
2,u001,u001_q012,chat,chat_preference,我做计划时有什么稳定偏好？,proposed_TMT_decay_event_memory,u001_e014|u001_e015,Mixed planning for today|Mixed review and reminder,0.891388|0.849317,u001_e011|u001_e019,0.0,,0.0,0.0,0.0,175,0.0
3,u001,u001_q012,chat,chat_preference,我做计划时有什么稳定偏好？,recency_only,u001_e014|u001_e015|u001_e016,Mixed planning for today|Mixed review and reminder|Recent irrelevant side matter,1.0|1.0|1.0,u001_e011|u001_e019,0.0,,0.0,0.0,0.0,252,0.0
3,u001,u001_q012,chat,chat_preference,我做计划时有什么稳定偏好？,similarity_only,u001_e019|u001_e011|u001_e014,Old but stable preference|Stable preference and profile|Mixed planning for today,0.092308|0.065934|0.051282,u001_e011|u001_e019,1.0,,1.0,1.0,1.0,233,1.0
3,u001,u001_q012,chat,chat_preference,我做计划时有什么稳定偏好？,recency_similarity_hybrid,u001_e014|u001_e015|u001_e018,Mixed planning for today|Mixed review and reminder|Urgent wrong domain,0.478205|0.472917|0.472297,u001_e011|u001_e019,0.0,,0.0,0.0,0.0,258,0.0
3,u001,u001_q012,chat,chat_preference,我做计划时有什么稳定偏好？,proposed_TMT_decay_event_memory,u001_e014|u001_e015|u001_e010,Mixed planning for today|Mixed review and reminder|论文实验复现 dependency discussion,0.891388|0.849317|0.825251,u001_e011|u001_e019,0.0,,0.0,0.0,0.0,257,0.0
1,u001,u001_q013,chat,chat_preference,关于深度工作时间，我现在应该遵循哪个偏好？,recency_only,u001_e014,Mixed planning for today,1.0,u001_e013|u001_e012,0.0,,0.0,0.0,0.0,93,0.0
1,u001,u001_q013,chat,chat_preference,关于深度工作时间，我现在应该遵循哪个偏好？,similarity_only,u001_e013,Updated preference record,0.117647,u001_e013|u001_e012,0.5,,1.0,0.5,0.8262346571285599,73,0.0
1,u001,u001_q013,chat,chat_preference,关于深度工作时间，我现在应该遵循哪个偏好？,recency_similarity_hybrid,u001_e014,Mixed planning for today,0.482738,u001_e013|u001_e012,0.0,,0.0,0.0,0.0,93,0.0
1,u001,u001_q013,chat,chat_preference,关于深度工作时间，我现在应该遵循哪个偏好？,proposed_TMT_decay_event_memory,u001_e014,Mixed planning for today,0.891388,u001_e013|u001_e012,0.0,,0.0,0.0,0.0,93,0.0
2,u001,u001_q013,chat,chat_preference,关于深度工作时间，我现在应该遵循哪个偏好？,recency_only,u001_e014|u001_e015,Mixed planning for today|Mixed review and reminder,1.0|1.0,u001_e013|u001_e012,0.0,,0.0,0.0,0.0,175,0.0
2,u001,u001_q013,chat,chat_preference,关于深度工作时间，我现在应该遵循哪个偏好？,similarity_only,u001_e013|u001_e012,Updated preference record|Old preference record,0.117647|0.082192,u001_e013|u001_e012,1.0,,1.0,1.0,1.0,144,1.0
2,u001,u001_q013,chat,chat_preference,关于深度工作时间，我现在应该遵循哪个偏好？,recency_similarity_hybrid,u001_e014|u001_e013,Mixed planning for today|Updated preference record,0.482738|0.479733,u001_e013|u001_e012,0.5,,0.0,0.5,0.52129602861432,165,0.0
2,u001,u001_q013,chat,chat_preference,关于深度工作时间，我现在应该遵循哪个偏好？,proposed_TMT_decay_event_memory,u001_e014|u001_e015,Mixed planning for today|Mixed review and reminder,0.891388|0.856569,u001_e013|u001_e012,0.0,,0.0,0.0,0.0,175,0.0
3,u001,u001_q013,chat,chat_preference,关于深度工作时间，我现在应该遵循哪个偏好？,recency_only,u001_e014|u001_e015|u001_e016,Mixed planning for today|Mixed review and reminder|Recent irrelevant side matter,1.0|1.0|1.0,u001_e013|u001_e012,0.0,,0.0,0.0,0.0,252,0.0
3,u001,u001_q013,chat,chat_preference,关于深度工作时间，我现在应该遵循哪个偏好？,similarity_only,u001_e013|u001_e012|u001_e019,Updated preference record|Old preference record|Old but stable preference,0.117647|0.082192|0.068493,u001_e013|u001_e012,1.0,,1.0,1.0,1.0,229,1.0
3,u001,u001_q013,chat,chat_preference,关于深度工作时间，我现在应该遵循哪个偏好？,recency_similarity_hybrid,u001_e014|u001_e013|u001_e016,Mixed planning for today|Updated preference record|Recent irrelevant side matter,0.482738|0.479733|0.478947,u001_e013|u001_e012,0.5,,0.0,0.5,0.52129602861432,242,0.0
3,u001,u001_q013,chat,chat_preference,关于深度工作时间，我现在应该遵循哪个偏好？,proposed_TMT_decay_event_memory,u001_e014|u001_e015|u001_e010,Mixed planning for today|Mixed review and reminder|论文实验复现 dependency discussion,0.891388|0.856569|0.836399,u001_e013|u001_e012,0.0,,0.0,0.0,0.0,257,0.0
1,u001,u001_q014,chat,chat_profile,我的背景和主要任务场景是什么？,recency_only,u001_e014,Mixed planning for today,1.0,u001_e011|u001_e001,0.0,,0.0,0.0,0.0,93,0.0
1,u001,u001_q014,chat,chat_profile,我的背景和主要任务场景是什么？,similarity_only,u001_e016,Recent irrelevant side matter,0.072464,u001_e011|u001_e001,0.0,,0.0,0.0,0.0,77,0.0
1,u001,u001_q014,chat,chat_profile,我的背景和主要任务场景是什么？,recency_similarity_hybrid,u001_e016,Recent irrelevant side matter,0.489855,u001_e011|u001_e001,0.0,,0.0,0.0,0.0,77,0.0
1,u001,u001_q014,chat,chat_profile,我的背景和主要任务场景是什么？,proposed_TMT_decay_event_memory,u001_e014,Mixed planning for today,0.891388,u001_e011|u001_e001,0.0,,0.0,0.0,0.0,93,0.0
2,u001,u001_q014,chat,chat_profile,我的背景和主要任务场景是什么？,recency_only,u001_e014|u001_e015,Mixed planning for today|Mixed review and reminder,1.0|1.0,u001_e011|u001_e001,0.0,,0.0,0.0,0.0,175,0.0
2,u001,u001_q014,chat,chat_profile,我的背景和主要任务场景是什么？,similarity_only,u001_e016|u001_e011,Recent irrelevant side matter|Stable preference and profile,0.072464|0.065217,u001_e011|u001_e001,0.5,,0.0,0.5,0.44412286644879784,133,0.0
2,u001,u001_q014,chat,chat_profile,我的背景和主要任务场景是什么？,recency_similarity_hybrid,u001_e016|u001_e015,Recent irrelevant side matter|Mixed review and reminder,0.489855|0.480556,u001_e011|u001_e001,0.0,,0.0,0.0,0.0,160,0.0
2,u001,u001_q014,chat,chat_profile,我的背景和主要任务场景是什么？,proposed_TMT_decay_event_memory,u001_e014|u001_e015,Mixed planning for today|Mixed review and reminder,0.891388|0.849317,u001_e011|u001_e001,0.0,,0.0,0.0,0.0,175,0.0
3,u001,u001_q014,chat,chat_profile,我的背景和主要任务场景是什么？,recency_only,u001_e014|u001_e015|u001_e016,Mixed planning for today|Mixed review and reminder|Recent irrelevant side matter,1.0|1.0|1.0,u001_e011|u001_e001,0.0,,0.0,0.0,0.0,252,0.0
3,u001,u001_q014,chat,chat_profile,我的背景和主要任务场景是什么？,similarity_only,u001_e016|u001_e011|u001_e002,Recent irrelevant side matter|Stable preference and profile|论文实验复现 planning,0.072464|0.065217|0.059701,u001_e011|u001_e001,0.5,,0.0,0.5,0.44412286644879784,197,0.0
3,u001,u001_q014,chat,chat_profile,我的背景和主要任务场景是什么？,recency_similarity_hybrid,u001_e016|u001_e015|u001_e018,Recent irrelevant side matter|Mixed review and reminder|Urgent wrong domain,0.489855|0.480556|0.457143,u001_e011|u001_e001,0.0,,0.0,0.0,0.0,243,0.0
3,u001,u001_q014,chat,chat_profile,我的背景和主要任务场景是什么？,proposed_TMT_decay_event_memory,u001_e014|u001_e015|u001_e010,Mixed planning for today|Mixed review and reminder|论文实验复现 dependency discussion,0.891388|0.849317|0.825251,u001_e011|u001_e001,0.0,,0.0,0.0,0.0,257,0.0
1,u001,u001_q015,chat,chat_history,之前我提过哪些和提醒方式有关的要求？,recency_only,u001_e014,Mixed planning for today,1.0,u001_e011|u001_e015,0.0,,0.0,0.0,0.0,93,0.0
1,u001,u001_q015,chat,chat_history,之前我提过哪些和提醒方式有关的要求？,similarity_only,u001_e015,Mixed review and reminder,0.067568,u001_e011|u001_e015,0.5,,1.0,0.5,0.6131471927654584,83,0.0
1,u001,u001_q015,chat,chat_history,之前我提过哪些和提醒方式有关的要求？,recency_similarity_hybrid,u001_e015,Mixed review and reminder,0.487162,u001_e011|u001_e015,0.5,,1.0,0.5,0.6131471927654584,83,0.0
1,u001,u001_q015,chat,chat_history,之前我提过哪些和提醒方式有关的要求？,proposed_TMT_decay_event_memory,u001_e014,Mixed planning for today,0.891388,u001_e011|u001_e015,0.0,,0.0,0.0,0.0,93,0.0
2,u001,u001_q015,chat,chat_history,之前我提过哪些和提醒方式有关的要求？,recency_only,u001_e014|u001_e015,Mixed planning for today|Mixed review and reminder,1.0|1.0,u001_e011|u001_e015,0.5,,0.0,0.5,0.3868528072345416,175,0.0
2,u001,u001_q015,chat,chat_history,之前我提过哪些和提醒方式有关的要求？,similarity_only,u001_e015|u001_e001,Mixed review and reminder|课程项目汇报 planning,0.067568|0.047619,u001_e011|u001_e015,0.5,,1.0,0.5,0.6131471927654584,145,0.0
2,u001,u001_q015,chat,chat_history,之前我提过哪些和提醒方式有关的要求？,recency_similarity_hybrid,u001_e015|u001_e016,Mixed review and reminder|Recent irrelevant side matter,0.487162|0.472297,u001_e011|u001_e015,0.5,,1.0,0.5,0.6131471927654584,160,0.0
2,u001,u001_q015,chat,chat_history,之前我提过哪些和提醒方式有关的要求？,proposed_TMT_decay_event_memory,u001_e014|u001_e015,Mixed planning for today|Mixed review and reminder,0.891388|0.849317,u001_e011|u001_e015,0.5,,0.0,0.5,0.3868528072345416,175,0.0
3,u001,u001_q015,chat,chat_history,之前我提过哪些和提醒方式有关的要求？,recency_only,u001_e014|u001_e015|u001_e016,Mixed planning for today|Mixed review and reminder|Recent irrelevant side matter,1.0|1.0|1.0,u001_e011|u001_e015,0.5,,0.0,0.5,0.3868528072345416,252,0.0
3,u001,u001_q015,chat,chat_history,之前我提过哪些和提醒方式有关的要求？,similarity_only,u001_e015|u001_e001|u001_e009,Mixed review and reminder|课程项目汇报 planning|课程项目汇报 dependency discussion,0.067568|0.047619|0.043478,u001_e011|u001_e015,0.5,,1.0,0.5,0.6131471927654584,230,0.0
3,u001,u001_q015,chat,chat_history,之前我提过哪些和提醒方式有关的要求？,recency_similarity_hybrid,u001_e015|u001_e016|u001_e018,Mixed review and reminder|Recent irrelevant side matter|Urgent wrong domain,0.487162|0.472297|0.463924,u001_e011|u001_e015,0.5,,1.0,0.5,0.6131471927654584,243,0.0
3,u001,u001_q015,chat,chat_history,之前我提过哪些和提醒方式有关的要求？,proposed_TMT_decay_event_memory,u001_e014|u001_e015|u001_e010,Mixed planning for today|Mixed review and reminder|论文实验复现 dependency discussion,0.891388|0.849317|0.825251,u001_e011|u001_e015,0.5,,0.0,0.5,0.3868528072345416,257,0.0
1,u001,u001_q016,chat,mixed,帮我安排今天上午，结合任务优先级和个人偏好。,recency_only,u001_e014,Mixed planning for today,1.0,u001_e014|u001_e013|u001_e001,0.3333333333333333,,1.0,0.3333333333333333,0.5090967735771897,93,0.0
1,u001,u001_q016,chat,mixed,帮我安排今天上午，结合任务优先级和个人偏好。,similarity_only,u001_e014,Mixed planning for today,0.139241,u001_e014|u001_e013|u001_e001,0.3333333333333333,,1.0,0.3333333333333333,0.5090967735771897,93,0.0
1,u001,u001_q016,chat,mixed,帮我安排今天上午，结合任务优先级和个人偏好。,recency_similarity_hybrid,u001_e014,Mixed planning for today,0.526582,u001_e014|u001_e013|u001_e001,0.3333333333333333,,1.0,0.3333333333333333,0.5090967735771897,93,0.0
1,u001,u001_q016,chat,mixed,帮我安排今天上午，结合任务优先级和个人偏好。,proposed_TMT_decay_event_memory,u001_e014,Mixed planning for today,0.891388,u001_e014|u001_e013|u001_e001,0.3333333333333333,,1.0,0.3333333333333333,0.5090967735771897,93,0.0
2,u001,u001_q016,chat,mixed,帮我安排今天上午，结合任务优先级和个人偏好。,recency_only,u001_e014|u001_e015,Mixed planning for today|Mixed review and reminder,1.0|1.0,u001_e014|u001_e013|u001_e001,0.3333333333333333,,1.0,0.3333333333333333,0.5090967735771897,175,0.0
2,u001,u001_q016,chat,mixed,帮我安排今天上午，结合任务优先级和个人偏好。,similarity_only,u001_e014|u001_e013,Mixed planning for today|Updated preference record,0.139241|0.1,u001_e014|u001_e013|u001_e001,0.6666666666666666,,1.0,0.6666666666666666,0.8303010754742701,165,0.0
2,u001,u001_q016,chat,mixed,帮我安排今天上午，结合任务优先级和个人偏好。,recency_similarity_hybrid,u001_e014|u001_e015,Mixed planning for today|Mixed review and reminder,0.526582|0.485256,u001_e014|u001_e013|u001_e001,0.3333333333333333,,1.0,0.3333333333333333,0.5090967735771897,175,0.0
2,u001,u001_q016,chat,mixed,帮我安排今天上午，结合任务优先级和个人偏好。,proposed_TMT_decay_event_memory,u001_e014|u001_e015,Mixed planning for today|Mixed review and reminder,0.891388|0.849317,u001_e014|u001_e013|u001_e001,0.3333333333333333,,1.0,0.3333333333333333,0.5090967735771897,175,0.0
3,u001,u001_q016,chat,mixed,帮我安排今天上午，结合任务优先级和个人偏好。,recency_only,u001_e014|u001_e015|u001_e016,Mixed planning for today|Mixed review and reminder|Recent irrelevant side matter,1.0|1.0|1.0,u001_e014|u001_e013|u001_e001,0.3333333333333333,,1.0,0.3333333333333333,0.5090967735771897,252,0.0
3,u001,u001_q016,chat,mixed,帮我安排今天上午，结合任务优先级和个人偏好。,similarity_only,u001_e014|u001_e013|u001_e001,Mixed planning for today|Updated preference record|课程项目汇报 planning,0.139241|0.1|0.095238,u001_e014|u001_e013|u001_e001,1.0,,1.0,1.0,1.0,226,1.0
3,u001,u001_q016,chat,mixed,帮我安排今天上午，结合任务优先级和个人偏好。,recency_similarity_hybrid,u001_e014|u001_e015|u001_e016,Mixed planning for today|Mixed review and reminder|Recent irrelevant side matter,0.526582|0.485256|0.471154,u001_e014|u001_e013|u001_e001,0.3333333333333333,,1.0,0.3333333333333333,0.5090967735771897,252,0.0
3,u001,u001_q016,chat,mixed,帮我安排今天上午，结合任务优先级和个人偏好。,proposed_TMT_decay_event_memory,u001_e014|u001_e015|u001_e010,Mixed planning for today|Mixed review and reminder|论文实验复现 dependency discussion,0.891388|0.849317|0.825251,u001_e014|u001_e013|u001_e001,0.3333333333333333,,1.0,0.3333333333333333,0.5090967735771897,257,0.0
1,u001,u001_q017,chat,mixed,帮我写一个关于论文实验复现的提醒，要体现依赖关系。,recency_only,u001_e014,Mixed planning for today,1.0,u001_e015|u001_e010,0.0,,0.0,0.0,0.0,93,0.0
1,u001,u001_q017,chat,mixed,帮我写一个关于论文实验复现的提醒，要体现依赖关系。,similarity_only,u001_e015,Mixed review and reminder,0.150685,u001_e015|u001_e010,0.5,,1.0,0.5,0.6131471927654584,83,0.0
1,u001,u001_q017,chat,mixed,帮我写一个关于论文实验复现的提醒，要体现依赖关系。,recency_similarity_hybrid,u001_e015,Mixed review and reminder,0.532877,u001_e015|u001_e010,0.5,,1.0,0.5,0.6131471927654584,83,0.0
1,u001,u001_q017,chat,mixed,帮我写一个关于论文实验复现的提醒，要体现依赖关系。,proposed_TMT_decay_event_memory,u001_e015,Mixed review and reminder,0.90052,u001_e015|u001_e010,0.5,,1.0,0.5,0.6131471927654584,83,0.0
2,u001,u001_q017,chat,mixed,帮我写一个关于论文实验复现的提醒，要体现依赖关系。,recency_only,u001_e014|u001_e015,Mixed planning for today|Mixed review and reminder,1.0|1.0,u001_e015|u001_e010,0.5,,0.0,0.5,0.3868528072345416,175,0.0
2,u001,u001_q017,chat,mixed,帮我写一个关于论文实验复现的提醒，要体现依赖关系。,similarity_only,u001_e015|u001_e002,Mixed review and reminder|论文实验复现 planning,0.150685|0.144928,u001_e015|u001_e010,0.5,,1.0,0.5,0.6131471927654584,147,0.0
2,u001,u001_q017,chat,mixed,帮我写一个关于论文实验复现的提醒，要体现依赖关系。,recency_similarity_hybrid,u001_e015|u001_e016,Mixed review and reminder|Recent irrelevant side matter,0.532877|0.493421,u001_e015|u001_e010,0.5,,1.0,0.5,0.6131471927654584,160,0.0
2,u001,u001_q017,chat,mixed,帮我写一个关于论文实验复现的提醒，要体现依赖关系。,proposed_TMT_decay_event_memory,u001_e015|u001_e010,Mixed review and reminder|论文实验复现 dependency discussion,0.90052|0.899115,u001_e015|u001_e010,1.0,,1.0,1.0,1.0,165,1.0
3,u001,u001_q017,chat,mixed,帮我写一个关于论文实验复现的提醒，要体现依赖关系。,recency_only,u001_e014|u001_e015|u001_e016,Mixed planning for today|Mixed review and reminder|Recent irrelevant side matter,1.0|1.0|1.0,u001_e015|u001_e010,0.5,,0.0,0.5,0.3868528072345416,252,0.0
3,u001,u001_q017,chat,mixed,帮我写一个关于论文实验复现的提醒，要体现依赖关系。,similarity_only,u001_e015|u001_e002|u001_e010,Mixed review and reminder|论文实验复现 planning|论文实验复现 dependency discussion,0.150685|0.144928|0.132353,u001_e015|u001_e010,1.0,,1.0,1.0,0.9197207891481876,229,1.0
3,u001,u001_q017,chat,mixed,帮我写一个关于论文实验复现的提醒，要体现依赖关系。,recency_similarity_hybrid,u001_e015|u001_e016|u001_e018,Mixed review and reminder|Recent irrelevant side matter|Urgent wrong domain,0.532877|0.493421|0.476829,u001_e015|u001_e010,0.5,,1.0,0.5,0.6131471927654584,243,0.0
3,u001,u001_q017,chat,mixed,帮我写一个关于论文实验复现的提醒，要体现依赖关系。,proposed_TMT_decay_event_memory,u001_e015|u001_e010|u001_e014,Mixed review and reminder|论文实验复现 dependency discussion|Mixed planning for today,0.90052|0.899115|0.891388,u001_e015|u001_e010,1.0,,1.0,1.0,1.0,257,1.0
1,u001,u001_q018,task,task_priority,我还有什么低优先级但今天可能会干扰我的事？,recency_only,u001_e014,Mixed planning for today,1.0,u001_e018|u001_e003|u001_e016,0.0,0.0,0.0,0.0,0.0,93,0.0
1,u001,u001_q018,task,task_priority,我还有什么低优先级但今天可能会干扰我的事？,similarity_only,u001_e012,Old preference record,0.053333,u001_e018|u001_e003|u001_e016,0.0,0.0,0.0,0.0,0.0,72,0.0
1,u001,u001_q018,task,task_priority,我还有什么低优先级但今天可能会干扰我的事？,recency_similarity_hybrid,u001_e018,Urgent wrong domain,0.4775,u001_e018|u001_e003|u001_e016,0.3333333333333333,0.5,1.0,0.3333333333333333,0.6300059872618923,83,0.0
1,u001,u001_q018,task,task_priority,我还有什么低优先级但今天可能会干扰我的事？,proposed_TMT_decay_event_memory,u001_e015,Mixed review and reminder,0.844676,u001_e018|u001_e003|u001_e016,0.0,0.0,0.0,0.0,0.0,83,0.0
2,u001,u001_q018,task,task_priority,我还有什么低优先级但今天可能会干扰我的事？,recency_only,u001_e014|u001_e015,Mixed planning for today|Mixed review and reminder,1.0|1.0,u001_e018|u001_e003|u001_e016,0.0,0.0,0.0,0.0,0.0,175,0.0
2,u001,u001_q018,task,task_priority,我还有什么低优先级但今天可能会干扰我的事？,similarity_only,u001_e012|u001_e018,Old preference record|Urgent wrong domain,0.053333|0.05,u001_e018|u001_e003|u001_e016,0.3333333333333333,0.5,0.0,0.3333333333333333,0.39748952229168844,155,0.0
2,u001,u001_q018,task,task_priority,我还有什么低优先级但今天可能会干扰我的事？,recency_similarity_hybrid,u001_e018|u001_e016,Urgent wrong domain|Recent irrelevant side matter,0.4775|0.471429,u001_e018|u001_e003|u001_e016,0.6666666666666666,0.5,1.0,0.6666666666666666,0.7625024946924551,160,0.0
2,u001,u001_q018,task,task_priority,我还有什么低优先级但今天可能会干扰我的事？,proposed_TMT_decay_event_memory,u001_e015|u001_e014,Mixed review and reminder|Mixed planning for today,0.844676|0.784319,u001_e018|u001_e003|u001_e016,0.0,0.0,0.0,0.0,0.0,175,0.0
3,u001,u001_q018,task,task_priority,我还有什么低优先级但今天可能会干扰我的事？,recency_only,u001_e014|u001_e015|u001_e016,Mixed planning for today|Mixed review and reminder|Recent irrelevant side matter,1.0|1.0|1.0,u001_e018|u001_e003|u001_e016,0.3333333333333333,0.0,0.0,0.3333333333333333,0.10500099787698204,252,0.0
3,u001,u001_q018,task,task_priority,我还有什么低优先级但今天可能会干扰我的事？,similarity_only,u001_e012|u001_e018|u001_e001,Old preference record|Urgent wrong domain|课程项目汇报 planning,0.053333|0.05|0.045977,u001_e018|u001_e003|u001_e016,0.3333333333333333,0.5,0.0,0.3333333333333333,0.39748952229168844,216,0.0
3,u001,u001_q018,task,task_priority,我还有什么低优先级但今天可能会干扰我的事？,recency_similarity_hybrid,u001_e018|u001_e016|u001_e014,Urgent wrong domain|Recent irrelevant side matter|Mixed planning for today,0.4775|0.471429|0.462644,u001_e018|u001_e003|u001_e016,0.6666666666666666,0.5,1.0,0.6666666666666666,0.7625024946924551,252,0.0
3,u001,u001_q018,task,task_priority,我还有什么低优先级但今天可能会干扰我的事？,proposed_TMT_decay_event_memory,u001_e015|u001_e014|u001_e007,Mixed review and reminder|Mixed planning for today|健身计划 status update,0.844676|0.784319|0.758506,u001_e018|u001_e003|u001_e016,0.0,0.0,0.0,0.0,0.0,247,0.0
1,u001,u001_q019,task,task_status,那个类似课程项目汇报的旧任务还需要今天做吗？,recency_only,u001_e014,Mixed planning for today,1.0,u001_e017|u001_e001,0.0,0.0,0.0,0.0,0.0,93,0.0
1,u001,u001_q019,task,task_status,那个类似课程项目汇报的旧任务还需要今天做吗？,similarity_only,u001_e017,Semantic similar wrong status,0.164384,u001_e017|u001_e001,0.5,0.0,1.0,0.5,0.7039180890341347,84,0.0
1,u001,u001_q019,task,task_status,那个类似课程项目汇报的旧任务还需要今天做吗？,recency_similarity_hybrid,u001_e014,Mixed planning for today,0.510366,u001_e017|u001_e001,0.0,0.0,0.0,0.0,0.0,93,0.0
1,u001,u001_q019,task,task_status,那个类似课程项目汇报的旧任务还需要今天做吗？,proposed_TMT_decay_event_memory,u001_e015,Mixed review and reminder,0.844676,u001_e017|u001_e001,0.0,0.0,0.0,0.0,0.0,83,0.0
2,u001,u001_q019,task,task_status,那个类似课程项目汇报的旧任务还需要今天做吗？,recency_only,u001_e014|u001_e015,Mixed planning for today|Mixed review and reminder,1.0|1.0,u001_e017|u001_e001,0.0,0.0,0.0,0.0,0.0,175,0.0
2,u001,u001_q019,task,task_status,那个类似课程项目汇报的旧任务还需要今天做吗？,similarity_only,u001_e017|u001_e005,Semantic similar wrong status|课程项目汇报 status update,0.164384|0.152542,u001_e017|u001_e001,0.5,0.0,1.0,0.5,0.7039180890341347,147,0.0
2,u001,u001_q019,task,task_status,那个类似课程项目汇报的旧任务还需要今天做吗？,recency_similarity_hybrid,u001_e014|u001_e018,Mixed planning for today|Urgent wrong domain,0.510366|0.50641,u001_e017|u001_e001,0.0,0.0,0.0,0.0,0.0,175,0.0
2,u001,u001_q019,task,task_status,那个类似课程项目汇报的旧任务还需要今天做吗？,proposed_TMT_decay_event_memory,u001_e015|u001_e014,Mixed review and reminder|Mixed planning for today,0.844676|0.84089,u001_e017|u001_e001,0.0,0.0,0.0,0.0,0.0,175,0.0
3,u001,u001_q019,task,task_status,那个类似课程项目汇报的旧任务还需要今天做吗？,recency_only,u001_e014|u001_e015|u001_e016,Mixed planning for today|Mixed review and reminder|Recent irrelevant side matter,1.0|1.0|1.0,u001_e017|u001_e001,0.0,0.0,0.0,0.0,0.0,252,0.0
3,u001,u001_q019,task,task_status,那个类似课程项目汇报的旧任务还需要今天做吗？,similarity_only,u001_e017|u001_e005|u001_e014,Semantic similar wrong status|课程项目汇报 status update|Mixed planning for today,0.164384|0.152542|0.109756,u001_e017|u001_e001,0.5,0.0,1.0,0.5,0.7039180890341347,240,0.0
3,u001,u001_q019,task,task_status,那个类似课程项目汇报的旧任务还需要今天做吗？,recency_similarity_hybrid,u001_e014|u001_e018|u001_e016,Mixed planning for today|Urgent wrong domain|Recent irrelevant side matter,0.510366|0.50641|0.485714,u001_e017|u001_e001,0.0,0.0,0.0,0.0,0.0,252,0.0
3,u001,u001_q019,task,task_status,那个类似课程项目汇报的旧任务还需要今天做吗？,proposed_TMT_decay_event_memory,u001_e015|u001_e014|u001_e001,Mixed review and reminder|Mixed planning for today|课程项目汇报 planning,0.844676|0.84089|0.793731,u001_e017|u001_e001,0.5,1.0,0.0,0.5,0.23463936301137822,237,0.0
1,u001,u001_q020,chat,negative,我有没有提过要学习法语考试？,recency_only,u001_e014,Mixed planning for today,1.0,,1.0,,0.0,1.0,1.0,93,1.0
1,u001,u001_q020,chat,negative,我有没有提过要学习法语考试？,similarity_only,u001_e015,Mixed review and reminder,0.041667,,1.0,,0.0,1.0,1.0,83,1.0
1,u001,u001_q020,chat,negative,我有没有提过要学习法语考试？,recency_similarity_hybrid,u001_e015,Mixed review and reminder,0.472917,,1.0,,0.0,1.0,1.0,83,1.0
1,u001,u001_q020,chat,negative,我有没有提过要学习法语考试？,proposed_TMT_decay_event_memory,u001_e014,Mixed planning for today,0.891388,,1.0,,0.0,1.0,1.0,93,1.0
2,u001,u001_q020,chat,negative,我有没有提过要学习法语考试？,recency_only,u001_e014|u001_e015,Mixed planning for today|Mixed review and reminder,1.0|1.0,,1.0,,0.0,1.0,1.0,175,1.0
2,u001,u001_q020,chat,negative,我有没有提过要学习法语考试？,similarity_only,u001_e015|u001_e004,Mixed review and reminder|奖学金材料 planning,0.041667|0.030769,,1.0,,0.0,1.0,1.0,155,1.0
2,u001,u001_q020,chat,negative,我有没有提过要学习法语考试？,recency_similarity_hybrid,u001_e015|u001_e016,Mixed review and reminder|Recent irrelevant side matter,0.472917|0.457639,,1.0,,0.0,1.0,1.0,160,1.0
2,u001,u001_q020,chat,negative,我有没有提过要学习法语考试？,proposed_TMT_decay_event_memory,u001_e014|u001_e015,Mixed planning for today|Mixed review and reminder,0.891388|0.849317,,1.0,,0.0,1.0,1.0,175,1.0
3,u001,u001_q020,chat,negative,我有没有提过要学习法语考试？,recency_only,u001_e014|u001_e015|u001_e016,Mixed planning for today|Mixed review and reminder|Recent irrelevant side matter,1.0|1.0|1.0,,1.0,,0.0,1.0,1.0,252,1.0
3,u001,u001_q020,chat,negative,我有没有提过要学习法语考试？,similarity_only,u001_e015|u001_e004|u001_e019,Mixed review and reminder|奖学金材料 planning|Old but stable preference,0.041667|0.030769|0.028986,,1.0,,0.0,1.0,1.0,240,1.0
3,u001,u001_q020,chat,negative,我有没有提过要学习法语考试？,recency_similarity_hybrid,u001_e015|u001_e016|u001_e018,Mixed review and reminder|Recent irrelevant side matter|Urgent wrong domain,0.472917|0.457639|0.457237,,1.0,,0.0,1.0,1.0,243,1.0
3,u001,u001_q020,chat,negative,我有没有提过要学习法语考试？,proposed_TMT_decay_event_memory,u001_e014|u001_e015|u001_e010,Mixed planning for today|Mixed review and reminder|论文实验复现 dependency discussion,0.891388|0.849317|0.825251,,1.0,,0.0,1.0,1.0,257,1.0
1,u002,u002_q001,task,task_due,我最近最该先处理哪个beta 发布任务？,recency_only,u002_e014,Mixed planning for today,1.0,u002_e001|u002_e009,0.0,0.0,0.0,0.0,0.0,93,0.0
1,u002,u002_q001,task,task_due,我最近最该先处理哪个beta 发布任务？,similarity_only,u002_e005,beta 发布 status update,0.09434,u002_e001|u002_e009,0.0,0.0,0.0,0.0,0.0,65,0.0
1,u002,u002_q001,task,task_due,我最近最该先处理哪个beta 发布任务？,recency_similarity_hybrid,u002_e016,Recent irrelevant side matter,0.489286,u002_e001|u002_e009,0.0,0.0,0.0,0.0,0.0,77,0.0
1,u002,u002_q001,task,task_due,我最近最该先处理哪个beta 发布任务？,proposed_TMT_decay_event_memory,u002_e015,Mixed review and reminder,0.844676,u002_e001|u002_e009,0.0,0.0,0.0,0.0,0.0,82,0.0
2,u002,u002_q001,task,task_due,我最近最该先处理哪个beta 发布任务？,recency_only,u002_e014|u002_e015,Mixed planning for today|Mixed review and reminder,1.0|1.0,u002_e001|u002_e009,0.0,0.0,0.0,0.0,0.0,175,0.0
2,u002,u002_q001,task,task_due,我最近最该先处理哪个beta 发布任务？,similarity_only,u002_e005|u002_e017,beta 发布 status update|Semantic similar wrong status,0.09434|0.086957,u002_e001|u002_e009,0.0,0.0,0.0,0.0,0.0,150,0.0
2,u002,u002_q001,task,task_due,我最近最该先处理哪个beta 发布任务？,recency_similarity_hybrid,u002_e016|u002_e018,Recent irrelevant side matter|Urgent wrong domain,0.489286|0.487671,u002_e001|u002_e009,0.0,0.0,0.0,0.0,0.0,160,0.0
2,u002,u002_q001,task,task_due,我最近最该先处理哪个beta 发布任务？,proposed_TMT_decay_event_memory,u002_e015|u002_e014,Mixed review and reminder|Mixed planning for today,0.844676|0.820319,u002_e001|u002_e009,0.0,0.0,0.0,0.0,0.0,175,0.0
3,u002,u002_q001,task,task_due,我最近最该先处理哪个beta 发布任务？,recency_only,u002_e014|u002_e015|u002_e016,Mixed planning for today|Mixed review and reminder|Recent irrelevant side matter,1.0|1.0|1.0,u002_e001|u002_e009,0.0,0.0,0.0,0.0,0.0,251,0.0
3,u002,u002_q001,task,task_due,我最近最该先处理哪个beta 发布任务？,similarity_only,u002_e005|u002_e017|u002_e016,beta 发布 status update|Semantic similar wrong status|Recent irrelevant side matter,0.09434|0.086957|0.071429,u002_e001|u002_e009,0.0,0.0,0.0,0.0,0.0,226,0.0
3,u002,u002_q001,task,task_due,我最近最该先处理哪个beta 发布任务？,recency_similarity_hybrid,u002_e016|u002_e018|u002_e014,Recent irrelevant side matter|Urgent wrong domain|Mixed planning for today,0.489286|0.487671|0.478571,u002_e001|u002_e009,0.0,0.0,0.0,0.0,0.0,253,0.0
3,u002,u002_q001,task,task_due,我最近最该先处理哪个beta 发布任务？,proposed_TMT_decay_event_memory,u002_e015|u002_e014|u002_e001,Mixed review and reminder|Mixed planning for today|beta 发布 planning,0.844676|0.820319|0.772095,u002_e001|u002_e009,0.5,0.5,0.0,0.5,0.35195904451706733,235,0.0
1,u002,u002_q002,task,task_due,今天有哪些快到截止但不能被过度放大的事项？,recency_only,u002_e014,Mixed planning for today,1.0,u002_e001|u002_e018|u002_e007,0.0,0.0,0.0,0.0,0.0,93,0.0
1,u002,u002_q002,task,task_due,今天有哪些快到截止但不能被过度放大的事项？,similarity_only,u002_e018,Urgent wrong domain,0.105263,u002_e001|u002_e018|u002_e007,0.3333333333333333,0.5,1.0,0.3333333333333333,0.21000199575396408,84,0.0
1,u002,u002_q002,task,task_due,今天有哪些快到截止但不能被过度放大的事项？,recency_similarity_hybrid,u002_e018,Urgent wrong domain,0.507895,u002_e001|u002_e018|u002_e007,0.3333333333333333,0.5,1.0,0.3333333333333333,0.21000199575396408,84,0.0
1,u002,u002_q002,task,task_due,今天有哪些快到截止但不能被过度放大的事项？,proposed_TMT_decay_event_memory,u002_e015,Mixed review and reminder,0.844676,u002_e001|u002_e018|u002_e007,0.0,0.0,0.0,0.0,0.0,82,0.0
2,u002,u002_q002,task,task_due,今天有哪些快到截止但不能被过度放大的事项？,recency_only,u002_e014|u002_e015,Mixed planning for today|Mixed review and reminder,1.0|1.0,u002_e001|u002_e018|u002_e007,0.0,0.0,0.0,0.0,0.0,175,0.0
2,u002,u002_q002,task,task_due,今天有哪些快到截止但不能被过度放大的事项？,similarity_only,u002_e018|u002_e012,Urgent wrong domain|Old preference record,0.105263|0.068493,u002_e001|u002_e018|u002_e007,0.3333333333333333,0.5,1.0,0.3333333333333333,0.21000199575396408,155,0.0
2,u002,u002_q002,task,task_due,今天有哪些快到截止但不能被过度放大的事项？,recency_similarity_hybrid,u002_e018|u002_e016,Urgent wrong domain|Recent irrelevant side matter,0.507895|0.471154,u002_e001|u002_e018|u002_e007,0.3333333333333333,0.5,1.0,0.3333333333333333,0.21000199575396408,160,0.0
2,u002,u002_q002,task,task_due,今天有哪些快到截止但不能被过度放大的事项？,proposed_TMT_decay_event_memory,u002_e015|u002_e014,Mixed review and reminder|Mixed planning for today,0.844676|0.784319,u002_e001|u002_e018|u002_e007,0.0,0.0,0.0,0.0,0.0,175,0.0
3,u002,u002_q002,task,task_due,今天有哪些快到截止但不能被过度放大的事项？,recency_only,u002_e014|u002_e015|u002_e016,Mixed planning for today|Mixed review and reminder|Recent irrelevant side matter,1.0|1.0|1.0,u002_e001|u002_e018|u002_e007,0.0,0.0,0.0,0.0,0.0,251,0.0
3,u002,u002_q002,task,task_due,今天有哪些快到截止但不能被过度放大的事项？,similarity_only,u002_e018|u002_e012|u002_e002,Urgent wrong domain|Old preference record|用户访谈 planning,0.105263|0.068493|0.057143,u002_e001|u002_e018|u002_e007,0.3333333333333333,0.5,1.0,0.3333333333333333,0.21000199575396408,216,0.0
3,u002,u002_q002,task,task_due,今天有哪些快到截止但不能被过度放大的事项？,recency_similarity_hybrid,u002_e018|u002_e016|u002_e015,Urgent wrong domain|Recent irrelevant side matter|Mixed review and reminder,0.507895|0.471154|0.464286,u002_e001|u002_e018|u002_e007,0.3333333333333333,0.5,1.0,0.3333333333333333,0.21000199575396408,242,0.0
3,u002,u002_q002,task,task_due,今天有哪些快到截止但不能被过度放大的事项？,proposed_TMT_decay_event_memory,u002_e015|u002_e014|u002_e007,Mixed review and reminder|Mixed planning for today|风险同步 status update,0.844676|0.784319|0.758506,u002_e001|u002_e018|u002_e007,0.3333333333333333,0.0,0.0,0.3333333333333333,0.21000199575396408,247,0.0
1,u002,u002_q003,task,task_priority,用户访谈接下来应该推进什么？,recency_only,u002_e014,Mixed planning for today,1.0,u002_e002|u002_e006|u002_e010,0.0,0.0,0.0,0.0,0.0,93,0.0
1,u002,u002_q003,task,task_priority,用户访谈接下来应该推进什么？,similarity_only,u002_e010,用户访谈 dependency discussion,0.064516,u002_e002|u002_e006|u002_e010,0.3333333333333333,0.5,1.0,0.3333333333333333,0.38009376671593426,80,0.0
1,u002,u002_q003,task,task_priority,用户访谈接下来应该推进什么？,recency_similarity_hybrid,u002_e015,Mixed review and reminder,0.482353,u002_e002|u002_e006|u002_e010,0.0,0.0,0.0,0.0,0.0,82,0.0
1,u002,u002_q003,task,task_priority,用户访谈接下来应该推进什么？,proposed_TMT_decay_event_memory,u002_e015,Mixed review and reminder,0.900847,u002_e002|u002_e006|u002_e010,0.0,0.0,0.0,0.0,0.0,82,0.0
2,u002,u002_q003,task,task_priority,用户访谈接下来应该推进什么？,recency_only,u002_e014|u002_e015,Mixed planning for today|Mixed review and reminder,1.0|1.0,u002_e002|u002_e006|u002_e010,0.0,0.0,0.0,0.0,0.0,175,0.0
2,u002,u002_q003,task,task_priority,用户访谈接下来应该推进什么？,similarity_only,u002_e010|u002_e002,用户访谈 dependency discussion|用户访谈 planning,0.064516|0.063492,u002_e002|u002_e006|u002_e010,0.6666666666666666,1.0,1.0,0.6666666666666666,0.7398124665681314,141,0.0
2,u002,u002_q003,task,task_priority,用户访谈接下来应该推进什么？,recency_similarity_hybrid,u002_e015|u002_e014,Mixed review and reminder|Mixed planning for today,0.482353|0.471429,u002_e002|u002_e006|u002_e010,0.0,0.0,0.0,0.0,0.0,175,0.0
2,u002,u002_q003,task,task_priority,用户访谈接下来应该推进什么？,proposed_TMT_decay_event_memory,u002_e015|u002_e014,Mixed review and reminder|Mixed planning for today,0.900847|0.784319,u002_e002|u002_e006|u002_e010,0.0,0.0,0.0,0.0,0.0,175,0.0
3,u002,u002_q003,task,task_priority,用户访谈接下来应该推进什么？,recency_only,u002_e014|u002_e015|u002_e016,Mixed planning for today|Mixed review and reminder|Recent irrelevant side matter,1.0|1.0|1.0,u002_e002|u002_e006|u002_e010,0.0,0.0,0.0,0.0,0.0,251,0.0
3,u002,u002_q003,task,task_priority,用户访谈接下来应该推进什么？,similarity_only,u002_e010|u002_e002|u002_e006,用户访谈 dependency discussion|用户访谈 planning|用户访谈 status update,0.064516|0.063492|0.063492,u002_e002|u002_e006|u002_e010,1.0,1.0,1.0,1.0,0.9298593499260985,213,1.0
3,u002,u002_q003,task,task_priority,用户访谈接下来应该推进什么？,recency_similarity_hybrid,u002_e015|u002_e014|u002_e016,Mixed review and reminder|Mixed planning for today|Recent irrelevant side matter,0.482353|0.471429|0.465278,u002_e002|u002_e006|u002_e010,0.0,0.0,0.0,0.0,0.0,251,0.0
3,u002,u002_q003,task,task_priority,用户访谈接下来应该推进什么？,proposed_TMT_decay_event_memory,u002_e015|u002_e014|u002_e007,Mixed review and reminder|Mixed planning for today|风险同步 status update,0.900847|0.784319|0.758506,u002_e002|u002_e006|u002_e010,0.0,0.0,0.0,0.0,0.0,247,0.0
1,u002,u002_q004,task,task_priority,现在最重要但不一定最紧急的任务是什么？,recency_only,u002_e014,Mixed planning for today,1.0,u002_e002|u002_e001|u002_e004,0.0,0.0,0.0,0.0,0.0,93,0.0
1,u002,u002_q004,task,task_priority,现在最重要但不一定最紧急的任务是什么？,similarity_only,u002_e002,用户访谈 planning,0.109375,u002_e002|u002_e001|u002_e004,0.3333333333333333,0.3333333333333333,1.0,0.3333333333333333,0.5701406500739014,62,0.0
1,u002,u002_q004,task,task_priority,现在最重要但不一定最紧急的任务是什么？,recency_similarity_hybrid,u002_e016,Recent irrelevant side matter,0.504225,u002_e002|u002_e001|u002_e004,0.0,0.0,0.0,0.0,0.0,77,0.0
1,u002,u002_q004,task,task_priority,现在最重要但不一定最紧急的任务是什么？,proposed_TMT_decay_event_memory,u002_e015,Mixed review and reminder,0.844676,u002_e002|u002_e001|u002_e004,0.0,0.0,0.0,0.0,0.0,82,0.0
2,u002,u002_q004,task,task_priority,现在最重要但不一定最紧急的任务是什么？,recency_only,u002_e014|u002_e015,Mixed planning for today|Mixed review and reminder,1.0|1.0,u002_e002|u002_e001|u002_e004,0.0,0.0,0.0,0.0,0.0,175,0.0
2,u002,u002_q004,task,task_priority,现在最重要但不一定最紧急的任务是什么？,similarity_only,u002_e002|u002_e016,用户访谈 planning|Recent irrelevant side matter,0.109375|0.098592,u002_e002|u002_e001|u002_e004,0.3333333333333333,0.3333333333333333,1.0,0.3333333333333333,0.5701406500739014,139,0.0
2,u002,u002_q004,task,task_priority,现在最重要但不一定最紧急的任务是什么？,recency_similarity_hybrid,u002_e016|u002_e018,Recent irrelevant side matter|Urgent wrong domain,0.504225|0.478571,u002_e002|u002_e001|u002_e004,0.0,0.0,0.0,0.0,0.0,160,0.0
2,u002,u002_q004,task,task_priority,现在最重要但不一定最紧急的任务是什么？,proposed_TMT_decay_event_memory,u002_e015|u002_e014,Mixed review and reminder|Mixed planning for today,0.844676|0.784319,u002_e002|u002_e001|u002_e004,0.0,0.0,0.0,0.0,0.0,175,0.0
3,u002,u002_q004,task,task_priority,现在最重要但不一定最紧急的任务是什么？,recency_only,u002_e014|u002_e015|u002_e016,Mixed planning for today|Mixed review and reminder|Recent irrelevant side matter,1.0|1.0|1.0,u002_e002|u002_e001|u002_e004,0.0,0.0,0.0,0.0,0.0,251,0.0
3,u002,u002_q004,task,task_priority,现在最重要但不一定最紧急的任务是什么？,similarity_only,u002_e002|u002_e016|u002_e003,用户访谈 planning|Recent irrelevant side matter|风险同步 planning,0.109375|0.098592|0.069444,u002_e002|u002_e001|u002_e004,0.3333333333333333,0.3333333333333333,1.0,0.3333333333333333,0.5701406500739014,210,0.0
3,u002,u002_q004,task,task_priority,现在最重要但不一定最紧急的任务是什么？,recency_similarity_hybrid,u002_e016|u002_e018|u002_e015,Recent irrelevant side matter|Urgent wrong domain|Mixed review and reminder,0.504225|0.478571|0.472603,u002_e002|u002_e001|u002_e004,0.0,0.0,0.0,0.0,0.0,242,0.0
3,u002,u002_q004,task,task_priority,现在最重要但不一定最紧急的任务是什么？,proposed_TMT_decay_event_memory,u002_e015|u002_e014|u002_e007,Mixed review and reminder|Mixed planning for today|风险同步 status update,0.844676|0.784319|0.758506,u002_e002|u002_e001|u002_e004,0.0,0.0,0.0,0.0,0.0,247,0.0
1,u002,u002_q005,task,task_status,beta 发布还有什么没完成？,recency_only,u002_e014,Mixed planning for today,1.0,u002_e005|u002_e001|u002_e017,0.0,0.0,0.0,0.0,0.0,93,0.0
1,u002,u002_q005,task,task_status,beta 发布还有什么没完成？,similarity_only,u002_e005,beta 发布 status update,0.102041,u002_e005|u002_e001|u002_e017,0.3333333333333333,0.0,1.0,0.3333333333333333,0.5562983930884396,65,0.0
1,u002,u002_q005,task,task_status,beta 发布还有什么没完成？,recency_similarity_hybrid,u002_e018,Urgent wrong domain,0.481429,u002_e005|u002_e001|u002_e017,0.0,0.0,0.0,0.0,0.0,84,0.0
1,u002,u002_q005,task,task_status,beta 发布还有什么没完成？,proposed_TMT_decay_event_memory,u002_e015,Mixed review and reminder,0.844676,u002_e005|u002_e001|u002_e017,0.0,0.0,0.0,0.0,0.0,82,0.0
2,u002,u002_q005,task,task_status,beta 发布还有什么没完成？,recency_only,u002_e014|u002_e015,Mixed planning for today|Mixed review and reminder,1.0|1.0,u002_e005|u002_e001|u002_e017,0.0,0.0,0.0,0.0,0.0,175,0.0
2,u002,u002_q005,task,task_status,beta 发布还有什么没完成？,similarity_only,u002_e005|u002_e007,beta 发布 status update|风险同步 status update,0.102041|0.079365,u002_e005|u002_e001|u002_e017,0.3333333333333333,0.0,1.0,0.3333333333333333,0.5562983930884396,138,0.0
2,u002,u002_q005,task,task_status,beta 发布还有什么没完成？,recency_similarity_hybrid,u002_e018|u002_e014,Urgent wrong domain|Mixed planning for today,0.481429|0.472297,u002_e005|u002_e001|u002_e017,0.0,0.0,0.0,0.0,0.0,177,0.0
2,u002,u002_q005,task,task_status,beta 发布还有什么没完成？,proposed_TMT_decay_event_memory,u002_e015|u002_e014,Mixed review and reminder|Mixed planning for today,0.844676|0.827145,u002_e005|u002_e001|u002_e017,0.0,0.0,0.0,0.0,0.0,175,0.0
3,u002,u002_q005,task,task_status,beta 发布还有什么没完成？,recency_only,u002_e014|u002_e015|u002_e016,Mixed planning for today|Mixed review and reminder|Recent irrelevant side matter,1.0|1.0|1.0,u002_e005|u002_e001|u002_e017,0.0,0.0,0.0,0.0,0.0,251,0.0
3,u002,u002_q005,task,task_status,beta 发布还有什么没完成？,similarity_only,u002_e005|u002_e007|u002_e017,beta 发布 status update|风险同步 status update|Semantic similar wrong status,0.102041|0.079365|0.075758,u002_e005|u002_e001|u002_e017,0.6666666666666666,0.0,1.0,0.6666666666666666,0.649014791936513,222,0.0
3,u002,u002_q005,task,task_status,beta 发布还有什么没完成？,recency_similarity_hybrid,u002_e018|u002_e014|u002_e015,Urgent wrong domain|Mixed planning for today|Mixed review and reminder,0.481429|0.472297|0.45,u002_e005|u002_e001|u002_e017,0.0,0.0,0.0,0.0,0.0,258,0.0
3,u002,u002_q005,task,task_status,beta 发布还有什么没完成？,proposed_TMT_decay_event_memory,u002_e015|u002_e014|u002_e001,Mixed review and reminder|Mixed planning for today|beta 发布 planning,0.844676|0.827145|0.779356,u002_e005|u002_e001|u002_e017,0.3333333333333333,1.0,0.0,0.3333333333333333,0.2781491965442198,235,0.0
1,u002,u002_q006,task,task_status,用户访谈的资料收集完成了吗？,recency_only,u002_e014,Mixed planning for today,1.0,u002_e006,0.0,1.0,0.0,0.0,0.0,93,0.0
1,u002,u002_q006,task,task_status,用户访谈的资料收集完成了吗？,similarity_only,u002_e010,用户访谈 dependency discussion,0.178571,u002_e006,0.0,1.0,0.0,0.0,0.0,80,0.0
1,u002,u002_q006,task,task_status,用户访谈的资料收集完成了吗？,recency_similarity_hybrid,u002_e015,Mixed review and reminder,0.482353,u002_e006,0.0,1.0,0.0,0.0,0.0,82,0.0
1,u002,u002_q006,task,task_status,用户访谈的资料收集完成了吗？,proposed_TMT_decay_event_memory,u002_e015,Mixed review and reminder,0.900847,u002_e006,0.0,1.0,0.0,0.0,0.0,82,0.0
2,u002,u002_q006,task,task_status,用户访谈的资料收集完成了吗？,recency_only,u002_e014|u002_e015,Mixed planning for today|Mixed review and reminder,1.0|1.0,u002_e006,0.0,1.0,0.0,0.0,0.0,175,0.0
2,u002,u002_q006,task,task_status,用户访谈的资料收集完成了吗？,similarity_only,u002_e010|u002_e005,用户访谈 dependency discussion|beta 发布 status update,0.178571|0.117647,u002_e006,0.0,1.0,0.0,0.0,0.0,145,0.0
2,u002,u002_q006,task,task_status,用户访谈的资料收集完成了吗？,recency_similarity_hybrid,u002_e015|u002_e016,Mixed review and reminder|Recent irrelevant side matter,0.482353|0.481429,u002_e006,0.0,1.0,0.0,0.0,0.0,158,0.0
2,u002,u002_q006,task,task_status,用户访谈的资料收集完成了吗？,proposed_TMT_decay_event_memory,u002_e015|u002_e014,Mixed review and reminder|Mixed planning for today,0.900847|0.784319,u002_e006,0.0,1.0,0.0,0.0,0.0,175,0.0
3,u002,u002_q006,task,task_status,用户访谈的资料收集完成了吗？,recency_only,u002_e014|u002_e015|u002_e016,Mixed planning for today|Mixed review and reminder|Recent irrelevant side matter,1.0|1.0|1.0,u002_e006,0.0,1.0,0.0,0.0,0.0,251,0.0
3,u002,u002_q006,task,task_status,用户访谈的资料收集完成了吗？,similarity_only,u002_e010|u002_e005|u002_e006,用户访谈 dependency discussion|beta 发布 status update|用户访谈 status update,0.178571|0.117647|0.116667,u002_e006,1.0,1.0,0.0,1.0,0.5,216,1.0
3,u002,u002_q006,task,task_status,用户访谈的资料收集完成了吗？,recency_similarity_hybrid,u002_e015|u002_e016|u002_e018,Mixed review and reminder|Recent irrelevant side matter|Urgent wrong domain,0.482353|0.481429|0.472297,u002_e006,0.0,1.0,0.0,0.0,0.0,242,0.0
3,u002,u002_q006,task,task_status,用户访谈的资料收集完成了吗？,proposed_TMT_decay_event_memory,u002_e015|u002_e014|u002_e007,Mixed review and reminder|Mixed planning for today|风险同步 status update,0.900847|0.784319|0.758506,u002_e006,0.0,1.0,0.0,0.0,0.0,247,0.0
1,u002,u002_q007,task,task_status,风险同步那个过期事项现在应该怎么处理？,recency_only,u002_e014,Mixed planning for today,1.0,u002_e007,0.0,0.0,0.0,0.0,0.0,93,0.0
1,u002,u002_q007,task,task_status,风险同步那个过期事项现在应该怎么处理？,similarity_only,u002_e007,风险同步 status update,0.117647,u002_e007,1.0,1.0,1.0,1.0,1.0,73,1.0
1,u002,u002_q007,task,task_status,风险同步那个过期事项现在应该怎么处理？,recency_similarity_hybrid,u002_e018,Urgent wrong domain,0.501333,u002_e007,0.0,0.0,0.0,0.0,0.0,84,0.0
1,u002,u002_q007,task,task_status,风险同步那个过期事项现在应该怎么处理？,proposed_TMT_decay_event_memory,u002_e015,Mixed review and reminder,0.844676,u002_e007,0.0,0.0,0.0,0.0,0.0,82,0.0
2,u002,u002_q007,task,task_status,风险同步那个过期事项现在应该怎么处理？,recency_only,u002_e014|u002_e015,Mixed planning for today|Mixed review and reminder,1.0|1.0,u002_e007,0.0,0.0,0.0,0.0,0.0,175,0.0
2,u002,u002_q007,task,task_status,风险同步那个过期事项现在应该怎么处理？,similarity_only,u002_e007|u002_e018,风险同步 status update|Urgent wrong domain,0.117647|0.093333,u002_e007,1.0,1.0,1.0,1.0,1.0,156,1.0
2,u002,u002_q007,task,task_status,风险同步那个过期事项现在应该怎么处理？,recency_similarity_hybrid,u002_e018|u002_e015,Urgent wrong domain|Mixed review and reminder,0.501333|0.480137,u002_e007,0.0,0.0,0.0,0.0,0.0,165,0.0
2,u002,u002_q007,task,task_status,风险同步那个过期事项现在应该怎么处理？,proposed_TMT_decay_event_memory,u002_e015|u002_e007,Mixed review and reminder|风险同步 status update,0.844676|0.802675,u002_e007,1.0,1.0,0.0,1.0,0.6309297535714574,154,1.0
3,u002,u002_q007,task,task_status,风险同步那个过期事项现在应该怎么处理？,recency_only,u002_e014|u002_e015|u002_e016,Mixed planning for today|Mixed review and reminder|Recent irrelevant side matter,1.0|1.0|1.0,u002_e007,0.0,0.0,0.0,0.0,0.0,251,0.0
3,u002,u002_q007,task,task_status,风险同步那个过期事项现在应该怎么处理？,similarity_only,u002_e007|u002_e018|u002_e003,风险同步 status update|Urgent wrong domain|风险同步 planning,0.117647|0.093333|0.083333,u002_e007,1.0,1.0,1.0,1.0,1.0,228,1.0
3,u002,u002_q007,task,task_status,风险同步那个过期事项现在应该怎么处理？,recency_similarity_hybrid,u002_e018|u002_e015|u002_e016,Urgent wrong domain|Mixed review and reminder|Recent irrelevant side matter,0.501333|0.480137|0.464286,u002_e007,0.0,0.0,0.0,0.0,0.0,242,0.0
3,u002,u002_q007,task,task_status,风险同步那个过期事项现在应该怎么处理？,proposed_TMT_decay_event_memory,u002_e015|u002_e007|u002_e014,Mixed review and reminder|风险同步 status update|Mixed planning for today,0.844676|0.802675|0.784319,u002_e007,1.0,1.0,0.0,1.0,0.6309297535714574,247,1.0
1,u002,u002_q008,task,task_context,beta 发布为什么现在还不能最终完成？,recency_only,u002_e014,Mixed planning for today,1.0,u002_e009|u002_e005,0.0,0.0,0.0,0.0,0.0,93,0.0
1,u002,u002_q008,task,task_context,beta 发布为什么现在还不能最终完成？,similarity_only,u002_e005,beta 发布 status update,0.092593,u002_e009|u002_e005,0.5,0.0,1.0,0.5,0.46927872602275644,65,0.0
1,u002,u002_q008,task,task_context,beta 发布为什么现在还不能最终完成？,recency_similarity_hybrid,u002_e018,Urgent wrong domain,0.479333,u002_e009|u002_e005,0.0,0.0,0.0,0.0,0.0,84,0.0
1,u002,u002_q008,task,task_context,beta 发布为什么现在还不能最终完成？,proposed_TMT_decay_event_memory,u002_e015,Mixed review and reminder,0.844676,u002_e009|u002_e005,0.0,0.0,0.0,0.0,0.0,82,0.0
2,u002,u002_q008,task,task_context,beta 发布为什么现在还不能最终完成？,recency_only,u002_e014|u002_e015,Mixed planning for today|Mixed review and reminder,1.0|1.0,u002_e009|u002_e005,0.0,0.0,0.0,0.0,0.0,175,0.0
2,u002,u002_q008,task,task_context,beta 发布为什么现在还不能最终完成？,similarity_only,u002_e005|u002_e007,beta 发布 status update|风险同步 status update,0.092593|0.073529,u002_e009|u002_e005,0.5,0.0,1.0,0.5,0.46927872602275644,138,0.0
2,u002,u002_q008,task,task_context,beta 发布为什么现在还不能最终完成？,recency_similarity_hybrid,u002_e018|u002_e014,Urgent wrong domain|Mixed planning for today,0.479333|0.470886,u002_e009|u002_e005,0.0,0.0,0.0,0.0,0.0,177,0.0
2,u002,u002_q008,task,task_context,beta 发布为什么现在还不能最终完成？,proposed_TMT_decay_event_memory,u002_e015|u002_e014,Mixed review and reminder|Mixed planning for today,0.844676|0.818939,u002_e009|u002_e005,0.0,0.0,0.0,0.0,0.0,175,0.0
3,u002,u002_q008,task,task_context,beta 发布为什么现在还不能最终完成？,recency_only,u002_e014|u002_e015|u002_e016,Mixed planning for today|Mixed review and reminder|Recent irrelevant side matter,1.0|1.0|1.0,u002_e009|u002_e005,0.0,0.0,0.0,0.0,0.0,251,0.0
3,u002,u002_q008,task,task_context,beta 发布为什么现在还不能最终完成？,similarity_only,u002_e005|u002_e007|u002_e017,beta 发布 status update|风险同步 status update|Semantic similar wrong status,0.092593|0.073529|0.070423,u002_e009|u002_e005,0.5,0.0,1.0,0.5,0.46927872602275644,222,0.0
3,u002,u002_q008,task,task_context,beta 发布为什么现在还不能最终完成？,recency_similarity_hybrid,u002_e018|u002_e014|u002_e016,Urgent wrong domain|Mixed planning for today|Recent irrelevant side matter,0.479333|0.470886|0.457333,u002_e009|u002_e005,0.0,0.0,0.0,0.0,0.0,253,0.0
3,u002,u002_q008,task,task_context,beta 发布为什么现在还不能最终完成？,proposed_TMT_decay_event_memory,u002_e015|u002_e014|u002_e001,Mixed review and reminder|Mixed planning for today|beta 发布 planning,0.844676|0.818939|0.77088,u002_e009|u002_e005,0.0,0.0,0.0,0.0,0.0,235,0.0
1,u002,u002_q009,task,task_context,路线图评审当前有效计划是什么？,recency_only,u002_e014,Mixed planning for today,1.0,u002_e008|u002_e020,0.0,1.0,0.0,0.0,0.0,93,0.0
1,u002,u002_q009,task,task_context,路线图评审当前有效计划是什么？,similarity_only,u002_e004,路线图评审 planning,0.111111,u002_e008|u002_e020,0.0,1.0,0.0,0.0,0.0,72,0.0
1,u002,u002_q009,task,task_context,路线图评审当前有效计划是什么？,recency_similarity_hybrid,u002_e018,Urgent wrong domain,0.457143,u002_e008|u002_e020,0.0,1.0,0.0,0.0,0.0,84,0.0
1,u002,u002_q009,task,task_context,路线图评审当前有效计划是什么？,proposed_TMT_decay_event_memory,u002_e015,Mixed review and reminder,0.844676,u002_e008|u002_e020,0.0,1.0,0.0,0.0,0.0,82,0.0
2,u002,u002_q009,task,task_context,路线图评审当前有效计划是什么？,recency_only,u002_e014|u002_e015,Mixed planning for today|Mixed review and reminder,1.0|1.0,u002_e008|u002_e020,0.0,1.0,0.0,0.0,0.0,175,0.0
2,u002,u002_q009,task,task_context,路线图评审当前有效计划是什么？,similarity_only,u002_e004|u002_e008,路线图评审 planning|路线图评审 status update,0.111111|0.107692,u002_e008|u002_e020,0.5,1.0,0.0,0.5,0.52129602861432,146,0.0
2,u002,u002_q009,task,task_context,路线图评审当前有效计划是什么？,recency_similarity_hybrid,u002_e018|u002_e014,Urgent wrong domain|Mixed planning for today,0.457143|0.456875,u002_e008|u002_e020,0.0,1.0,0.0,0.0,0.0,177,0.0
2,u002,u002_q009,task,task_context,路线图评审当前有效计划是什么？,proposed_TMT_decay_event_memory,u002_e015|u002_e014,Mixed review and reminder|Mixed planning for today,0.844676|0.784319,u002_e008|u002_e020,0.0,1.0,0.0,0.0,0.0,175,0.0
3,u002,u002_q009,task,task_context,路线图评审当前有效计划是什么？,recency_only,u002_e014|u002_e015|u002_e016,Mixed planning for today|Mixed review and reminder|Recent irrelevant side matter,1.0|1.0|1.0,u002_e008|u002_e020,0.0,1.0,0.0,0.0,0.0,251,0.0
3,u002,u002_q009,task,task_context,路线图评审当前有效计划是什么？,similarity_only,u002_e004|u002_e008|u002_e020,路线图评审 planning|路线图评审 status update|Superseded MU distractor,0.111111|0.107692|0.085714,u002_e008|u002_e020,1.0,1.0,0.0,1.0,0.6590018048024133,228,1.0
3,u002,u002_q009,task,task_context,路线图评审当前有效计划是什么？,recency_similarity_hybrid,u002_e018|u002_e014|u002_e015,Urgent wrong domain|Mixed planning for today|Mixed review and reminder,0.457143|0.456875|0.45,u002_e008|u002_e020,0.0,1.0,0.0,0.0,0.0,258,0.0
3,u002,u002_q009,task,task_context,路线图评审当前有效计划是什么？,proposed_TMT_decay_event_memory,u002_e015|u002_e014|u002_e007,Mixed review and reminder|Mixed planning for today|风险同步 status update,0.844676|0.784319|0.758506,u002_e008|u002_e020,0.0,1.0,0.0,0.0,0.0,247,0.0
1,u002,u002_q010,task,task_dependency,做beta 发布前还缺什么依赖？,recency_only,u002_e014,Mixed planning for today,1.0,u002_e009|u002_e014,0.5,0.0,1.0,0.5,0.46927872602275644,93,0.0
1,u002,u002_q010,task,task_dependency,做beta 发布前还缺什么依赖？,similarity_only,u002_e009,beta 发布 dependency discussion,0.101695,u002_e009|u002_e014,0.5,1.0,1.0,0.5,0.7039180890341347,87,0.0
1,u002,u002_q010,task,task_dependency,做beta 发布前还缺什么依赖？,recency_similarity_hybrid,u002_e018,Urgent wrong domain,0.472917,u002_e009|u002_e014,0.0,0.0,0.0,0.0,0.0,84,0.0
1,u002,u002_q010,task,task_dependency,做beta 发布前还缺什么依赖？,proposed_TMT_decay_event_memory,u002_e015,Mixed review and reminder,0.844676,u002_e009|u002_e014,0.0,0.0,0.0,0.0,0.0,82,0.0
2,u002,u002_q010,task,task_dependency,做beta 发布前还缺什么依赖？,recency_only,u002_e014|u002_e015,Mixed planning for today|Mixed review and reminder,1.0|1.0,u002_e009|u002_e014,0.5,0.0,1.0,0.5,0.46927872602275644,175,0.0
2,u002,u002_q010,task,task_dependency,做beta 发布前还缺什么依赖？,similarity_only,u002_e009|u002_e005,beta 发布 dependency discussion|beta 发布 status update,0.101695|0.057692,u002_e009|u002_e014,0.5,1.0,1.0,0.5,0.7039180890341347,152,0.0
2,u002,u002_q010,task,task_dependency,做beta 发布前还缺什么依赖？,recency_similarity_hybrid,u002_e018|u002_e014,Urgent wrong domain|Mixed planning for today,0.472917|0.472,u002_e009|u002_e014,0.5,0.0,0.0,0.5,0.2960819109658652,177,0.0
2,u002,u002_q010,task,task_dependency,做beta 发布前还缺什么依赖？,proposed_TMT_decay_event_memory,u002_e015|u002_e014,Mixed review and reminder|Mixed planning for today,0.844676|0.825207,u002_e009|u002_e014,0.5,0.0,0.0,0.5,0.2960819109658652,175,0.0
3,u002,u002_q010,task,task_dependency,做beta 发布前还缺什么依赖？,recency_only,u002_e014|u002_e015|u002_e016,Mixed planning for today|Mixed review and reminder|Recent irrelevant side matter,1.0|1.0|1.0,u002_e009|u002_e014,0.5,0.0,1.0,0.5,0.46927872602275644,251,0.0
3,u002,u002_q010,task,task_dependency,做beta 发布前还缺什么依赖？,similarity_only,u002_e009|u002_e005|u002_e001,beta 发布 dependency discussion|beta 发布 status update|beta 发布 planning,0.101695|0.057692|0.057143,u002_e009|u002_e014,0.5,1.0,1.0,0.5,0.7039180890341347,213,0.0
3,u002,u002_q010,task,task_dependency,做beta 发布前还缺什么依赖？,recency_similarity_hybrid,u002_e018|u002_e014|u002_e015,Urgent wrong domain|Mixed planning for today|Mixed review and reminder,0.472917|0.472|0.466176,u002_e009|u002_e014,0.5,0.0,0.0,0.5,0.2960819109658652,258,0.0
3,u002,u002_q010,task,task_dependency,做beta 发布前还缺什么依赖？,proposed_TMT_decay_event_memory,u002_e015|u002_e014|u002_e001,Mixed review and reminder|Mixed planning for today|beta 发布 planning,0.844676|0.825207|0.777558,u002_e009|u002_e014,0.5,0.0,0.0,0.5,0.2960819109658652,235,0.0
1,u002,u002_q011,task,task_dependency,用户访谈卡住的前置条件是什么？,recency_only,u002_e014,Mixed planning for today,1.0,u002_e010|u002_e006|u002_e015,0.0,1.0,0.0,0.0,0.0,93,0.0
1,u002,u002_q011,task,task_dependency,用户访谈卡住的前置条件是什么？,similarity_only,u002_e010,用户访谈 dependency discussion,0.080645,u002_e010|u002_e006|u002_e015,0.3333333333333333,1.0,1.0,0.3333333333333333,0.5090967735771897,80,0.0
1,u002,u002_q011,task,task_dependency,用户访谈卡住的前置条件是什么？,recency_similarity_hybrid,u002_e015,Mixed review and reminder,0.481884,u002_e010|u002_e006|u002_e015,0.3333333333333333,1.0,1.0,0.3333333333333333,0.3393978490514598,82,0.0
1,u002,u002_q011,task,task_dependency,用户访谈卡住的前置条件是什么？,proposed_TMT_decay_event_memory,u002_e015,Mixed review and reminder,0.898266,u002_e010|u002_e006|u002_e015,0.3333333333333333,1.0,1.0,0.3333333333333333,0.3393978490514598,82,0.0
2,u002,u002_q011,task,task_dependency,用户访谈卡住的前置条件是什么？,recency_only,u002_e014|u002_e015,Mixed planning for today|Mixed review and reminder,1.0|1.0,u002_e010|u002_e006|u002_e015,0.3333333333333333,1.0,0.0,0.3333333333333333,0.21413620126472027,175,0.0
2,u002,u002_q011,task,task_dependency,用户访谈卡住的前置条件是什么？,similarity_only,u002_e010|u002_e002,用户访谈 dependency discussion|用户访谈 planning,0.080645|0.079365,u002_e010|u002_e006|u002_e015,0.3333333333333333,1.0,1.0,0.3333333333333333,0.5090967735771897,141,0.0
2,u002,u002_q011,task,task_dependency,用户访谈卡住的前置条件是什么？,recency_similarity_hybrid,u002_e015|u002_e016,Mixed review and reminder|Recent irrelevant side matter,0.481884|0.472917,u002_e010|u002_e006|u002_e015,0.3333333333333333,1.0,1.0,0.3333333333333333,0.3393978490514598,158,0.0
2,u002,u002_q011,task,task_dependency,用户访谈卡住的前置条件是什么？,proposed_TMT_decay_event_memory,u002_e015|u002_e014,Mixed review and reminder|Mixed planning for today,0.898266|0.784319,u002_e010|u002_e006|u002_e015,0.3333333333333333,1.0,1.0,0.3333333333333333,0.3393978490514598,175,0.0
3,u002,u002_q011,task,task_dependency,用户访谈卡住的前置条件是什么？,recency_only,u002_e014|u002_e015|u002_e016,Mixed planning for today|Mixed review and reminder|Recent irrelevant side matter,1.0|1.0|1.0,u002_e010|u002_e006|u002_e015,0.3333333333333333,1.0,0.0,0.3333333333333333,0.21413620126472027,251,0.0
3,u002,u002_q011,task,task_dependency,用户访谈卡住的前置条件是什么？,similarity_only,u002_e010|u002_e002|u002_e009,用户访谈 dependency discussion|用户访谈 planning|beta 发布 dependency discussion,0.080645|0.079365|0.079365,u002_e010|u002_e006|u002_e015,0.3333333333333333,1.0,1.0,0.3333333333333333,0.5090967735771897,228,0.0
3,u002,u002_q011,task,task_dependency,用户访谈卡住的前置条件是什么？,recency_similarity_hybrid,u002_e015|u002_e016|u002_e018,Mixed review and reminder|Recent irrelevant side matter|Urgent wrong domain,0.481884|0.472917|0.472,u002_e010|u002_e006|u002_e015,0.3333333333333333,1.0,1.0,0.3333333333333333,0.3393978490514598,242,0.0
3,u002,u002_q011,task,task_dependency,用户访谈卡住的前置条件是什么？,proposed_TMT_decay_event_memory,u002_e015|u002_e014|u002_e007,Mixed review and reminder|Mixed planning for today|风险同步 status update,0.898266|0.784319|0.758506,u002_e010|u002_e006|u002_e015,0.3333333333333333,1.0,1.0,0.3333333333333333,0.3393978490514598,247,0.0
1,u002,u002_q012,chat,chat_preference,我做计划时有什么稳定偏好？,recency_only,u002_e014,Mixed planning for today,1.0,u002_e011|u002_e019,0.0,,0.0,0.0,0.0,93,0.0
1,u002,u002_q012,chat,chat_preference,我做计划时有什么稳定偏好？,similarity_only,u002_e019,Old but stable preference,0.092308,u002_e011|u002_e019,0.5,,1.0,0.5,0.6131471927654584,85,0.0
1,u002,u002_q012,chat,chat_preference,我做计划时有什么稳定偏好？,recency_similarity_hybrid,u002_e014,Mixed planning for today,0.479333,u002_e011|u002_e019,0.0,,0.0,0.0,0.0,93,0.0
1,u002,u002_q012,chat,chat_preference,我做计划时有什么稳定偏好？,proposed_TMT_decay_event_memory,u002_e014,Mixed planning for today,0.891388,u002_e011|u002_e019,0.0,,0.0,0.0,0.0,93,0.0
2,u002,u002_q012,chat,chat_preference,我做计划时有什么稳定偏好？,recency_only,u002_e014|u002_e015,Mixed planning for today|Mixed review and reminder,1.0|1.0,u002_e011|u002_e019,0.0,,0.0,0.0,0.0,175,0.0
2,u002,u002_q012,chat,chat_preference,我做计划时有什么稳定偏好？,similarity_only,u002_e019|u002_e014,Old but stable preference|Mixed planning for today,0.092308|0.053333,u002_e011|u002_e019,0.5,,1.0,0.5,0.6131471927654584,178,0.0
2,u002,u002_q012,chat,chat_preference,我做计划时有什么稳定偏好？,recency_similarity_hybrid,u002_e014|u002_e015,Mixed planning for today|Mixed review and reminder,0.479333|0.474265,u002_e011|u002_e019,0.0,,0.0,0.0,0.0,175,0.0
2,u002,u002_q012,chat,chat_preference,我做计划时有什么稳定偏好？,proposed_TMT_decay_event_memory,u002_e014|u002_e015,Mixed planning for today|Mixed review and reminder,0.891388|0.849317,u002_e011|u002_e019,0.0,,0.0,0.0,0.0,175,0.0
3,u002,u002_q012,chat,chat_preference,我做计划时有什么稳定偏好？,recency_only,u002_e014|u002_e015|u002_e016,Mixed planning for today|Mixed review and reminder|Recent irrelevant side matter,1.0|1.0|1.0,u002_e011|u002_e019,0.0,,0.0,0.0,0.0,251,0.0
3,u002,u002_q012,chat,chat_preference,我做计划时有什么稳定偏好？,similarity_only,u002_e019|u002_e014|u002_e011,Old but stable preference|Mixed planning for today|Stable preference and profile,0.092308|0.053333|0.047059,u002_e011|u002_e019,1.0,,1.0,1.0,0.9197207891481876,236,1.0
3,u002,u002_q012,chat,chat_preference,我做计划时有什么稳定偏好？,recency_similarity_hybrid,u002_e014|u002_e015|u002_e016,Mixed planning for today|Mixed review and reminder|Recent irrelevant side matter,0.479333|0.474265|0.457639,u002_e011|u002_e019,0.0,,0.0,0.0,0.0,251,0.0
3,u002,u002_q012,chat,chat_preference,我做计划时有什么稳定偏好？,proposed_TMT_decay_event_memory,u002_e014|u002_e015|u002_e010,Mixed planning for today|Mixed review and reminder|用户访谈 dependency discussion,0.891388|0.849317|0.825251,u002_e011|u002_e019,0.0,,0.0,0.0,0.0,254,0.0
1,u002,u002_q013,chat,chat_preference,关于深度工作时间，我现在应该遵循哪个偏好？,recency_only,u002_e014,Mixed planning for today,1.0,u002_e013|u002_e012,0.0,,0.0,0.0,0.0,93,0.0
1,u002,u002_q013,chat,chat_preference,关于深度工作时间，我现在应该遵循哪个偏好？,similarity_only,u002_e013,Updated preference record,0.078125,u002_e013|u002_e012,0.5,,1.0,0.5,0.8262346571285599,76,0.0
1,u002,u002_q013,chat,chat_preference,关于深度工作时间，我现在应该遵循哪个偏好？,recency_similarity_hybrid,u002_e014,Mixed planning for today,0.483951,u002_e013|u002_e012,0.0,,0.0,0.0,0.0,93,0.0
1,u002,u002_q013,chat,chat_preference,关于深度工作时间，我现在应该遵循哪个偏好？,proposed_TMT_decay_event_memory,u002_e014,Mixed planning for today,0.891388,u002_e013|u002_e012,0.0,,0.0,0.0,0.0,93,0.0
2,u002,u002_q013,chat,chat_preference,关于深度工作时间，我现在应该遵循哪个偏好？,recency_only,u002_e014|u002_e015,Mixed planning for today|Mixed review and reminder,1.0|1.0,u002_e013|u002_e012,0.0,,0.0,0.0,0.0,175,0.0
2,u002,u002_q013,chat,chat_preference,关于深度工作时间，我现在应该遵循哪个偏好？,similarity_only,u002_e013|u002_e019,Updated preference record|Old but stable preference,0.078125|0.068493,u002_e013|u002_e012,0.5,,1.0,0.5,0.8262346571285599,161,0.0
2,u002,u002_q013,chat,chat_preference,关于深度工作时间，我现在应该遵循哪个偏好？,recency_similarity_hybrid,u002_e014|u002_e016,Mixed planning for today|Recent irrelevant side matter,0.483951|0.478947,u002_e013|u002_e012,0.0,,0.0,0.0,0.0,170,0.0
2,u002,u002_q013,chat,chat_preference,关于深度工作时间，我现在应该遵循哪个偏好？,proposed_TMT_decay_event_memory,u002_e014|u002_e015,Mixed planning for today|Mixed review and reminder,0.891388|0.849317,u002_e013|u002_e012,0.0,,0.0,0.0,0.0,175,0.0
3,u002,u002_q013,chat,chat_preference,关于深度工作时间，我现在应该遵循哪个偏好？,recency_only,u002_e014|u002_e015|u002_e016,Mixed planning for today|Mixed review and reminder|Recent irrelevant side matter,1.0|1.0|1.0,u002_e013|u002_e012,0.0,,0.0,0.0,0.0,251,0.0
3,u002,u002_q013,chat,chat_preference,关于深度工作时间，我现在应该遵循哪个偏好？,similarity_only,u002_e013|u002_e019|u002_e014,Updated preference record|Old but stable preference|Mixed planning for today,0.078125|0.068493|0.061728,u002_e013|u002_e012,0.5,,1.0,0.5,0.8262346571285599,254,0.0
3,u002,u002_q013,chat,chat_preference,关于深度工作时间，我现在应该遵循哪个偏好？,recency_similarity_hybrid,u002_e014|u002_e016|u002_e015,Mixed planning for today|Recent irrelevant side matter|Mixed review and reminder,0.483951|0.478947|0.472,u002_e013|u002_e012,0.0,,0.0,0.0,0.0,251,0.0
3,u002,u002_q013,chat,chat_preference,关于深度工作时间，我现在应该遵循哪个偏好？,proposed_TMT_decay_event_memory,u002_e014|u002_e015|u002_e010,Mixed planning for today|Mixed review and reminder|用户访谈 dependency discussion,0.891388|0.849317|0.825251,u002_e013|u002_e012,0.0,,0.0,0.0,0.0,254,0.0
1,u002,u002_q014,chat,chat_profile,我的背景和主要任务场景是什么？,recency_only,u002_e014,Mixed planning for today,1.0,u002_e011|u002_e001,0.0,,0.0,0.0,0.0,93,0.0
1,u002,u002_q014,chat,chat_profile,我的背景和主要任务场景是什么？,similarity_only,u002_e016,Recent irrelevant side matter,0.072464,u002_e011|u002_e001,0.0,,0.0,0.0,0.0,77,0.0
1,u002,u002_q014,chat,chat_profile,我的背景和主要任务场景是什么？,recency_similarity_hybrid,u002_e016,Recent irrelevant side matter,0.489855,u002_e011|u002_e001,0.0,,0.0,0.0,0.0,77,0.0
1,u002,u002_q014,chat,chat_profile,我的背景和主要任务场景是什么？,proposed_TMT_decay_event_memory,u002_e014,Mixed planning for today,0.891388,u002_e011|u002_e001,0.0,,0.0,0.0,0.0,93,0.0
2,u002,u002_q014,chat,chat_profile,我的背景和主要任务场景是什么？,recency_only,u002_e014|u002_e015,Mixed planning for today|Mixed review and reminder,1.0|1.0,u002_e011|u002_e001,0.0,,0.0,0.0,0.0,175,0.0
2,u002,u002_q014,chat,chat_profile,我的背景和主要任务场景是什么？,similarity_only,u002_e016|u002_e002,Recent irrelevant side matter|用户访谈 planning,0.072464|0.063492,u002_e011|u002_e001,0.0,,0.0,0.0,0.0,139,0.0
2,u002,u002_q014,chat,chat_profile,我的背景和主要任务场景是什么？,recency_similarity_hybrid,u002_e016|u002_e015,Recent irrelevant side matter|Mixed review and reminder,0.489855|0.482353,u002_e011|u002_e001,0.0,,0.0,0.0,0.0,158,0.0
2,u002,u002_q014,chat,chat_profile,我的背景和主要任务场景是什么？,proposed_TMT_decay_event_memory,u002_e014|u002_e015,Mixed planning for today|Mixed review and reminder,0.891388|0.849317,u002_e011|u002_e001,0.0,,0.0,0.0,0.0,175,0.0
3,u002,u002_q014,chat,chat_profile,我的背景和主要任务场景是什么？,recency_only,u002_e014|u002_e015|u002_e016,Mixed planning for today|Mixed review and reminder|Recent irrelevant side matter,1.0|1.0|1.0,u002_e011|u002_e001,0.0,,0.0,0.0,0.0,251,0.0
3,u002,u002_q014,chat,chat_profile,我的背景和主要任务场景是什么？,similarity_only,u002_e016|u002_e002|u002_e015,Recent irrelevant side matter|用户访谈 planning|Mixed review and reminder,0.072464|0.063492|0.058824,u002_e011|u002_e001,0.0,,0.0,0.0,0.0,220,0.0
3,u002,u002_q014,chat,chat_profile,我的背景和主要任务场景是什么？,recency_similarity_hybrid,u002_e016|u002_e015|u002_e018,Recent irrelevant side matter|Mixed review and reminder|Urgent wrong domain,0.489855|0.482353|0.457237,u002_e011|u002_e001,0.0,,0.0,0.0,0.0,242,0.0
3,u002,u002_q014,chat,chat_profile,我的背景和主要任务场景是什么？,proposed_TMT_decay_event_memory,u002_e014|u002_e015|u002_e010,Mixed planning for today|Mixed review and reminder|用户访谈 dependency discussion,0.891388|0.849317|0.825251,u002_e011|u002_e001,0.0,,0.0,0.0,0.0,254,0.0
1,u002,u002_q015,chat,chat_history,之前我提过哪些和提醒方式有关的要求？,recency_only,u002_e014,Mixed planning for today,1.0,u002_e011|u002_e015,0.0,,0.0,0.0,0.0,93,0.0
1,u002,u002_q015,chat,chat_history,之前我提过哪些和提醒方式有关的要求？,similarity_only,u002_e015,Mixed review and reminder,0.071429,u002_e011|u002_e015,0.5,,1.0,0.5,0.6131471927654584,82,0.0
1,u002,u002_q015,chat,chat_history,之前我提过哪些和提醒方式有关的要求？,recency_similarity_hybrid,u002_e015,Mixed review and reminder,0.489286,u002_e011|u002_e015,0.5,,1.0,0.5,0.6131471927654584,82,0.0
1,u002,u002_q015,chat,chat_history,之前我提过哪些和提醒方式有关的要求？,proposed_TMT_decay_event_memory,u002_e014,Mixed planning for today,0.891388,u002_e011|u002_e015,0.0,,0.0,0.0,0.0,93,0.0
2,u002,u002_q015,chat,chat_history,之前我提过哪些和提醒方式有关的要求？,recency_only,u002_e014|u002_e015,Mixed planning for today|Mixed review and reminder,1.0|1.0,u002_e011|u002_e015,0.5,,0.0,0.5,0.3868528072345416,175,0.0
2,u002,u002_q015,chat,chat_history,之前我提过哪些和提醒方式有关的要求？,similarity_only,u002_e015|u002_e001,Mixed review and reminder|beta 发布 planning,0.071429|0.053333,u002_e011|u002_e015,0.5,,1.0,0.5,0.6131471927654584,142,0.0
2,u002,u002_q015,chat,chat_history,之前我提过哪些和提醒方式有关的要求？,recency_similarity_hybrid,u002_e015|u002_e016,Mixed review and reminder|Recent irrelevant side matter,0.489286|0.472297,u002_e011|u002_e015,0.5,,1.0,0.5,0.6131471927654584,158,0.0
2,u002,u002_q015,chat,chat_history,之前我提过哪些和提醒方式有关的要求？,proposed_TMT_decay_event_memory,u002_e014|u002_e015,Mixed planning for today|Mixed review and reminder,0.891388|0.849317,u002_e011|u002_e015,0.5,,0.0,0.5,0.3868528072345416,175,0.0
3,u002,u002_q015,chat,chat_history,之前我提过哪些和提醒方式有关的要求？,recency_only,u002_e014|u002_e015|u002_e016,Mixed planning for today|Mixed review and reminder|Recent irrelevant side matter,1.0|1.0|1.0,u002_e011|u002_e015,0.5,,0.0,0.5,0.3868528072345416,251,0.0
3,u002,u002_q015,chat,chat_history,之前我提过哪些和提醒方式有关的要求？,similarity_only,u002_e015|u002_e001|u002_e009,Mixed review and reminder|beta 发布 planning|beta 发布 dependency discussion,0.071429|0.053333|0.044776,u002_e011|u002_e015,0.5,,1.0,0.5,0.6131471927654584,229,0.0
3,u002,u002_q015,chat,chat_history,之前我提过哪些和提醒方式有关的要求？,recency_similarity_hybrid,u002_e015|u002_e016|u002_e018,Mixed review and reminder|Recent irrelevant side matter|Urgent wrong domain,0.489286|0.472297|0.464103,u002_e011|u002_e015,0.5,,1.0,0.5,0.6131471927654584,242,0.0
3,u002,u002_q015,chat,chat_history,之前我提过哪些和提醒方式有关的要求？,proposed_TMT_decay_event_memory,u002_e014|u002_e015|u002_e010,Mixed planning for today|Mixed review and reminder|用户访谈 dependency discussion,0.891388|0.849317|0.825251,u002_e011|u002_e015,0.5,,0.0,0.5,0.3868528072345416,254,0.0
1,u002,u002_q016,chat,mixed,帮我安排今天上午，结合任务优先级和个人偏好。,recency_only,u002_e014,Mixed planning for today,1.0,u002_e014|u002_e013|u002_e001,0.3333333333333333,,1.0,0.3333333333333333,0.5090967735771897,93,0.0
1,u002,u002_q016,chat,mixed,帮我安排今天上午，结合任务优先级和个人偏好。,similarity_only,u002_e014,Mixed planning for today,0.144737,u002_e014|u002_e013|u002_e001,0.3333333333333333,,1.0,0.3333333333333333,0.5090967735771897,93,0.0
1,u002,u002_q016,chat,mixed,帮我安排今天上午，结合任务优先级和个人偏好。,recency_similarity_hybrid,u002_e014,Mixed planning for today,0.529605,u002_e014|u002_e013|u002_e001,0.3333333333333333,,1.0,0.3333333333333333,0.5090967735771897,93,0.0
1,u002,u002_q016,chat,mixed,帮我安排今天上午，结合任务优先级和个人偏好。,proposed_TMT_decay_event_memory,u002_e014,Mixed planning for today,0.891388,u002_e014|u002_e013|u002_e001,0.3333333333333333,,1.0,0.3333333333333333,0.5090967735771897,93,0.0
2,u002,u002_q016,chat,mixed,帮我安排今天上午，结合任务优先级和个人偏好。,recency_only,u002_e014|u002_e015,Mixed planning for today|Mixed review and reminder,1.0|1.0,u002_e014|u002_e013|u002_e001,0.3333333333333333,,1.0,0.3333333333333333,0.5090967735771897,175,0.0
2,u002,u002_q016,chat,mixed,帮我安排今天上午，结合任务优先级和个人偏好。,similarity_only,u002_e014|u002_e015,Mixed planning for today|Mixed review and reminder,0.144737|0.067568,u002_e014|u002_e013|u002_e001,0.3333333333333333,,1.0,0.3333333333333333,0.5090967735771897,175,0.0
2,u002,u002_q016,chat,mixed,帮我安排今天上午，结合任务优先级和个人偏好。,recency_similarity_hybrid,u002_e014|u002_e015,Mixed planning for today|Mixed review and reminder,0.529605|0.487162,u002_e014|u002_e013|u002_e001,0.3333333333333333,,1.0,0.3333333333333333,0.5090967735771897,175,0.0
2,u002,u002_q016,chat,mixed,帮我安排今天上午，结合任务优先级和个人偏好。,proposed_TMT_decay_event_memory,u002_e014|u002_e015,Mixed planning for today|Mixed review and reminder,0.891388|0.849317,u002_e014|u002_e013|u002_e001,0.3333333333333333,,1.0,0.3333333333333333,0.5090967735771897,175,0.0
3,u002,u002_q016,chat,mixed,帮我安排今天上午，结合任务优先级和个人偏好。,recency_only,u002_e014|u002_e015|u002_e016,Mixed planning for today|Mixed review and reminder|Recent irrelevant side matter,1.0|1.0|1.0,u002_e014|u002_e013|u002_e001,0.3333333333333333,,1.0,0.3333333333333333,0.5090967735771897,251,0.0
3,u002,u002_q016,chat,mixed,帮我安排今天上午，结合任务优先级和个人偏好。,similarity_only,u002_e014|u002_e015|u002_e001,Mixed planning for today|Mixed review and reminder|beta 发布 planning,0.144737|0.067568|0.050633,u002_e014|u002_e013|u002_e001,0.6666666666666666,,1.0,0.6666666666666666,0.6787956981029196,235,0.0
3,u002,u002_q016,chat,mixed,帮我安排今天上午，结合任务优先级和个人偏好。,recency_similarity_hybrid,u002_e014|u002_e015|u002_e016,Mixed planning for today|Mixed review and reminder|Recent irrelevant side matter,0.529605|0.487162|0.471154,u002_e014|u002_e013|u002_e001,0.3333333333333333,,1.0,0.3333333333333333,0.5090967735771897,251,0.0
3,u002,u002_q016,chat,mixed,帮我安排今天上午，结合任务优先级和个人偏好。,proposed_TMT_decay_event_memory,u002_e014|u002_e015|u002_e010,Mixed planning for today|Mixed review and reminder|用户访谈 dependency discussion,0.891388|0.849317|0.825251,u002_e014|u002_e013|u002_e001,0.3333333333333333,,1.0,0.3333333333333333,0.5090967735771897,254,0.0
1,u002,u002_q017,chat,mixed,帮我写一个关于用户访谈的提醒，要体现依赖关系。,recency_only,u002_e014,Mixed planning for today,1.0,u002_e015|u002_e010,0.0,,0.0,0.0,0.0,93,0.0
1,u002,u002_q017,chat,mixed,帮我写一个关于用户访谈的提醒，要体现依赖关系。,similarity_only,u002_e015,Mixed review and reminder,0.128571,u002_e015|u002_e010,0.5,,1.0,0.5,0.6131471927654584,82,0.0
1,u002,u002_q017,chat,mixed,帮我写一个关于用户访谈的提醒，要体现依赖关系。,recency_similarity_hybrid,u002_e015,Mixed review and reminder,0.520714,u002_e015|u002_e010,0.5,,1.0,0.5,0.6131471927654584,82,0.0
1,u002,u002_q017,chat,mixed,帮我写一个关于用户访谈的提醒，要体现依赖关系。,proposed_TMT_decay_event_memory,u002_e014,Mixed planning for today,0.891388,u002_e015|u002_e010,0.0,,0.0,0.0,0.0,93,0.0
2,u002,u002_q017,chat,mixed,帮我写一个关于用户访谈的提醒，要体现依赖关系。,recency_only,u002_e014|u002_e015,Mixed planning for today|Mixed review and reminder,1.0|1.0,u002_e015|u002_e010,0.5,,0.0,0.5,0.3868528072345416,175,0.0
2,u002,u002_q017,chat,mixed,帮我写一个关于用户访谈的提醒，要体现依赖关系。,similarity_only,u002_e015|u002_e002,Mixed review and reminder|用户访谈 planning,0.128571|0.121212,u002_e015|u002_e010,0.5,,1.0,0.5,0.6131471927654584,143,0.0
2,u002,u002_q017,chat,mixed,帮我写一个关于用户访谈的提醒，要体现依赖关系。,recency_similarity_hybrid,u002_e015|u002_e016,Mixed review and reminder|Recent irrelevant side matter,0.520714|0.502027,u002_e015|u002_e010,0.5,,1.0,0.5,0.6131471927654584,158,0.0
2,u002,u002_q017,chat,mixed,帮我写一个关于用户访谈的提醒，要体现依赖关系。,proposed_TMT_decay_event_memory,u002_e014|u002_e015,Mixed planning for today|Mixed review and reminder,0.891388|0.883857,u002_e015|u002_e010,0.5,,0.0,0.5,0.3868528072345416,175,0.0
3,u002,u002_q017,chat,mixed,帮我写一个关于用户访谈的提醒，要体现依赖关系。,recency_only,u002_e014|u002_e015|u002_e016,Mixed planning for today|Mixed review and reminder|Recent irrelevant side matter,1.0|1.0|1.0,u002_e015|u002_e010,0.5,,0.0,0.5,0.3868528072345416,251,0.0
3,u002,u002_q017,chat,mixed,帮我写一个关于用户访谈的提醒，要体现依赖关系。,similarity_only,u002_e015|u002_e002|u002_e010,Mixed review and reminder|用户访谈 planning|用户访谈 dependency discussion,0.128571|0.121212|0.106061,u002_e015|u002_e010,1.0,,1.0,1.0,0.9197207891481876,223,1.0
3,u002,u002_q017,chat,mixed,帮我写一个关于用户访谈的提醒，要体现依赖关系。,recency_similarity_hybrid,u002_e015|u002_e016|u002_e018,Mixed review and reminder|Recent irrelevant side matter|Urgent wrong domain,0.520714|0.502027|0.492308,u002_e015|u002_e010,0.5,,1.0,0.5,0.6131471927654584,242,0.0
3,u002,u002_q017,chat,mixed,帮我写一个关于用户访谈的提醒，要体现依赖关系。,proposed_TMT_decay_event_memory,u002_e014|u002_e015|u002_e010,Mixed planning for today|Mixed review and reminder|用户访谈 dependency discussion,0.891388|0.883857|0.876227,u002_e015|u002_e010,1.0,,0.0,1.0,0.6934264036172708,254,1.0
1,u002,u002_q018,task,task_priority,我还有什么低优先级但今天可能会干扰我的事？,recency_only,u002_e014,Mixed planning for today,1.0,u002_e018|u002_e003|u002_e016,0.0,0.0,0.0,0.0,0.0,93,0.0
1,u002,u002_q018,task,task_priority,我还有什么低优先级但今天可能会干扰我的事？,similarity_only,u002_e012,Old preference record,0.054795,u002_e018|u002_e003|u002_e016,0.0,0.0,0.0,0.0,0.0,71,0.0
1,u002,u002_q018,task,task_priority,我还有什么低优先级但今天可能会干扰我的事？,recency_similarity_hybrid,u002_e018,Urgent wrong domain,0.477848,u002_e018|u002_e003|u002_e016,0.3333333333333333,0.5,1.0,0.3333333333333333,0.6300059872618923,84,0.0
1,u002,u002_q018,task,task_priority,我还有什么低优先级但今天可能会干扰我的事？,proposed_TMT_decay_event_memory,u002_e015,Mixed review and reminder,0.844676,u002_e018|u002_e003|u002_e016,0.0,0.0,0.0,0.0,0.0,82,0.0
2,u002,u002_q018,task,task_priority,我还有什么低优先级但今天可能会干扰我的事？,recency_only,u002_e014|u002_e015,Mixed planning for today|Mixed review and reminder,1.0|1.0,u002_e018|u002_e003|u002_e016,0.0,0.0,0.0,0.0,0.0,175,0.0
2,u002,u002_q018,task,task_priority,我还有什么低优先级但今天可能会干扰我的事？,similarity_only,u002_e012|u002_e018,Old preference record|Urgent wrong domain,0.054795|0.050633,u002_e018|u002_e003|u002_e016,0.3333333333333333,0.5,0.0,0.3333333333333333,0.39748952229168844,155,0.0
2,u002,u002_q018,task,task_priority,我还有什么低优先级但今天可能会干扰我的事？,recency_similarity_hybrid,u002_e018|u002_e016,Urgent wrong domain|Recent irrelevant side matter,0.477848|0.471429,u002_e018|u002_e003|u002_e016,0.6666666666666666,0.5,1.0,0.6666666666666666,0.7625024946924551,160,0.0
2,u002,u002_q018,task,task_priority,我还有什么低优先级但今天可能会干扰我的事？,proposed_TMT_decay_event_memory,u002_e015|u002_e014,Mixed review and reminder|Mixed planning for today,0.844676|0.784319,u002_e018|u002_e003|u002_e016,0.0,0.0,0.0,0.0,0.0,175,0.0
3,u002,u002_q018,task,task_priority,我还有什么低优先级但今天可能会干扰我的事？,recency_only,u002_e014|u002_e015|u002_e016,Mixed planning for today|Mixed review and reminder|Recent irrelevant side matter,1.0|1.0|1.0,u002_e018|u002_e003|u002_e016,0.3333333333333333,0.0,0.0,0.3333333333333333,0.10500099787698204,251,0.0
3,u002,u002_q018,task,task_priority,我还有什么低优先级但今天可能会干扰我的事？,similarity_only,u002_e012|u002_e018|u002_e003,Old preference record|Urgent wrong domain|风险同步 planning,0.054795|0.050633|0.039474,u002_e018|u002_e003|u002_e016,0.6666666666666666,1.0,0.0,0.6666666666666666,0.6074915180456525,226,0.0
3,u002,u002_q018,task,task_priority,我还有什么低优先级但今天可能会干扰我的事？,recency_similarity_hybrid,u002_e018|u002_e016|u002_e014,Urgent wrong domain|Recent irrelevant side matter|Mixed planning for today,0.477848|0.471429|0.463095,u002_e018|u002_e003|u002_e016,0.6666666666666666,0.5,1.0,0.6666666666666666,0.7625024946924551,253,0.0
3,u002,u002_q018,task,task_priority,我还有什么低优先级但今天可能会干扰我的事？,proposed_TMT_decay_event_memory,u002_e015|u002_e014|u002_e007,Mixed review and reminder|Mixed planning for today|风险同步 status update,0.844676|0.784319|0.758506,u002_e018|u002_e003|u002_e016,0.0,0.0,0.0,0.0,0.0,247,0.0
1,u002,u002_q019,task,task_status,那个类似beta 发布的旧任务还需要今天做吗？,recency_only,u002_e014,Mixed planning for today,1.0,u002_e017|u002_e001,0.0,0.0,0.0,0.0,0.0,93,0.0
1,u002,u002_q019,task,task_status,那个类似beta 发布的旧任务还需要今天做吗？,similarity_only,u002_e017,Semantic similar wrong status,0.128571,u002_e017|u002_e001,0.5,0.0,1.0,0.5,0.7039180890341347,85,0.0
1,u002,u002_q019,task,task_status,那个类似beta 发布的旧任务还需要今天做吗？,recency_similarity_hybrid,u002_e014,Mixed planning for today,0.491772,u002_e017|u002_e001,0.0,0.0,0.0,0.0,0.0,93,0.0
1,u002,u002_q019,task,task_status,那个类似beta 发布的旧任务还需要今天做吗？,proposed_TMT_decay_event_memory,u002_e015,Mixed review and reminder,0.844676,u002_e017|u002_e001,0.0,0.0,0.0,0.0,0.0,82,0.0
2,u002,u002_q019,task,task_status,那个类似beta 发布的旧任务还需要今天做吗？,recency_only,u002_e014|u002_e015,Mixed planning for today|Mixed review and reminder,1.0|1.0,u002_e017|u002_e001,0.0,0.0,0.0,0.0,0.0,175,0.0
2,u002,u002_q019,task,task_status,那个类似beta 发布的旧任务还需要今天做吗？,similarity_only,u002_e017|u002_e005,Semantic similar wrong status|beta 发布 status update,0.128571|0.107143,u002_e017|u002_e001,0.5,0.0,1.0,0.5,0.7039180890341347,150,0.0
2,u002,u002_q019,task,task_status,那个类似beta 发布的旧任务还需要今天做吗？,recency_similarity_hybrid,u002_e014|u002_e016,Mixed planning for today|Recent irrelevant side matter,0.491772|0.487162,u002_e017|u002_e001,0.0,0.0,0.0,0.0,0.0,170,0.0
2,u002,u002_q019,task,task_status,那个类似beta 发布的旧任务还需要今天做吗？,proposed_TMT_decay_event_memory,u002_e015|u002_e014,Mixed review and reminder|Mixed planning for today,0.844676|0.815369,u002_e017|u002_e001,0.0,0.0,0.0,0.0,0.0,175,0.0
3,u002,u002_q019,task,task_status,那个类似beta 发布的旧任务还需要今天做吗？,recency_only,u002_e014|u002_e015|u002_e016,Mixed planning for today|Mixed review and reminder|Recent irrelevant side matter,1.0|1.0|1.0,u002_e017|u002_e001,0.0,0.0,0.0,0.0,0.0,251,0.0
3,u002,u002_q019,task,task_status,那个类似beta 发布的旧任务还需要今天做吗？,similarity_only,u002_e017|u002_e005|u002_e014,Semantic similar wrong status|beta 发布 status update|Mixed planning for today,0.128571|0.107143|0.075949,u002_e017|u002_e001,0.5,0.0,1.0,0.5,0.7039180890341347,243,0.0
3,u002,u002_q019,task,task_status,那个类似beta 发布的旧任务还需要今天做吗？,recency_similarity_hybrid,u002_e014|u002_e016|u002_e018,Mixed planning for today|Recent irrelevant side matter|Urgent wrong domain,0.491772|0.487162|0.485714,u002_e017|u002_e001,0.0,0.0,0.0,0.0,0.0,253,0.0
3,u002,u002_q019,task,task_status,那个类似beta 发布的旧任务还需要今天做吗？,proposed_TMT_decay_event_memory,u002_e015|u002_e014|u002_e001,Mixed review and reminder|Mixed planning for today|beta 发布 planning,0.844676|0.815369|0.766863,u002_e017|u002_e001,0.5,1.0,0.0,0.5,0.23463936301137822,235,0.0
1,u002,u002_q020,chat,negative,我有没有提过要学习法语考试？,recency_only,u002_e014,Mixed planning for today,1.0,,1.0,,0.0,1.0,1.0,93,1.0
1,u002,u002_q020,chat,negative,我有没有提过要学习法语考试？,similarity_only,u002_e015,Mixed review and reminder,0.044118,,1.0,,0.0,1.0,1.0,82,1.0
1,u002,u002_q020,chat,negative,我有没有提过要学习法语考试？,recency_similarity_hybrid,u002_e015,Mixed review and reminder,0.474265,,1.0,,0.0,1.0,1.0,82,1.0
1,u002,u002_q020,chat,negative,我有没有提过要学习法语考试？,proposed_TMT_decay_event_memory,u002_e014,Mixed planning for today,0.891388,,1.0,,0.0,1.0,1.0,93,1.0
2,u002,u002_q020,chat,negative,我有没有提过要学习法语考试？,recency_only,u002_e014|u002_e015,Mixed planning for today|Mixed review and reminder,1.0|1.0,,1.0,,0.0,1.0,1.0,175,1.0
2,u002,u002_q020,chat,negative,我有没有提过要学习法语考试？,similarity_only,u002_e015|u002_e019,Mixed review and reminder|Old but stable preference,0.044118|0.028986,,1.0,,0.0,1.0,1.0,167,1.0
2,u002,u002_q020,chat,negative,我有没有提过要学习法语考试？,recency_similarity_hybrid,u002_e015|u002_e016,Mixed review and reminder|Recent irrelevant side matter,0.474265|0.457639,,1.0,,0.0,1.0,1.0,158,1.0
2,u002,u002_q020,chat,negative,我有没有提过要学习法语考试？,proposed_TMT_decay_event_memory,u002_e014|u002_e015,Mixed planning for today|Mixed review and reminder,0.891388|0.849317,,1.0,,0.0,1.0,1.0,175,1.0
3,u002,u002_q020,chat,negative,我有没有提过要学习法语考试？,recency_only,u002_e014|u002_e015|u002_e016,Mixed planning for today|Mixed review and reminder|Recent irrelevant side matter,1.0|1.0|1.0,,1.0,,0.0,1.0,1.0,251,1.0
3,u002,u002_q020,chat,negative,我有没有提过要学习法语考试？,similarity_only,u002_e015|u002_e019|u002_e002,Mixed review and reminder|Old but stable preference|用户访谈 planning,0.044118|0.028986|0.015385,,1.0,,0.0,1.0,1.0,228,1.0
3,u002,u002_q020,chat,negative,我有没有提过要学习法语考试？,recency_similarity_hybrid,u002_e015|u002_e016|u002_e018,Mixed review and reminder|Recent irrelevant side matter|Urgent wrong domain,0.474265|0.457639|0.457333,,1.0,,0.0,1.0,1.0,242,1.0
3,u002,u002_q020,chat,negative,我有没有提过要学习法语考试？,proposed_TMT_decay_event_memory,u002_e014|u002_e015|u002_e010,Mixed planning for today|Mixed review and reminder|用户访谈 dependency discussion,0.891388|0.849317|0.825251,,1.0,,0.0,1.0,1.0,254,1.0
1,u003,u003_q001,task,task_due,我最近最该先处理哪个客户封面稿任务？,recency_only,u003_e014,Mixed planning for today,1.0,u003_e001|u003_e009,0.0,0.0,0.0,0.0,0.0,92,0.0
1,u003,u003_q001,task,task_due,我最近最该先处理哪个客户封面稿任务？,similarity_only,u003_e005,客户封面稿 status update,0.12963,u003_e001|u003_e009,0.0,0.0,0.0,0.0,0.0,63,0.0
1,u003,u003_q001,task,task_due,我最近最该先处理哪个客户封面稿任务？,recency_similarity_hybrid,u003_e018,Urgent wrong domain,0.502027,u003_e001|u003_e009,0.0,0.0,0.0,0.0,0.0,83,0.0
1,u003,u003_q001,task,task_due,我最近最该先处理哪个客户封面稿任务？,proposed_TMT_decay_event_memory,u003_e015,Mixed review and reminder,0.844676,u003_e001|u003_e009,0.0,0.0,0.0,0.0,0.0,82,0.0
2,u003,u003_q001,task,task_due,我最近最该先处理哪个客户封面稿任务？,recency_only,u003_e014|u003_e015,Mixed planning for today|Mixed review and reminder,1.0|1.0,u003_e001|u003_e009,0.0,0.0,0.0,0.0,0.0,174,0.0
2,u003,u003_q001,task,task_due,我最近最该先处理哪个客户封面稿任务？,similarity_only,u003_e005|u003_e017,客户封面稿 status update|Semantic similar wrong status,0.12963|0.114286,u003_e001|u003_e009,0.0,0.0,0.0,0.0,0.0,145,0.0
2,u003,u003_q001,task,task_due,我最近最该先处理哪个客户封面稿任务？,recency_similarity_hybrid,u003_e018|u003_e016,Urgent wrong domain|Recent irrelevant side matter,0.502027|0.496479,u003_e001|u003_e009,0.0,0.0,0.0,0.0,0.0,159,0.0
2,u003,u003_q001,task,task_due,我最近最该先处理哪个客户封面稿任务？,proposed_TMT_decay_event_memory,u003_e015|u003_e014,Mixed review and reminder|Mixed planning for today,0.844676|0.840103,u003_e001|u003_e009,0.0,0.0,0.0,0.0,0.0,174,0.0
3,u003,u003_q001,task,task_due,我最近最该先处理哪个客户封面稿任务？,recency_only,u003_e014|u003_e015|u003_e016,Mixed planning for today|Mixed review and reminder|Recent irrelevant side matter,1.0|1.0|1.0,u003_e001|u003_e009,0.0,0.0,0.0,0.0,0.0,251,0.0
3,u003,u003_q001,task,task_due,我最近最该先处理哪个客户封面稿任务？,similarity_only,u003_e005|u003_e017|u003_e018,客户封面稿 status update|Semantic similar wrong status|Urgent wrong domain,0.12963|0.114286|0.094595,u003_e001|u003_e009,0.0,0.0,0.0,0.0,0.0,227,0.0
3,u003,u003_q001,task,task_due,我最近最该先处理哪个客户封面稿任务？,recency_similarity_hybrid,u003_e018|u003_e016|u003_e014,Urgent wrong domain|Recent irrelevant side matter|Mixed planning for today,0.502027|0.496479|0.492308,u003_e001|u003_e009,0.0,0.0,0.0,0.0,0.0,251,0.0
3,u003,u003_q001,task,task_due,我最近最该先处理哪个客户封面稿任务？,proposed_TMT_decay_event_memory,u003_e015|u003_e014|u003_e001,Mixed review and reminder|Mixed planning for today|客户封面稿 planning,0.844676|0.840103|0.793097,u003_e001|u003_e009,0.5,0.5,0.0,0.5,0.35195904451706733,233,0.0
1,u003,u003_q002,task,task_due,今天有哪些快到截止但不能被过度放大的事项？,recency_only,u003_e014,Mixed planning for today,1.0,u003_e001|u003_e018|u003_e007,0.0,0.0,0.0,0.0,0.0,92,0.0
1,u003,u003_q002,task,task_due,今天有哪些快到截止但不能被过度放大的事项？,similarity_only,u003_e018,Urgent wrong domain,0.103896,u003_e001|u003_e018|u003_e007,0.3333333333333333,0.5,1.0,0.3333333333333333,0.21000199575396408,83,0.0
1,u003,u003_q002,task,task_due,今天有哪些快到截止但不能被过度放大的事项？,recency_similarity_hybrid,u003_e018,Urgent wrong domain,0.507143,u003_e001|u003_e018|u003_e007,0.3333333333333333,0.5,1.0,0.3333333333333333,0.21000199575396408,83,0.0
1,u003,u003_q002,task,task_due,今天有哪些快到截止但不能被过度放大的事项？,proposed_TMT_decay_event_memory,u003_e015,Mixed review and reminder,0.844676,u003_e001|u003_e018|u003_e007,0.0,0.0,0.0,0.0,0.0,82,0.0
2,u003,u003_q002,task,task_due,今天有哪些快到截止但不能被过度放大的事项？,recency_only,u003_e014|u003_e015,Mixed planning for today|Mixed review and reminder,1.0|1.0,u003_e001|u003_e018|u003_e007,0.0,0.0,0.0,0.0,0.0,174,0.0
2,u003,u003_q002,task,task_due,今天有哪些快到截止但不能被过度放大的事项？,similarity_only,u003_e018|u003_e012,Urgent wrong domain|Old preference record,0.103896|0.066667,u003_e001|u003_e018|u003_e007,0.3333333333333333,0.5,1.0,0.3333333333333333,0.21000199575396408,154,0.0
2,u003,u003_q002,task,task_due,今天有哪些快到截止但不能被过度放大的事项？,recency_similarity_hybrid,u003_e018|u003_e016,Urgent wrong domain|Recent irrelevant side matter,0.507143|0.471154,u003_e001|u003_e018|u003_e007,0.3333333333333333,0.5,1.0,0.3333333333333333,0.21000199575396408,159,0.0
2,u003,u003_q002,task,task_due,今天有哪些快到截止但不能被过度放大的事项？,proposed_TMT_decay_event_memory,u003_e015|u003_e014,Mixed review and reminder|Mixed planning for today,0.844676|0.784319,u003_e001|u003_e018|u003_e007,0.0,0.0,0.0,0.0,0.0,174,0.0
3,u003,u003_q002,task,task_due,今天有哪些快到截止但不能被过度放大的事项？,recency_only,u003_e014|u003_e015|u003_e016,Mixed planning for today|Mixed review and reminder|Recent irrelevant side matter,1.0|1.0|1.0,u003_e001|u003_e018|u003_e007,0.0,0.0,0.0,0.0,0.0,251,0.0
3,u003,u003_q002,task,task_due,今天有哪些快到截止但不能被过度放大的事项？,similarity_only,u003_e018|u003_e012|u003_e002,Urgent wrong domain|Old preference record|作品集更新 planning,0.103896|0.066667|0.054795,u003_e001|u003_e018|u003_e007,0.3333333333333333,0.5,1.0,0.3333333333333333,0.21000199575396408,217,0.0
3,u003,u003_q002,task,task_due,今天有哪些快到截止但不能被过度放大的事项？,recency_similarity_hybrid,u003_e018|u003_e016|u003_e015,Urgent wrong domain|Recent irrelevant side matter|Mixed review and reminder,0.507143|0.471154|0.46375,u003_e001|u003_e018|u003_e007,0.3333333333333333,0.5,1.0,0.3333333333333333,0.21000199575396408,241,0.0
3,u003,u003_q002,task,task_due,今天有哪些快到截止但不能被过度放大的事项？,proposed_TMT_decay_event_memory,u003_e015|u003_e014|u003_e007,Mixed review and reminder|Mixed planning for today|色彩练习 status update,0.844676|0.784319|0.758506,u003_e001|u003_e018|u003_e007,0.3333333333333333,0.0,0.0,0.3333333333333333,0.21000199575396408,246,0.0
1,u003,u003_q003,task,task_priority,作品集更新接下来应该推进什么？,recency_only,u003_e014,Mixed planning for today,1.0,u003_e002|u003_e006|u003_e010,0.0,0.0,0.0,0.0,0.0,92,0.0
1,u003,u003_q003,task,task_priority,作品集更新接下来应该推进什么？,similarity_only,u003_e006,作品集更新 status update,0.078125,u003_e002|u003_e006|u003_e010,0.3333333333333333,0.0,1.0,0.3333333333333333,0.38009376671593426,73,0.0
1,u003,u003_q003,task,task_priority,作品集更新接下来应该推进什么？,recency_similarity_hybrid,u003_e015,Mixed review and reminder,0.488732,u003_e002|u003_e006|u003_e010,0.0,0.0,0.0,0.0,0.0,82,0.0
1,u003,u003_q003,task,task_priority,作品集更新接下来应该推进什么？,proposed_TMT_decay_event_memory,u003_e015,Mixed review and reminder,0.911891,u003_e002|u003_e006|u003_e010,0.0,0.0,0.0,0.0,0.0,82,0.0
2,u003,u003_q003,task,task_priority,作品集更新接下来应该推进什么？,recency_only,u003_e014|u003_e015,Mixed planning for today|Mixed review and reminder,1.0|1.0,u003_e002|u003_e006|u003_e010,0.0,0.0,0.0,0.0,0.0,174,0.0
2,u003,u003_q003,task,task_priority,作品集更新接下来应该推进什么？,similarity_only,u003_e006|u003_e010,作品集更新 status update|作品集更新 dependency discussion,0.078125|0.076923,u003_e002|u003_e006|u003_e010,0.6666666666666666,0.5,1.0,0.6666666666666666,0.6199062332840657,154,0.0
2,u003,u003_q003,task,task_priority,作品集更新接下来应该推进什么？,recency_similarity_hybrid,u003_e015|u003_e014,Mixed review and reminder|Mixed planning for today,0.488732|0.45679,u003_e002|u003_e006|u003_e010,0.0,0.0,0.0,0.0,0.0,174,0.0
2,u003,u003_q003,task,task_priority,作品集更新接下来应该推进什么？,proposed_TMT_decay_event_memory,u003_e015|u003_e014,Mixed review and reminder|Mixed planning for today,0.911891|0.784319,u003_e002|u003_e006|u003_e010,0.0,0.0,0.0,0.0,0.0,174,0.0
3,u003,u003_q003,task,task_priority,作品集更新接下来应该推进什么？,recency_only,u003_e014|u003_e015|u003_e016,Mixed planning for today|Mixed review and reminder|Recent irrelevant side matter,1.0|1.0|1.0,u003_e002|u003_e006|u003_e010,0.0,0.0,0.0,0.0,0.0,251,0.0
3,u003,u003_q003,task,task_priority,作品集更新接下来应该推进什么？,similarity_only,u003_e006|u003_e010|u003_e002,作品集更新 status update|作品集更新 dependency discussion|作品集更新 planning,0.078125|0.076923|0.075758,u003_e002|u003_e006|u003_e010,1.0,1.0,1.0,1.0,0.9049765583210164,216,1.0
3,u003,u003_q003,task,task_priority,作品集更新接下来应该推进什么？,recency_similarity_hybrid,u003_e015|u003_e014|u003_e016,Mixed review and reminder|Mixed planning for today|Recent irrelevant side matter,0.488732|0.45679|0.45,u003_e002|u003_e006|u003_e010,0.0,0.0,0.0,0.0,0.0,251,0.0
3,u003,u003_q003,task,task_priority,作品集更新接下来应该推进什么？,proposed_TMT_decay_event_memory,u003_e015|u003_e014|u003_e007,Mixed review and reminder|Mixed planning for today|色彩练习 status update,0.911891|0.784319|0.758506,u003_e002|u003_e006|u003_e010,0.0,0.0,0.0,0.0,0.0,246,0.0
1,u003,u003_q004,task,task_priority,现在最重要但不一定最紧急的任务是什么？,recency_only,u003_e014,Mixed planning for today,1.0,u003_e002|u003_e001|u003_e004,0.0,0.0,0.0,0.0,0.0,92,0.0
1,u003,u003_q004,task,task_priority,现在最重要但不一定最紧急的任务是什么？,similarity_only,u003_e002,作品集更新 planning,0.104478,u003_e002|u003_e001|u003_e004,0.3333333333333333,0.3333333333333333,1.0,0.3333333333333333,0.5701406500739014,63,0.0
1,u003,u003_q004,task,task_priority,现在最重要但不一定最紧急的任务是什么？,recency_similarity_hybrid,u003_e016,Recent irrelevant side matter,0.504225,u003_e002|u003_e001|u003_e004,0.0,0.0,0.0,0.0,0.0,77,0.0
1,u003,u003_q004,task,task_priority,现在最重要但不一定最紧急的任务是什么？,proposed_TMT_decay_event_memory,u003_e015,Mixed review and reminder,0.844676,u003_e002|u003_e001|u003_e004,0.0,0.0,0.0,0.0,0.0,82,0.0
2,u003,u003_q004,task,task_priority,现在最重要但不一定最紧急的任务是什么？,recency_only,u003_e014|u003_e015,Mixed planning for today|Mixed review and reminder,1.0|1.0,u003_e002|u003_e001|u003_e004,0.0,0.0,0.0,0.0,0.0,174,0.0
2,u003,u003_q004,task,task_priority,现在最重要但不一定最紧急的任务是什么？,similarity_only,u003_e002|u003_e016,作品集更新 planning|Recent irrelevant side matter,0.104478|0.098592,u003_e002|u003_e001|u003_e004,0.3333333333333333,0.3333333333333333,1.0,0.3333333333333333,0.5701406500739014,140,0.0
2,u003,u003_q004,task,task_priority,现在最重要但不一定最紧急的任务是什么？,recency_similarity_hybrid,u003_e016|u003_e018,Recent irrelevant side matter|Urgent wrong domain,0.504225|0.478205,u003_e002|u003_e001|u003_e004,0.0,0.0,0.0,0.0,0.0,159,0.0
2,u003,u003_q004,task,task_priority,现在最重要但不一定最紧急的任务是什么？,proposed_TMT_decay_event_memory,u003_e015|u003_e014,Mixed review and reminder|Mixed planning for today,0.844676|0.784319,u003_e002|u003_e001|u003_e004,0.0,0.0,0.0,0.0,0.0,174,0.0
3,u003,u003_q004,task,task_priority,现在最重要但不一定最紧急的任务是什么？,recency_only,u003_e014|u003_e015|u003_e016,Mixed planning for today|Mixed review and reminder|Recent irrelevant side matter,1.0|1.0|1.0,u003_e002|u003_e001|u003_e004,0.0,0.0,0.0,0.0,0.0,251,0.0
3,u003,u003_q004,task,task_priority,现在最重要但不一定最紧急的任务是什么？,similarity_only,u003_e002|u003_e016|u003_e003,作品集更新 planning|Recent irrelevant side matter|色彩练习 planning,0.104478|0.098592|0.069444,u003_e002|u003_e001|u003_e004,0.3333333333333333,0.3333333333333333,1.0,0.3333333333333333,0.5701406500739014,212,0.0
3,u003,u003_q004,task,task_priority,现在最重要但不一定最紧急的任务是什么？,recency_similarity_hybrid,u003_e016|u003_e018|u003_e015,Recent irrelevant side matter|Urgent wrong domain|Mixed review and reminder,0.504225|0.478205|0.471711,u003_e002|u003_e001|u003_e004,0.0,0.0,0.0,0.0,0.0,241,0.0
3,u003,u003_q004,task,task_priority,现在最重要但不一定最紧急的任务是什么？,proposed_TMT_decay_event_memory,u003_e015|u003_e014|u003_e007,Mixed review and reminder|Mixed planning for today|色彩练习 status update,0.844676|0.784319|0.758506,u003_e002|u003_e001|u003_e004,0.0,0.0,0.0,0.0,0.0,246,0.0
1,u003,u003_q005,task,task_status,客户封面稿还有什么没完成？,recency_only,u003_e014,Mixed planning for today,1.0,u003_e005|u003_e001|u003_e017,0.0,0.0,0.0,0.0,0.0,92,0.0
1,u003,u003_q005,task,task_status,客户封面稿还有什么没完成？,similarity_only,u003_e005,客户封面稿 status update,0.14,u003_e005|u003_e001|u003_e017,0.3333333333333333,0.0,1.0,0.3333333333333333,0.5562983930884396,63,0.0
1,u003,u003_q005,task,task_status,客户封面稿还有什么没完成？,recency_similarity_hybrid,u003_e018,Urgent wrong domain,0.496479,u003_e005|u003_e001|u003_e017,0.0,0.0,0.0,0.0,0.0,83,0.0
1,u003,u003_q005,task,task_status,客户封面稿还有什么没完成？,proposed_TMT_decay_event_memory,u003_e014,Mixed planning for today,0.8498,u003_e005|u003_e001|u003_e017,0.0,0.0,0.0,0.0,0.0,92,0.0
2,u003,u003_q005,task,task_status,客户封面稿还有什么没完成？,recency_only,u003_e014|u003_e015,Mixed planning for today|Mixed review and reminder,1.0|1.0,u003_e005|u003_e001|u003_e017,0.0,0.0,0.0,0.0,0.0,174,0.0
2,u003,u003_q005,task,task_status,客户封面稿还有什么没完成？,similarity_only,u003_e005|u003_e007,客户封面稿 status update|色彩练习 status update,0.14|0.109375,u003_e005|u003_e001|u003_e017,0.3333333333333333,0.0,1.0,0.3333333333333333,0.5562983930884396,135,0.0
2,u003,u003_q005,task,task_status,客户封面稿还有什么没完成？,recency_similarity_hybrid,u003_e018|u003_e014,Urgent wrong domain|Mixed planning for today,0.496479|0.486667,u003_e005|u003_e001|u003_e017,0.0,0.0,0.0,0.0,0.0,174,0.0
2,u003,u003_q005,task,task_status,客户封面稿还有什么没完成？,proposed_TMT_decay_event_memory,u003_e014|u003_e015,Mixed planning for today|Mixed review and reminder,0.8498|0.844676,u003_e005|u003_e001|u003_e017,0.0,0.0,0.0,0.0,0.0,174,0.0
3,u003,u003_q005,task,task_status,客户封面稿还有什么没完成？,recency_only,u003_e014|u003_e015|u003_e016,Mixed planning for today|Mixed review and reminder|Recent irrelevant side matter,1.0|1.0|1.0,u003_e005|u003_e001|u003_e017,0.0,0.0,0.0,0.0,0.0,251,0.0
3,u003,u003_q005,task,task_status,客户封面稿还有什么没完成？,similarity_only,u003_e005|u003_e007|u003_e017,客户封面稿 status update|色彩练习 status update|Semantic similar wrong status,0.14|0.109375|0.104478,u003_e005|u003_e001|u003_e017,0.6666666666666666,0.0,1.0,0.6666666666666666,0.649014791936513,217,0.0
3,u003,u003_q005,task,task_status,客户封面稿还有什么没完成？,recency_similarity_hybrid,u003_e018|u003_e014|u003_e016,Urgent wrong domain|Mixed planning for today|Recent irrelevant side matter,0.496479|0.486667|0.457639,u003_e005|u003_e001|u003_e017,0.0,0.0,0.0,0.0,0.0,251,0.0
3,u003,u003_q005,task,task_status,客户封面稿还有什么没完成？,proposed_TMT_decay_event_memory,u003_e014|u003_e015|u003_e001,Mixed planning for today|Mixed review and reminder|客户封面稿 planning,0.8498|0.844676|0.803088,u003_e005|u003_e001|u003_e017,0.3333333333333333,1.0,0.0,0.3333333333333333,0.2781491965442198,233,0.0
1,u003,u003_q006,task,task_status,作品集更新的资料收集完成了吗？,recency_only,u003_e014,Mixed planning for today,1.0,u003_e006,0.0,1.0,0.0,0.0,0.0,92,0.0
1,u003,u003_q006,task,task_status,作品集更新的资料收集完成了吗？,similarity_only,u003_e010,作品集更新 dependency discussion,0.189655,u003_e006,0.0,1.0,0.0,0.0,0.0,81,0.0
1,u003,u003_q006,task,task_status,作品集更新的资料收集完成了吗？,recency_similarity_hybrid,u003_e015,Mixed review and reminder,0.489286,u003_e006,0.0,1.0,0.0,0.0,0.0,82,0.0
1,u003,u003_q006,task,task_status,作品集更新的资料收集完成了吗？,proposed_TMT_decay_event_memory,u003_e015,Mixed review and reminder,0.915137,u003_e006,0.0,1.0,0.0,0.0,0.0,82,0.0
2,u003,u003_q006,task,task_status,作品集更新的资料收集完成了吗？,recency_only,u003_e014|u003_e015,Mixed planning for today|Mixed review and reminder,1.0|1.0,u003_e006,0.0,1.0,0.0,0.0,0.0,174,0.0
2,u003,u003_q006,task,task_status,作品集更新的资料收集完成了吗？,similarity_only,u003_e010|u003_e006,作品集更新 dependency discussion|作品集更新 status update,0.189655|0.133333,u003_e006,1.0,1.0,0.0,1.0,0.6309297535714574,154,1.0
2,u003,u003_q006,task,task_status,作品集更新的资料收集完成了吗？,recency_similarity_hybrid,u003_e015|u003_e016,Mixed review and reminder|Recent irrelevant side matter,0.489286|0.465278,u003_e006,0.0,1.0,0.0,0.0,0.0,159,0.0
2,u003,u003_q006,task,task_status,作品集更新的资料收集完成了吗？,proposed_TMT_decay_event_memory,u003_e015|u003_e014,Mixed review and reminder|Mixed planning for today,0.915137|0.784319,u003_e006,0.0,1.0,0.0,0.0,0.0,174,0.0
3,u003,u003_q006,task,task_status,作品集更新的资料收集完成了吗？,recency_only,u003_e014|u003_e015|u003_e016,Mixed planning for today|Mixed review and reminder|Recent irrelevant side matter,1.0|1.0|1.0,u003_e006,0.0,1.0,0.0,0.0,0.0,251,0.0
3,u003,u003_q006,task,task_status,作品集更新的资料收集完成了吗？,similarity_only,u003_e010|u003_e006|u003_e005,作品集更新 dependency discussion|作品集更新 status update|客户封面稿 status update,0.189655|0.133333|0.115385,u003_e006,1.0,1.0,0.0,1.0,0.6309297535714574,216,1.0
3,u003,u003_q006,task,task_status,作品集更新的资料收集完成了吗？,recency_similarity_hybrid,u003_e015|u003_e016|u003_e018,Mixed review and reminder|Recent irrelevant side matter|Urgent wrong domain,0.489286|0.465278|0.457143,u003_e006,0.0,1.0,0.0,0.0,0.0,241,0.0
3,u003,u003_q006,task,task_status,作品集更新的资料收集完成了吗？,proposed_TMT_decay_event_memory,u003_e015|u003_e014|u003_e007,Mixed review and reminder|Mixed planning for today|色彩练习 status update,0.915137|0.784319|0.758506,u003_e006,0.0,1.0,0.0,0.0,0.0,246,0.0
1,u003,u003_q007,task,task_status,色彩练习那个过期事项现在应该怎么处理？,recency_only,u003_e014,Mixed planning for today,1.0,u003_e007,0.0,0.0,0.0,0.0,0.0,92,0.0
1,u003,u003_q007,task,task_status,色彩练习那个过期事项现在应该怎么处理？,similarity_only,u003_e007,色彩练习 status update,0.115942,u003_e007,1.0,1.0,1.0,1.0,1.0,72,1.0
1,u003,u003_q007,task,task_status,色彩练习那个过期事项现在应该怎么处理？,recency_similarity_hybrid,u003_e018,Urgent wrong domain,0.500658,u003_e007,0.0,0.0,0.0,0.0,0.0,83,0.0
1,u003,u003_q007,task,task_status,色彩练习那个过期事项现在应该怎么处理？,proposed_TMT_decay_event_memory,u003_e015,Mixed review and reminder,0.844676,u003_e007,0.0,0.0,0.0,0.0,0.0,82,0.0
2,u003,u003_q007,task,task_status,色彩练习那个过期事项现在应该怎么处理？,recency_only,u003_e014|u003_e015,Mixed planning for today|Mixed review and reminder,1.0|1.0,u003_e007,0.0,0.0,0.0,0.0,0.0,174,0.0
2,u003,u003_q007,task,task_status,色彩练习那个过期事项现在应该怎么处理？,similarity_only,u003_e007|u003_e018,色彩练习 status update|Urgent wrong domain,0.115942|0.092105,u003_e007,1.0,1.0,1.0,1.0,1.0,154,1.0
2,u003,u003_q007,task,task_status,色彩练习那个过期事项现在应该怎么处理？,recency_similarity_hybrid,u003_e018|u003_e015,Urgent wrong domain|Mixed review and reminder,0.500658|0.471429,u003_e007,0.0,0.0,0.0,0.0,0.0,165,0.0
2,u003,u003_q007,task,task_status,色彩练习那个过期事项现在应该怎么处理？,proposed_TMT_decay_event_memory,u003_e015|u003_e007,Mixed review and reminder|色彩练习 status update,0.844676|0.802601,u003_e007,1.0,1.0,0.0,1.0,0.6309297535714574,154,1.0
3,u003,u003_q007,task,task_status,色彩练习那个过期事项现在应该怎么处理？,recency_only,u003_e014|u003_e015|u003_e016,Mixed planning for today|Mixed review and reminder|Recent irrelevant side matter,1.0|1.0|1.0,u003_e007,0.0,0.0,0.0,0.0,0.0,251,0.0
3,u003,u003_q007,task,task_status,色彩练习那个过期事项现在应该怎么处理？,similarity_only,u003_e007|u003_e018|u003_e003,色彩练习 status update|Urgent wrong domain|色彩练习 planning,0.115942|0.092105|0.083333,u003_e007,1.0,1.0,1.0,1.0,1.0,226,1.0
3,u003,u003_q007,task,task_status,色彩练习那个过期事项现在应该怎么处理？,recency_similarity_hybrid,u003_e018|u003_e015|u003_e016,Urgent wrong domain|Mixed review and reminder|Recent irrelevant side matter,0.500658|0.471429|0.464286,u003_e007,0.0,0.0,0.0,0.0,0.0,241,0.0
3,u003,u003_q007,task,task_status,色彩练习那个过期事项现在应该怎么处理？,proposed_TMT_decay_event_memory,u003_e015|u003_e007|u003_e014,Mixed review and reminder|色彩练习 status update|Mixed planning for today,0.844676|0.802601|0.784319,u003_e007,1.0,1.0,0.0,1.0,0.6309297535714574,246,1.0
1,u003,u003_q008,task,task_context,客户封面稿为什么现在还不能最终完成？,recency_only,u003_e014,Mixed planning for today,1.0,u003_e009|u003_e005,0.0,0.0,0.0,0.0,0.0,92,0.0
1,u003,u003_q008,task,task_context,客户封面稿为什么现在还不能最终完成？,similarity_only,u003_e005,客户封面稿 status update,0.127273,u003_e009|u003_e005,0.5,0.0,1.0,0.5,0.46927872602275644,63,0.0
1,u003,u003_q008,task,task_context,客户封面稿为什么现在还不能最终完成？,recency_similarity_hybrid,u003_e018,Urgent wrong domain,0.493421,u003_e009|u003_e005,0.0,0.0,0.0,0.0,0.0,83,0.0
1,u003,u003_q008,task,task_context,客户封面稿为什么现在还不能最终完成？,proposed_TMT_decay_event_memory,u003_e015,Mixed review and reminder,0.844676,u003_e009|u003_e005,0.0,0.0,0.0,0.0,0.0,82,0.0
2,u003,u003_q008,task,task_context,客户封面稿为什么现在还不能最终完成？,recency_only,u003_e014|u003_e015,Mixed planning for today|Mixed review and reminder,1.0|1.0,u003_e009|u003_e005,0.0,0.0,0.0,0.0,0.0,174,0.0
2,u003,u003_q008,task,task_context,客户封面稿为什么现在还不能最终完成？,similarity_only,u003_e005|u003_e007,客户封面稿 status update|色彩练习 status update,0.127273|0.101449,u003_e009|u003_e005,0.5,0.0,1.0,0.5,0.46927872602275644,135,0.0
2,u003,u003_q008,task,task_context,客户封面稿为什么现在还不能最终完成？,recency_similarity_hybrid,u003_e018|u003_e014,Urgent wrong domain|Mixed planning for today,0.493421|0.484375,u003_e009|u003_e005,0.0,0.0,0.0,0.0,0.0,174,0.0
2,u003,u003_q008,task,task_context,客户封面稿为什么现在还不能最终完成？,proposed_TMT_decay_event_memory,u003_e015|u003_e014,Mixed review and reminder|Mixed planning for today,0.844676|0.838111,u003_e009|u003_e005,0.0,0.0,0.0,0.0,0.0,174,0.0
3,u003,u003_q008,task,task_context,客户封面稿为什么现在还不能最终完成？,recency_only,u003_e014|u003_e015|u003_e016,Mixed planning for today|Mixed review and reminder|Recent irrelevant side matter,1.0|1.0|1.0,u003_e009|u003_e005,0.0,0.0,0.0,0.0,0.0,251,0.0
3,u003,u003_q008,task,task_context,客户封面稿为什么现在还不能最终完成？,similarity_only,u003_e005|u003_e007|u003_e017,客户封面稿 status update|色彩练习 status update|Semantic similar wrong status,0.127273|0.101449|0.097222,u003_e009|u003_e005,0.5,0.0,1.0,0.5,0.46927872602275644,217,0.0
3,u003,u003_q008,task,task_context,客户封面稿为什么现在还不能最终完成？,recency_similarity_hybrid,u003_e018|u003_e014|u003_e016,Urgent wrong domain|Mixed planning for today|Recent irrelevant side matter,0.493421|0.484375|0.464474,u003_e009|u003_e005,0.0,0.0,0.0,0.0,0.0,251,0.0
3,u003,u003_q008,task,task_context,客户封面稿为什么现在还不能最终完成？,proposed_TMT_decay_event_memory,u003_e015|u003_e014|u003_e001,Mixed review and reminder|Mixed planning for today|客户封面稿 planning,0.844676|0.838111|0.790713,u003_e009|u003_e005,0.0,0.0,0.0,0.0,0.0,233,0.0
1,u003,u003_q009,task,task_context,客户沟通当前有效计划是什么？,recency_only,u003_e014,Mixed planning for today,1.0,u003_e008|u003_e020,0.0,1.0,0.0,0.0,0.0,92,0.0
1,u003,u003_q009,task,task_context,客户沟通当前有效计划是什么？,similarity_only,u003_e004,客户沟通 planning,0.098361,u003_e008|u003_e020,0.0,1.0,0.0,0.0,0.0,71,0.0
1,u003,u003_q009,task,task_context,客户沟通当前有效计划是什么？,recency_similarity_hybrid,u003_e018,Urgent wrong domain,0.472,u003_e008|u003_e020,0.0,1.0,0.0,0.0,0.0,83,0.0
1,u003,u003_q009,task,task_context,客户沟通当前有效计划是什么？,proposed_TMT_decay_event_memory,u003_e015,Mixed review and reminder,0.844676,u003_e008|u003_e020,0.0,1.0,0.0,0.0,0.0,82,0.0
2,u003,u003_q009,task,task_context,客户沟通当前有效计划是什么？,recency_only,u003_e014|u003_e015,Mixed planning for today|Mixed review and reminder,1.0|1.0,u003_e008|u003_e020,0.0,1.0,0.0,0.0,0.0,174,0.0
2,u003,u003_q009,task,task_context,客户沟通当前有效计划是什么？,similarity_only,u003_e004|u003_e008,客户沟通 planning|客户沟通 status update,0.098361|0.095238,u003_e008|u003_e020,0.5,1.0,0.0,0.5,0.52129602861432,143,0.0
2,u003,u003_q009,task,task_context,客户沟通当前有效计划是什么？,recency_similarity_hybrid,u003_e018|u003_e014,Urgent wrong domain|Mixed planning for today,0.472|0.471154,u003_e008|u003_e020,0.0,1.0,0.0,0.0,0.0,174,0.0
2,u003,u003_q009,task,task_context,客户沟通当前有效计划是什么？,proposed_TMT_decay_event_memory,u003_e015|u003_e014,Mixed review and reminder|Mixed planning for today,0.844676|0.806501,u003_e008|u003_e020,0.0,1.0,0.0,0.0,0.0,174,0.0
3,u003,u003_q009,task,task_context,客户沟通当前有效计划是什么？,recency_only,u003_e014|u003_e015|u003_e016,Mixed planning for today|Mixed review and reminder|Recent irrelevant side matter,1.0|1.0|1.0,u003_e008|u003_e020,0.0,1.0,0.0,0.0,0.0,251,0.0
3,u003,u003_q009,task,task_context,客户沟通当前有效计划是什么？,similarity_only,u003_e004|u003_e008|u003_e020,客户沟通 planning|客户沟通 status update|Superseded MU distractor,0.098361|0.095238|0.073529,u003_e008|u003_e020,1.0,1.0,0.0,1.0,0.6590018048024133,225,1.0
3,u003,u003_q009,task,task_context,客户沟通当前有效计划是什么？,recency_similarity_hybrid,u003_e018|u003_e014|u003_e016,Urgent wrong domain|Mixed planning for today|Recent irrelevant side matter,0.472|0.471154|0.457534,u003_e008|u003_e020,0.0,1.0,0.0,0.0,0.0,251,0.0
3,u003,u003_q009,task,task_context,客户沟通当前有效计划是什么？,proposed_TMT_decay_event_memory,u003_e015|u003_e014|u003_e007,Mixed review and reminder|Mixed planning for today|色彩练习 status update,0.844676|0.806501|0.759133,u003_e008|u003_e020,0.0,1.0,0.0,0.0,0.0,246,0.0
1,u003,u003_q010,task,task_dependency,做客户封面稿前还缺什么依赖？,recency_only,u003_e014,Mixed planning for today,1.0,u003_e009|u003_e014,0.5,0.0,1.0,0.5,0.46927872602275644,92,0.0
1,u003,u003_q010,task,task_dependency,做客户封面稿前还缺什么依赖？,similarity_only,u003_e009,客户封面稿 dependency discussion,0.133333,u003_e009|u003_e014,0.5,1.0,1.0,0.5,0.7039180890341347,85,0.0
1,u003,u003_q010,task,task_dependency,做客户封面稿前还缺什么依赖？,recency_similarity_hybrid,u003_e018,Urgent wrong domain,0.487671,u003_e009|u003_e014,0.0,0.0,0.0,0.0,0.0,83,0.0
1,u003,u003_q010,task,task_dependency,做客户封面稿前还缺什么依赖？,proposed_TMT_decay_event_memory,u003_e014,Mixed planning for today,0.847073,u003_e009|u003_e014,0.5,0.0,1.0,0.5,0.46927872602275644,92,0.0
2,u003,u003_q010,task,task_dependency,做客户封面稿前还缺什么依赖？,recency_only,u003_e014|u003_e015,Mixed planning for today|Mixed review and reminder,1.0|1.0,u003_e009|u003_e014,0.5,0.0,1.0,0.5,0.46927872602275644,174,0.0
2,u003,u003_q010,task,task_dependency,做客户封面稿前还缺什么依赖？,similarity_only,u003_e009|u003_e005,客户封面稿 dependency discussion|客户封面稿 status update,0.133333|0.09434,u003_e009|u003_e014,0.5,1.0,1.0,0.5,0.7039180890341347,147,0.0
2,u003,u003_q010,task,task_dependency,做客户封面稿前还缺什么依赖？,recency_similarity_hybrid,u003_e018|u003_e014,Urgent wrong domain|Mixed planning for today,0.487671|0.486184,u003_e009|u003_e014,0.5,0.0,0.0,0.5,0.2960819109658652,174,0.0
2,u003,u003_q010,task,task_dependency,做客户封面稿前还缺什么依赖？,proposed_TMT_decay_event_memory,u003_e014|u003_e015,Mixed planning for today|Mixed review and reminder,0.847073|0.844676,u003_e009|u003_e014,0.5,0.0,1.0,0.5,0.46927872602275644,174,0.0
3,u003,u003_q010,task,task_dependency,做客户封面稿前还缺什么依赖？,recency_only,u003_e014|u003_e015|u003_e016,Mixed planning for today|Mixed review and reminder|Recent irrelevant side matter,1.0|1.0|1.0,u003_e009|u003_e014,0.5,0.0,1.0,0.5,0.46927872602275644,251,0.0
3,u003,u003_q010,task,task_dependency,做客户封面稿前还缺什么依赖？,similarity_only,u003_e009|u003_e005|u003_e001,客户封面稿 dependency discussion|客户封面稿 status update|客户封面稿 planning,0.133333|0.09434|0.092308,u003_e009|u003_e014,0.5,1.0,1.0,0.5,0.7039180890341347,207,0.0
3,u003,u003_q010,task,task_dependency,做客户封面稿前还缺什么依赖？,recency_similarity_hybrid,u003_e018|u003_e014|u003_e015,Urgent wrong domain|Mixed planning for today|Mixed review and reminder,0.487671|0.486184|0.472917,u003_e009|u003_e014,0.5,0.0,0.0,0.5,0.2960819109658652,256,0.0
3,u003,u003_q010,task,task_dependency,做客户封面稿前还缺什么依赖？,proposed_TMT_decay_event_memory,u003_e014|u003_e015|u003_e001,Mixed planning for today|Mixed review and reminder|客户封面稿 planning,0.847073|0.844676|0.800498,u003_e009|u003_e014,0.5,0.0,1.0,0.5,0.46927872602275644,233,0.0
1,u003,u003_q011,task,task_dependency,作品集更新卡住的前置条件是什么？,recency_only,u003_e014,Mixed planning for today,1.0,u003_e010|u003_e006|u003_e015,0.0,1.0,0.0,0.0,0.0,92,0.0
1,u003,u003_q011,task,task_dependency,作品集更新卡住的前置条件是什么？,similarity_only,u003_e010,作品集更新 dependency discussion,0.092308,u003_e010|u003_e006|u003_e015,0.3333333333333333,1.0,1.0,0.3333333333333333,0.5090967735771897,81,0.0
1,u003,u003_q011,task,task_dependency,作品集更新卡住的前置条件是什么？,recency_similarity_hybrid,u003_e015,Mixed review and reminder,0.488194,u003_e010|u003_e006|u003_e015,0.3333333333333333,1.0,1.0,0.3333333333333333,0.3393978490514598,82,0.0
1,u003,u003_q011,task,task_dependency,作品集更新卡住的前置条件是什么？,proposed_TMT_decay_event_memory,u003_e015,Mixed review and reminder,0.90893,u003_e010|u003_e006|u003_e015,0.3333333333333333,1.0,1.0,0.3333333333333333,0.3393978490514598,82,0.0
2,u003,u003_q011,task,task_dependency,作品集更新卡住的前置条件是什么？,recency_only,u003_e014|u003_e015,Mixed planning for today|Mixed review and reminder,1.0|1.0,u003_e010|u003_e006|u003_e015,0.3333333333333333,1.0,0.0,0.3333333333333333,0.21413620126472027,174,0.0
2,u003,u003_q011,task,task_dependency,作品集更新卡住的前置条件是什么？,similarity_only,u003_e010|u003_e002,作品集更新 dependency discussion|作品集更新 planning,0.092308|0.090909,u003_e010|u003_e006|u003_e015,0.3333333333333333,1.0,1.0,0.3333333333333333,0.5090967735771897,144,0.0
2,u003,u003_q011,task,task_dependency,作品集更新卡住的前置条件是什么？,recency_similarity_hybrid,u003_e015|u003_e016,Mixed review and reminder|Recent irrelevant side matter,0.488194|0.457333,u003_e010|u003_e006|u003_e015,0.3333333333333333,1.0,1.0,0.3333333333333333,0.3393978490514598,159,0.0
2,u003,u003_q011,task,task_dependency,作品集更新卡住的前置条件是什么？,proposed_TMT_decay_event_memory,u003_e015|u003_e014,Mixed review and reminder|Mixed planning for today,0.90893|0.784319,u003_e010|u003_e006|u003_e015,0.3333333333333333,1.0,1.0,0.3333333333333333,0.3393978490514598,174,0.0
3,u003,u003_q011,task,task_dependency,作品集更新卡住的前置条件是什么？,recency_only,u003_e014|u003_e015|u003_e016,Mixed planning for today|Mixed review and reminder|Recent irrelevant side matter,1.0|1.0|1.0,u003_e010|u003_e006|u003_e015,0.3333333333333333,1.0,0.0,0.3333333333333333,0.21413620126472027,251,0.0
3,u003,u003_q011,task,task_dependency,作品集更新卡住的前置条件是什么？,similarity_only,u003_e010|u003_e002|u003_e006,作品集更新 dependency discussion|作品集更新 planning|作品集更新 status update,0.092308|0.090909|0.076923,u003_e010|u003_e006|u003_e015,0.6666666666666666,1.0,1.0,0.6666666666666666,0.7636451603657846,216,0.0
3,u003,u003_q011,task,task_dependency,作品集更新卡住的前置条件是什么？,recency_similarity_hybrid,u003_e015|u003_e016|u003_e018,Mixed review and reminder|Recent irrelevant side matter|Urgent wrong domain,0.488194|0.457333|0.456962,u003_e010|u003_e006|u003_e015,0.3333333333333333,1.0,1.0,0.3333333333333333,0.3393978490514598,241,0.0
3,u003,u003_q011,task,task_dependency,作品集更新卡住的前置条件是什么？,proposed_TMT_decay_event_memory,u003_e015|u003_e014|u003_e007,Mixed review and reminder|Mixed planning for today|色彩练习 status update,0.90893|0.784319|0.758506,u003_e010|u003_e006|u003_e015,0.3333333333333333,1.0,1.0,0.3333333333333333,0.3393978490514598,246,0.0
1,u003,u003_q012,chat,chat_preference,我做计划时有什么稳定偏好？,recency_only,u003_e014,Mixed planning for today,1.0,u003_e011|u003_e019,0.0,,0.0,0.0,0.0,92,0.0
1,u003,u003_q012,chat,chat_preference,我做计划时有什么稳定偏好？,similarity_only,u003_e019,Old but stable preference,0.092308,u003_e011|u003_e019,0.5,,1.0,0.5,0.6131471927654584,85,0.0
1,u003,u003_q012,chat,chat_preference,我做计划时有什么稳定偏好？,recency_similarity_hybrid,u003_e014,Mixed planning for today,0.478947,u003_e011|u003_e019,0.0,,0.0,0.0,0.0,92,0.0
1,u003,u003_q012,chat,chat_preference,我做计划时有什么稳定偏好？,proposed_TMT_decay_event_memory,u003_e014,Mixed planning for today,0.891388,u003_e011|u003_e019,0.0,,0.0,0.0,0.0,92,0.0
2,u003,u003_q012,chat,chat_preference,我做计划时有什么稳定偏好？,recency_only,u003_e014|u003_e015,Mixed planning for today|Mixed review and reminder,1.0|1.0,u003_e011|u003_e019,0.0,,0.0,0.0,0.0,174,0.0
2,u003,u003_q012,chat,chat_preference,我做计划时有什么稳定偏好？,similarity_only,u003_e019|u003_e011,Old but stable preference|Stable preference and profile,0.092308|0.089744,u003_e011|u003_e019,1.0,,1.0,1.0,1.0,140,1.0
2,u003,u003_q012,chat,chat_preference,我做计划时有什么稳定偏好？,recency_similarity_hybrid,u003_e014|u003_e015,Mixed planning for today|Mixed review and reminder,0.478947|0.473239,u003_e011|u003_e019,0.0,,0.0,0.0,0.0,174,0.0
2,u003,u003_q012,chat,chat_preference,我做计划时有什么稳定偏好？,proposed_TMT_decay_event_memory,u003_e014|u003_e015,Mixed planning for today|Mixed review and reminder,0.891388|0.849317,u003_e011|u003_e019,0.0,,0.0,0.0,0.0,174,0.0
3,u003,u003_q012,chat,chat_preference,我做计划时有什么稳定偏好？,recency_only,u003_e014|u003_e015|u003_e016,Mixed planning for today|Mixed review and reminder|Recent irrelevant side matter,1.0|1.0|1.0,u003_e011|u003_e019,0.0,,0.0,0.0,0.0,251,0.0
3,u003,u003_q012,chat,chat_preference,我做计划时有什么稳定偏好？,similarity_only,u003_e019|u003_e011|u003_e014,Old but stable preference|Stable preference and profile|Mixed planning for today,0.092308|0.089744|0.052632,u003_e011|u003_e019,1.0,,1.0,1.0,1.0,232,1.0
3,u003,u003_q012,chat,chat_preference,我做计划时有什么稳定偏好？,recency_similarity_hybrid,u003_e014|u003_e015|u003_e016,Mixed planning for today|Mixed review and reminder|Recent irrelevant side matter,0.478947|0.473239|0.457639,u003_e011|u003_e019,0.0,,0.0,0.0,0.0,251,0.0
3,u003,u003_q012,chat,chat_preference,我做计划时有什么稳定偏好？,proposed_TMT_decay_event_memory,u003_e014|u003_e015|u003_e010,Mixed planning for today|Mixed review and reminder|作品集更新 dependency discussion,0.891388|0.849317|0.825251,u003_e011|u003_e019,0.0,,0.0,0.0,0.0,255,0.0
1,u003,u003_q013,chat,chat_preference,关于深度工作时间，我现在应该遵循哪个偏好？,recency_only,u003_e014,Mixed planning for today,1.0,u003_e013|u003_e012,0.0,,0.0,0.0,0.0,92,0.0
1,u003,u003_q013,chat,chat_preference,关于深度工作时间，我现在应该遵循哪个偏好？,similarity_only,u003_e013,Updated preference record,0.086957,u003_e013|u003_e012,0.5,,1.0,0.5,0.8262346571285599,72,0.0
1,u003,u003_q013,chat,chat_preference,关于深度工作时间，我现在应该遵循哪个偏好？,recency_similarity_hybrid,u003_e014,Mixed planning for today,0.483537,u003_e013|u003_e012,0.0,,0.0,0.0,0.0,92,0.0
1,u003,u003_q013,chat,chat_preference,关于深度工作时间，我现在应该遵循哪个偏好？,proposed_TMT_decay_event_memory,u003_e014,Mixed planning for today,0.891388,u003_e013|u003_e012,0.0,,0.0,0.0,0.0,92,0.0
2,u003,u003_q013,chat,chat_preference,关于深度工作时间，我现在应该遵循哪个偏好？,recency_only,u003_e014|u003_e015,Mixed planning for today|Mixed review and reminder,1.0|1.0,u003_e013|u003_e012,0.0,,0.0,0.0,0.0,174,0.0
2,u003,u003_q013,chat,chat_preference,关于深度工作时间，我现在应该遵循哪个偏好？,similarity_only,u003_e013|u003_e019,Updated preference record|Old but stable preference,0.086957|0.068493,u003_e013|u003_e012,0.5,,1.0,0.5,0.8262346571285599,157,0.0
2,u003,u003_q013,chat,chat_preference,关于深度工作时间，我现在应该遵循哪个偏好？,recency_similarity_hybrid,u003_e014|u003_e016,Mixed planning for today|Recent irrelevant side matter,0.483537|0.478947,u003_e013|u003_e012,0.0,,0.0,0.0,0.0,169,0.0
2,u003,u003_q013,chat,chat_preference,关于深度工作时间，我现在应该遵循哪个偏好？,proposed_TMT_decay_event_memory,u003_e014|u003_e015,Mixed planning for today|Mixed review and reminder,0.891388|0.856803,u003_e013|u003_e012,0.0,,0.0,0.0,0.0,174,0.0
3,u003,u003_q013,chat,chat_preference,关于深度工作时间，我现在应该遵循哪个偏好？,recency_only,u003_e014|u003_e015|u003_e016,Mixed planning for today|Mixed review and reminder|Recent irrelevant side matter,1.0|1.0|1.0,u003_e013|u003_e012,0.0,,0.0,0.0,0.0,251,0.0
3,u003,u003_q013,chat,chat_preference,关于深度工作时间，我现在应该遵循哪个偏好？,similarity_only,u003_e013|u003_e019|u003_e014,Updated preference record|Old but stable preference|Mixed planning for today,0.086957|0.068493|0.060976,u003_e013|u003_e012,0.5,,1.0,0.5,0.8262346571285599,248,0.0
3,u003,u003_q013,chat,chat_preference,关于深度工作时间，我现在应该遵循哪个偏好？,recency_similarity_hybrid,u003_e014|u003_e016|u003_e015,Mixed planning for today|Recent irrelevant side matter|Mixed review and reminder,0.483537|0.478947|0.478571,u003_e013|u003_e012,0.0,,0.0,0.0,0.0,251,0.0
3,u003,u003_q013,chat,chat_preference,关于深度工作时间，我现在应该遵循哪个偏好？,proposed_TMT_decay_event_memory,u003_e014|u003_e015|u003_e010,Mixed planning for today|Mixed review and reminder|作品集更新 dependency discussion,0.891388|0.856803|0.836757,u003_e013|u003_e012,0.0,,0.0,0.0,0.0,255,0.0
1,u003,u003_q014,chat,chat_profile,我的背景和主要任务场景是什么？,recency_only,u003_e014,Mixed planning for today,1.0,u003_e011|u003_e001,0.0,,0.0,0.0,0.0,92,0.0
1,u003,u003_q014,chat,chat_profile,我的背景和主要任务场景是什么？,similarity_only,u003_e016,Recent irrelevant side matter,0.072464,u003_e011|u003_e001,0.0,,0.0,0.0,0.0,77,0.0
1,u003,u003_q014,chat,chat_profile,我的背景和主要任务场景是什么？,recency_similarity_hybrid,u003_e016,Recent irrelevant side matter,0.489855,u003_e011|u003_e001,0.0,,0.0,0.0,0.0,77,0.0
1,u003,u003_q014,chat,chat_profile,我的背景和主要任务场景是什么？,proposed_TMT_decay_event_memory,u003_e014,Mixed planning for today,0.891388,u003_e011|u003_e001,0.0,,0.0,0.0,0.0,92,0.0
2,u003,u003_q014,chat,chat_profile,我的背景和主要任务场景是什么？,recency_only,u003_e014|u003_e015,Mixed planning for today|Mixed review and reminder,1.0|1.0,u003_e011|u003_e001,0.0,,0.0,0.0,0.0,174,0.0
2,u003,u003_q014,chat,chat_profile,我的背景和主要任务场景是什么？,similarity_only,u003_e016|u003_e002,Recent irrelevant side matter|作品集更新 planning,0.072464|0.060606,u003_e011|u003_e001,0.0,,0.0,0.0,0.0,140,0.0
2,u003,u003_q014,chat,chat_profile,我的背景和主要任务场景是什么？,recency_similarity_hybrid,u003_e016|u003_e015,Recent irrelevant side matter|Mixed review and reminder,0.489855|0.480986,u003_e011|u003_e001,0.0,,0.0,0.0,0.0,159,0.0
2,u003,u003_q014,chat,chat_profile,我的背景和主要任务场景是什么？,proposed_TMT_decay_event_memory,u003_e014|u003_e015,Mixed planning for today|Mixed review and reminder,0.891388|0.849317,u003_e011|u003_e001,0.0,,0.0,0.0,0.0,174,0.0
3,u003,u003_q014,chat,chat_profile,我的背景和主要任务场景是什么？,recency_only,u003_e014|u003_e015|u003_e016,Mixed planning for today|Mixed review and reminder|Recent irrelevant side matter,1.0|1.0|1.0,u003_e011|u003_e001,0.0,,0.0,0.0,0.0,251,0.0
3,u003,u003_q014,chat,chat_profile,我的背景和主要任务场景是什么？,similarity_only,u003_e016|u003_e002|u003_e015,Recent irrelevant side matter|作品集更新 planning|Mixed review and reminder,0.072464|0.060606|0.056338,u003_e011|u003_e001,0.0,,0.0,0.0,0.0,222,0.0
3,u003,u003_q014,chat,chat_profile,我的背景和主要任务场景是什么？,recency_similarity_hybrid,u003_e016|u003_e015|u003_e018,Recent irrelevant side matter|Mixed review and reminder|Urgent wrong domain,0.489855|0.480986|0.457143,u003_e011|u003_e001,0.0,,0.0,0.0,0.0,241,0.0
3,u003,u003_q014,chat,chat_profile,我的背景和主要任务场景是什么？,proposed_TMT_decay_event_memory,u003_e014|u003_e015|u003_e010,Mixed planning for today|Mixed review and reminder|作品集更新 dependency discussion,0.891388|0.849317|0.825251,u003_e011|u003_e001,0.0,,0.0,0.0,0.0,255,0.0
1,u003,u003_q015,chat,chat_history,之前我提过哪些和提醒方式有关的要求？,recency_only,u003_e014,Mixed planning for today,1.0,u003_e011|u003_e015,0.0,,0.0,0.0,0.0,92,0.0
1,u003,u003_q015,chat,chat_history,之前我提过哪些和提醒方式有关的要求？,similarity_only,u003_e015,Mixed review and reminder,0.068493,u003_e011|u003_e015,0.5,,1.0,0.5,0.6131471927654584,82,0.0
1,u003,u003_q015,chat,chat_history,之前我提过哪些和提醒方式有关的要求？,recency_similarity_hybrid,u003_e015,Mixed review and reminder,0.487671,u003_e011|u003_e015,0.5,,1.0,0.5,0.6131471927654584,82,0.0
1,u003,u003_q015,chat,chat_history,之前我提过哪些和提醒方式有关的要求？,proposed_TMT_decay_event_memory,u003_e014,Mixed planning for today,0.891388,u003_e011|u003_e015,0.0,,0.0,0.0,0.0,92,0.0
2,u003,u003_q015,chat,chat_history,之前我提过哪些和提醒方式有关的要求？,recency_only,u003_e014|u003_e015,Mixed planning for today|Mixed review and reminder,1.0|1.0,u003_e011|u003_e015,0.5,,0.0,0.5,0.3868528072345416,174,0.0
2,u003,u003_q015,chat,chat_history,之前我提过哪些和提醒方式有关的要求？,similarity_only,u003_e015|u003_e009,Mixed review and reminder|客户封面稿 dependency discussion,0.068493|0.044118,u003_e011|u003_e015,0.5,,1.0,0.5,0.6131471927654584,167,0.0
2,u003,u003_q015,chat,chat_history,之前我提过哪些和提醒方式有关的要求？,recency_similarity_hybrid,u003_e015|u003_e016,Mixed review and reminder|Recent irrelevant side matter,0.487671|0.472297,u003_e011|u003_e015,0.5,,1.0,0.5,0.6131471927654584,159,0.0
2,u003,u003_q015,chat,chat_history,之前我提过哪些和提醒方式有关的要求？,proposed_TMT_decay_event_memory,u003_e014|u003_e015,Mixed planning for today|Mixed review and reminder,0.891388|0.849317,u003_e011|u003_e015,0.5,,0.0,0.5,0.3868528072345416,174,0.0
3,u003,u003_q015,chat,chat_history,之前我提过哪些和提醒方式有关的要求？,recency_only,u003_e014|u003_e015|u003_e016,Mixed planning for today|Mixed review and reminder|Recent irrelevant side matter,1.0|1.0|1.0,u003_e011|u003_e015,0.5,,0.0,0.5,0.3868528072345416,251,0.0
3,u003,u003_q015,chat,chat_history,之前我提过哪些和提醒方式有关的要求？,similarity_only,u003_e015|u003_e009|u003_e013,Mixed review and reminder|客户封面稿 dependency discussion|Updated preference record,0.068493|0.044118|0.043478,u003_e011|u003_e015,0.5,,1.0,0.5,0.6131471927654584,238,0.0
3,u003,u003_q015,chat,chat_history,之前我提过哪些和提醒方式有关的要求？,recency_similarity_hybrid,u003_e015|u003_e016|u003_e018,Mixed review and reminder|Recent irrelevant side matter|Urgent wrong domain,0.487671|0.472297|0.463924,u003_e011|u003_e015,0.5,,1.0,0.5,0.6131471927654584,241,0.0
3,u003,u003_q015,chat,chat_history,之前我提过哪些和提醒方式有关的要求？,proposed_TMT_decay_event_memory,u003_e014|u003_e015|u003_e010,Mixed planning for today|Mixed review and reminder|作品集更新 dependency discussion,0.891388|0.849317|0.825251,u003_e011|u003_e015,0.5,,0.0,0.5,0.3868528072345416,255,0.0
1,u003,u003_q016,chat,mixed,帮我安排今天上午，结合任务优先级和个人偏好。,recency_only,u003_e014,Mixed planning for today,1.0,u003_e014|u003_e013|u003_e001,0.3333333333333333,,1.0,0.3333333333333333,0.5090967735771897,92,0.0
1,u003,u003_q016,chat,mixed,帮我安排今天上午，结合任务优先级和个人偏好。,similarity_only,u003_e014,Mixed planning for today,0.142857,u003_e014|u003_e013|u003_e001,0.3333333333333333,,1.0,0.3333333333333333,0.5090967735771897,92,0.0
1,u003,u003_q016,chat,mixed,帮我安排今天上午，结合任务优先级和个人偏好。,recency_similarity_hybrid,u003_e014,Mixed planning for today,0.528571,u003_e014|u003_e013|u003_e001,0.3333333333333333,,1.0,0.3333333333333333,0.5090967735771897,92,0.0
1,u003,u003_q016,chat,mixed,帮我安排今天上午，结合任务优先级和个人偏好。,proposed_TMT_decay_event_memory,u003_e014,Mixed planning for today,0.891388,u003_e014|u003_e013|u003_e001,0.3333333333333333,,1.0,0.3333333333333333,0.5090967735771897,92,0.0
2,u003,u003_q016,chat,mixed,帮我安排今天上午，结合任务优先级和个人偏好。,recency_only,u003_e014|u003_e015,Mixed planning for today|Mixed review and reminder,1.0|1.0,u003_e014|u003_e013|u003_e001,0.3333333333333333,,1.0,0.3333333333333333,0.5090967735771897,174,0.0
2,u003,u003_q016,chat,mixed,帮我安排今天上午，结合任务优先级和个人偏好。,similarity_only,u003_e014|u003_e015,Mixed planning for today|Mixed review and reminder,0.142857|0.064935,u003_e014|u003_e013|u003_e001,0.3333333333333333,,1.0,0.3333333333333333,0.5090967735771897,174,0.0
2,u003,u003_q016,chat,mixed,帮我安排今天上午，结合任务优先级和个人偏好。,recency_similarity_hybrid,u003_e014|u003_e015,Mixed planning for today|Mixed review and reminder,0.528571|0.485714,u003_e014|u003_e013|u003_e001,0.3333333333333333,,1.0,0.3333333333333333,0.5090967735771897,174,0.0
2,u003,u003_q016,chat,mixed,帮我安排今天上午，结合任务优先级和个人偏好。,proposed_TMT_decay_event_memory,u003_e014|u003_e015,Mixed planning for today|Mixed review and reminder,0.891388|0.849317,u003_e014|u003_e013|u003_e001,0.3333333333333333,,1.0,0.3333333333333333,0.5090967735771897,174,0.0
3,u003,u003_q016,chat,mixed,帮我安排今天上午，结合任务优先级和个人偏好。,recency_only,u003_e014|u003_e015|u003_e016,Mixed planning for today|Mixed review and reminder|Recent irrelevant side matter,1.0|1.0|1.0,u003_e014|u003_e013|u003_e001,0.3333333333333333,,1.0,0.3333333333333333,0.5090967735771897,251,0.0
3,u003,u003_q016,chat,mixed,帮我安排今天上午，结合任务优先级和个人偏好。,similarity_only,u003_e014|u003_e015|u003_e001,Mixed planning for today|Mixed review and reminder|客户封面稿 planning,0.142857|0.064935|0.054054,u003_e014|u003_e013|u003_e001,0.6666666666666666,,1.0,0.6666666666666666,0.6787956981029196,233,0.0
3,u003,u003_q016,chat,mixed,帮我安排今天上午，结合任务优先级和个人偏好。,recency_similarity_hybrid,u003_e014|u003_e015|u003_e016,Mixed planning for today|Mixed review and reminder|Recent irrelevant side matter,0.528571|0.485714|0.471154,u003_e014|u003_e013|u003_e001,0.3333333333333333,,1.0,0.3333333333333333,0.5090967735771897,251,0.0
3,u003,u003_q016,chat,mixed,帮我安排今天上午，结合任务优先级和个人偏好。,proposed_TMT_decay_event_memory,u003_e014|u003_e015|u003_e010,Mixed planning for today|Mixed review and reminder|作品集更新 dependency discussion,0.891388|0.849317|0.825251,u003_e014|u003_e013|u003_e001,0.3333333333333333,,1.0,0.3333333333333333,0.5090967735771897,255,0.0
1,u003,u003_q017,chat,mixed,帮我写一个关于作品集更新的提醒，要体现依赖关系。,recency_only,u003_e014,Mixed planning for today,1.0,u003_e015|u003_e010,0.0,,0.0,0.0,0.0,92,0.0
1,u003,u003_q017,chat,mixed,帮我写一个关于作品集更新的提醒，要体现依赖关系。,similarity_only,u003_e015,Mixed review and reminder,0.136986,u003_e015|u003_e010,0.5,,1.0,0.5,0.6131471927654584,82,0.0
1,u003,u003_q017,chat,mixed,帮我写一个关于作品集更新的提醒，要体现依赖关系。,recency_similarity_hybrid,u003_e015,Mixed review and reminder,0.525342,u003_e015|u003_e010,0.5,,1.0,0.5,0.6131471927654584,82,0.0
1,u003,u003_q017,chat,mixed,帮我写一个关于作品集更新的提醒，要体现依赖关系。,proposed_TMT_decay_event_memory,u003_e015,Mixed review and reminder,0.891475,u003_e015|u003_e010,0.5,,1.0,0.5,0.6131471927654584,82,0.0
2,u003,u003_q017,chat,mixed,帮我写一个关于作品集更新的提醒，要体现依赖关系。,recency_only,u003_e014|u003_e015,Mixed planning for today|Mixed review and reminder,1.0|1.0,u003_e015|u003_e010,0.5,,0.0,0.5,0.3868528072345416,174,0.0
2,u003,u003_q017,chat,mixed,帮我写一个关于作品集更新的提醒，要体现依赖关系。,similarity_only,u003_e015|u003_e002,Mixed review and reminder|作品集更新 planning,0.136986|0.130435,u003_e015|u003_e010,0.5,,1.0,0.5,0.6131471927654584,145,0.0
2,u003,u003_q017,chat,mixed,帮我写一个关于作品集更新的提醒，要体现依赖关系。,recency_similarity_hybrid,u003_e015|u003_e016,Mixed review and reminder|Recent irrelevant side matter,0.525342|0.485714,u003_e015|u003_e010,0.5,,1.0,0.5,0.6131471927654584,159,0.0
2,u003,u003_q017,chat,mixed,帮我写一个关于作品集更新的提醒，要体现依赖关系。,proposed_TMT_decay_event_memory,u003_e015|u003_e014,Mixed review and reminder|Mixed planning for today,0.891475|0.891388,u003_e015|u003_e010,0.5,,1.0,0.5,0.6131471927654584,174,0.0
3,u003,u003_q017,chat,mixed,帮我写一个关于作品集更新的提醒，要体现依赖关系。,recency_only,u003_e014|u003_e015|u003_e016,Mixed planning for today|Mixed review and reminder|Recent irrelevant side matter,1.0|1.0|1.0,u003_e015|u003_e010,0.5,,0.0,0.5,0.3868528072345416,251,0.0
3,u003,u003_q017,chat,mixed,帮我写一个关于作品集更新的提醒，要体现依赖关系。,similarity_only,u003_e015|u003_e002|u003_e010,Mixed review and reminder|作品集更新 planning|作品集更新 dependency discussion,0.136986|0.130435|0.115942,u003_e015|u003_e010,1.0,,1.0,1.0,0.9197207891481876,226,1.0
3,u003,u003_q017,chat,mixed,帮我写一个关于作品集更新的提醒，要体现依赖关系。,recency_similarity_hybrid,u003_e015|u003_e016|u003_e018,Mixed review and reminder|Recent irrelevant side matter|Urgent wrong domain,0.525342|0.485714|0.476829,u003_e015|u003_e010,0.5,,1.0,0.5,0.6131471927654584,241,0.0
3,u003,u003_q017,chat,mixed,帮我写一个关于作品集更新的提醒，要体现依赖关系。,proposed_TMT_decay_event_memory,u003_e015|u003_e014|u003_e010,Mixed review and reminder|Mixed planning for today|作品集更新 dependency discussion,0.891475|0.891388|0.88679,u003_e015|u003_e010,1.0,,1.0,1.0,0.9197207891481876,255,1.0
1,u003,u003_q018,task,task_priority,我还有什么低优先级但今天可能会干扰我的事？,recency_only,u003_e014,Mixed planning for today,1.0,u003_e018|u003_e003|u003_e016,0.0,0.0,0.0,0.0,0.0,92,0.0
1,u003,u003_q018,task,task_priority,我还有什么低优先级但今天可能会干扰我的事？,similarity_only,u003_e012,Old preference record,0.053333,u003_e018|u003_e003|u003_e016,0.0,0.0,0.0,0.0,0.0,72,0.0
1,u003,u003_q018,task,task_priority,我还有什么低优先级但今天可能会干扰我的事？,recency_similarity_hybrid,u003_e018,Urgent wrong domain,0.4775,u003_e018|u003_e003|u003_e016,0.3333333333333333,0.5,1.0,0.3333333333333333,0.6300059872618923,83,0.0
1,u003,u003_q018,task,task_priority,我还有什么低优先级但今天可能会干扰我的事？,proposed_TMT_decay_event_memory,u003_e015,Mixed review and reminder,0.844676,u003_e018|u003_e003|u003_e016,0.0,0.0,0.0,0.0,0.0,82,0.0
2,u003,u003_q018,task,task_priority,我还有什么低优先级但今天可能会干扰我的事？,recency_only,u003_e014|u003_e015,Mixed planning for today|Mixed review and reminder,1.0|1.0,u003_e018|u003_e003|u003_e016,0.0,0.0,0.0,0.0,0.0,174,0.0
2,u003,u003_q018,task,task_priority,我还有什么低优先级但今天可能会干扰我的事？,similarity_only,u003_e012|u003_e018,Old preference record|Urgent wrong domain,0.053333|0.05,u003_e018|u003_e003|u003_e016,0.3333333333333333,0.5,0.0,0.3333333333333333,0.39748952229168844,154,0.0
2,u003,u003_q018,task,task_priority,我还有什么低优先级但今天可能会干扰我的事？,recency_similarity_hybrid,u003_e018|u003_e016,Urgent wrong domain|Recent irrelevant side matter,0.4775|0.471429,u003_e018|u003_e003|u003_e016,0.6666666666666666,0.5,1.0,0.6666666666666666,0.7625024946924551,159,0.0
2,u003,u003_q018,task,task_priority,我还有什么低优先级但今天可能会干扰我的事？,proposed_TMT_decay_event_memory,u003_e015|u003_e014,Mixed review and reminder|Mixed planning for today,0.844676|0.784319,u003_e018|u003_e003|u003_e016,0.0,0.0,0.0,0.0,0.0,174,0.0
3,u003,u003_q018,task,task_priority,我还有什么低优先级但今天可能会干扰我的事？,recency_only,u003_e014|u003_e015|u003_e016,Mixed planning for today|Mixed review and reminder|Recent irrelevant side matter,1.0|1.0|1.0,u003_e018|u003_e003|u003_e016,0.3333333333333333,0.0,0.0,0.3333333333333333,0.10500099787698204,251,0.0
3,u003,u003_q018,task,task_priority,我还有什么低优先级但今天可能会干扰我的事？,similarity_only,u003_e012|u003_e018|u003_e001,Old preference record|Urgent wrong domain|客户封面稿 planning,0.053333|0.05|0.040541,u003_e018|u003_e003|u003_e016,0.3333333333333333,0.5,0.0,0.3333333333333333,0.39748952229168844,214,0.0
3,u003,u003_q018,task,task_priority,我还有什么低优先级但今天可能会干扰我的事？,recency_similarity_hybrid,u003_e018|u003_e016|u003_e014,Urgent wrong domain|Recent irrelevant side matter|Mixed planning for today,0.4775|0.471429|0.462941,u003_e018|u003_e003|u003_e016,0.6666666666666666,0.5,1.0,0.6666666666666666,0.7625024946924551,251,0.0
3,u003,u003_q018,task,task_priority,我还有什么低优先级但今天可能会干扰我的事？,proposed_TMT_decay_event_memory,u003_e015|u003_e014|u003_e007,Mixed review and reminder|Mixed planning for today|色彩练习 status update,0.844676|0.784319|0.758506,u003_e018|u003_e003|u003_e016,0.0,0.0,0.0,0.0,0.0,246,0.0
1,u003,u003_q019,task,task_status,那个类似客户封面稿的旧任务还需要今天做吗？,recency_only,u003_e014,Mixed planning for today,1.0,u003_e017|u003_e001,0.0,0.0,0.0,0.0,0.0,92,0.0
1,u003,u003_q019,task,task_status,那个类似客户封面稿的旧任务还需要今天做吗？,similarity_only,u003_e017,Semantic similar wrong status,0.15493,u003_e017|u003_e001,0.5,0.0,1.0,0.5,0.7039180890341347,83,0.0
1,u003,u003_q019,task,task_status,那个类似客户封面稿的旧任务还需要今天做吗？,recency_similarity_hybrid,u003_e014,Mixed planning for today,0.505,u003_e017|u003_e001,0.0,0.0,0.0,0.0,0.0,92,0.0
1,u003,u003_q019,task,task_status,那个类似客户封面稿的旧任务还需要今天做吗？,proposed_TMT_decay_event_memory,u003_e015,Mixed review and reminder,0.844676,u003_e017|u003_e001,0.0,0.0,0.0,0.0,0.0,82,0.0
2,u003,u003_q019,task,task_status,那个类似客户封面稿的旧任务还需要今天做吗？,recency_only,u003_e014|u003_e015,Mixed planning for today|Mixed review and reminder,1.0|1.0,u003_e017|u003_e001,0.0,0.0,0.0,0.0,0.0,174,0.0
2,u003,u003_q019,task,task_status,那个类似客户封面稿的旧任务还需要今天做吗？,similarity_only,u003_e017|u003_e005,Semantic similar wrong status|客户封面稿 status update,0.15493|0.140351,u003_e017|u003_e001,0.5,0.0,1.0,0.5,0.7039180890341347,145,0.0
2,u003,u003_q019,task,task_status,那个类似客户封面稿的旧任务还需要今天做吗？,recency_similarity_hybrid,u003_e014|u003_e018,Mixed planning for today|Urgent wrong domain,0.505|0.499359,u003_e017|u003_e001,0.0,0.0,0.0,0.0,0.0,174,0.0
2,u003,u003_q019,task,task_status,那个类似客户封面稿的旧任务还需要今天做吗？,proposed_TMT_decay_event_memory,u003_e015|u003_e014,Mixed review and reminder|Mixed planning for today,0.844676|0.832906,u003_e017|u003_e001,0.0,0.0,0.0,0.0,0.0,174,0.0
3,u003,u003_q019,task,task_status,那个类似客户封面稿的旧任务还需要今天做吗？,recency_only,u003_e014|u003_e015|u003_e016,Mixed planning for today|Mixed review and reminder|Recent irrelevant side matter,1.0|1.0|1.0,u003_e017|u003_e001,0.0,0.0,0.0,0.0,0.0,251,0.0
3,u003,u003_q019,task,task_status,那个类似客户封面稿的旧任务还需要今天做吗？,similarity_only,u003_e017|u003_e005|u003_e014,Semantic similar wrong status|客户封面稿 status update|Mixed planning for today,0.15493|0.140351|0.1,u003_e017|u003_e001,0.5,0.0,1.0,0.5,0.7039180890341347,237,0.0
3,u003,u003_q019,task,task_status,那个类似客户封面稿的旧任务还需要今天做吗？,recency_similarity_hybrid,u003_e014|u003_e018|u003_e016,Mixed planning for today|Urgent wrong domain|Recent irrelevant side matter,0.505|0.499359|0.494,u003_e017|u003_e001,0.0,0.0,0.0,0.0,0.0,251,0.0
3,u003,u003_q019,task,task_status,那个类似客户封面稿的旧任务还需要今天做吗？,proposed_TMT_decay_event_memory,u003_e015|u003_e014|u003_e001,Mixed review and reminder|Mixed planning for today|客户封面稿 planning,0.844676|0.832906|0.78548,u003_e017|u003_e001,0.5,1.0,0.0,0.5,0.23463936301137822,233,0.0
1,u003,u003_q020,chat,negative,我有没有提过要学习法语考试？,recency_only,u003_e014,Mixed planning for today,1.0,,1.0,,0.0,1.0,1.0,92,1.0
1,u003,u003_q020,chat,negative,我有没有提过要学习法语考试？,similarity_only,u003_e015,Mixed review and reminder,0.042254,,1.0,,0.0,1.0,1.0,82,1.0
1,u003,u003_q020,chat,negative,我有没有提过要学习法语考试？,recency_similarity_hybrid,u003_e015,Mixed review and reminder,0.473239,,1.0,,0.0,1.0,1.0,82,1.0
1,u003,u003_q020,chat,negative,我有没有提过要学习法语考试？,proposed_TMT_decay_event_memory,u003_e014,Mixed planning for today,0.891388,,1.0,,0.0,1.0,1.0,92,1.0
2,u003,u003_q020,chat,negative,我有没有提过要学习法语考试？,recency_only,u003_e014|u003_e015,Mixed planning for today|Mixed review and reminder,1.0|1.0,,1.0,,0.0,1.0,1.0,174,1.0
2,u003,u003_q020,chat,negative,我有没有提过要学习法语考试？,similarity_only,u003_e015|u003_e013,Mixed review and reminder|Updated preference record,0.042254|0.030303,,1.0,,0.0,1.0,1.0,154,1.0
2,u003,u003_q020,chat,negative,我有没有提过要学习法语考试？,recency_similarity_hybrid,u003_e015|u003_e018,Mixed review and reminder|Urgent wrong domain,0.473239|0.464667,,1.0,,0.0,1.0,1.0,165,1.0
2,u003,u003_q020,chat,negative,我有没有提过要学习法语考试？,proposed_TMT_decay_event_memory,u003_e014|u003_e015,Mixed planning for today|Mixed review and reminder,0.891388|0.849317,,1.0,,0.0,1.0,1.0,174,1.0
3,u003,u003_q020,chat,negative,我有没有提过要学习法语考试？,recency_only,u003_e014|u003_e015|u003_e016,Mixed planning for today|Mixed review and reminder|Recent irrelevant side matter,1.0|1.0|1.0,,1.0,,0.0,1.0,1.0,251,1.0
3,u003,u003_q020,chat,negative,我有没有提过要学习法语考试？,similarity_only,u003_e015|u003_e013|u003_e007,Mixed review and reminder|Updated preference record|色彩练习 status update,0.042254|0.030303|0.028986,,1.0,,0.0,1.0,1.0,225,1.0
3,u003,u003_q020,chat,negative,我有没有提过要学习法语考试？,recency_similarity_hybrid,u003_e015|u003_e018|u003_e016,Mixed review and reminder|Urgent wrong domain|Recent irrelevant side matter,0.473239|0.464667|0.457639,,1.0,,0.0,1.0,1.0,241,1.0
3,u003,u003_q020,chat,negative,我有没有提过要学习法语考试？,proposed_TMT_decay_event_memory,u003_e014|u003_e015|u003_e010,Mixed planning for today|Mixed review and reminder|作品集更新 dependency discussion,0.891388|0.849317|0.825251,,1.0,,0.0,1.0,1.0,255,1.0
1,u004,u004_q001,task,task_due,我最近最该先处理哪个排班行政任务？,recency_only,u004_e014,Mixed planning for today,1.0,u004_e001|u004_e009,0.0,0.0,0.0,0.0,0.0,91,0.0
1,u004,u004_q001,task,task_due,我最近最该先处理哪个排班行政任务？,similarity_only,u004_e005,排班行政 status update,0.111111,u004_e001|u004_e009,0.0,0.0,0.0,0.0,0.0,62,0.0
1,u004,u004_q001,task,task_due,我最近最该先处理哪个排班行政任务？,recency_similarity_hybrid,u004_e018,Urgent wrong domain,0.494595,u004_e001|u004_e009,0.0,0.0,0.0,0.0,0.0,82,0.0
1,u004,u004_q001,task,task_due,我最近最该先处理哪个排班行政任务？,proposed_TMT_decay_event_memory,u004_e015,Mixed review and reminder,0.844676,u004_e001|u004_e009,0.0,0.0,0.0,0.0,0.0,83,0.0
2,u004,u004_q001,task,task_due,我最近最该先处理哪个排班行政任务？,recency_only,u004_e014|u004_e015,Mixed planning for today|Mixed review and reminder,1.0|1.0,u004_e001|u004_e009,0.0,0.0,0.0,0.0,0.0,174,0.0
2,u004,u004_q001,task,task_due,我最近最该先处理哪个排班行政任务？,similarity_only,u004_e005|u004_e017,排班行政 status update|Semantic similar wrong status,0.111111|0.1,u004_e001|u004_e009,0.0,0.0,0.0,0.0,0.0,143,0.0
2,u004,u004_q001,task,task_due,我最近最该先处理哪个排班行政任务？,recency_similarity_hybrid,u004_e018|u004_e016,Urgent wrong domain|Recent irrelevant side matter,0.494595|0.488732,u004_e001|u004_e009,0.0,0.0,0.0,0.0,0.0,159,0.0
2,u004,u004_q001,task,task_due,我最近最该先处理哪个排班行政任务？,proposed_TMT_decay_event_memory,u004_e015|u004_e014,Mixed review and reminder|Mixed planning for today,0.844676|0.830573,u004_e001|u004_e009,0.0,0.0,0.0,0.0,0.0,174,0.0
3,u004,u004_q001,task,task_due,我最近最该先处理哪个排班行政任务？,recency_only,u004_e014|u004_e015|u004_e016,Mixed planning for today|Mixed review and reminder|Recent irrelevant side matter,1.0|1.0|1.0,u004_e001|u004_e009,0.0,0.0,0.0,0.0,0.0,251,0.0
3,u004,u004_q001,task,task_due,我最近最该先处理哪个排班行政任务？,similarity_only,u004_e005|u004_e017|u004_e018,排班行政 status update|Semantic similar wrong status|Urgent wrong domain,0.111111|0.1|0.081081,u004_e001|u004_e009,0.0,0.0,0.0,0.0,0.0,225,0.0
3,u004,u004_q001,task,task_due,我最近最该先处理哪个排班行政任务？,recency_similarity_hybrid,u004_e018|u004_e016|u004_e014,Urgent wrong domain|Recent irrelevant side matter|Mixed planning for today,0.494595|0.488732|0.485714,u004_e001|u004_e009,0.0,0.0,0.0,0.0,0.0,250,0.0
3,u004,u004_q001,task,task_due,我最近最该先处理哪个排班行政任务？,proposed_TMT_decay_event_memory,u004_e015|u004_e014|u004_e001,Mixed review and reminder|Mixed planning for today|排班行政 planning,0.844676|0.830573|0.782957,u004_e001|u004_e009,0.5,0.5,0.0,0.5,0.35195904451706733,232,0.0
1,u004,u004_q002,task,task_due,今天有哪些快到截止但不能被过度放大的事项？,recency_only,u004_e014,Mixed planning for today,1.0,u004_e001|u004_e018|u004_e007,0.0,0.0,0.0,0.0,0.0,91,0.0
1,u004,u004_q002,task,task_due,今天有哪些快到截止但不能被过度放大的事项？,similarity_only,u004_e018,Urgent wrong domain,0.103896,u004_e001|u004_e018|u004_e007,0.3333333333333333,0.5,1.0,0.3333333333333333,0.21000199575396408,82,0.0
1,u004,u004_q002,task,task_due,今天有哪些快到截止但不能被过度放大的事项？,recency_similarity_hybrid,u004_e018,Urgent wrong domain,0.507143,u004_e001|u004_e018|u004_e007,0.3333333333333333,0.5,1.0,0.3333333333333333,0.21000199575396408,82,0.0
1,u004,u004_q002,task,task_due,今天有哪些快到截止但不能被过度放大的事项？,proposed_TMT_decay_event_memory,u004_e015,Mixed review and reminder,0.844676,u004_e001|u004_e018|u004_e007,0.0,0.0,0.0,0.0,0.0,83,0.0
2,u004,u004_q002,task,task_due,今天有哪些快到截止但不能被过度放大的事项？,recency_only,u004_e014|u004_e015,Mixed planning for today|Mixed review and reminder,1.0|1.0,u004_e001|u004_e018|u004_e007,0.0,0.0,0.0,0.0,0.0,174,0.0
2,u004,u004_q002,task,task_due,今天有哪些快到截止但不能被过度放大的事项？,similarity_only,u004_e018|u004_e012,Urgent wrong domain|Old preference record,0.103896|0.066667,u004_e001|u004_e018|u004_e007,0.3333333333333333,0.5,1.0,0.3333333333333333,0.21000199575396408,153,0.0
2,u004,u004_q002,task,task_due,今天有哪些快到截止但不能被过度放大的事项？,recency_similarity_hybrid,u004_e018|u004_e016,Urgent wrong domain|Recent irrelevant side matter,0.507143|0.471154,u004_e001|u004_e018|u004_e007,0.3333333333333333,0.5,1.0,0.3333333333333333,0.21000199575396408,159,0.0
2,u004,u004_q002,task,task_due,今天有哪些快到截止但不能被过度放大的事项？,proposed_TMT_decay_event_memory,u004_e015|u004_e014,Mixed review and reminder|Mixed planning for today,0.844676|0.784319,u004_e001|u004_e018|u004_e007,0.0,0.0,0.0,0.0,0.0,174,0.0
3,u004,u004_q002,task,task_due,今天有哪些快到截止但不能被过度放大的事项？,recency_only,u004_e014|u004_e015|u004_e016,Mixed planning for today|Mixed review and reminder|Recent irrelevant side matter,1.0|1.0|1.0,u004_e001|u004_e018|u004_e007,0.0,0.0,0.0,0.0,0.0,251,0.0
3,u004,u004_q002,task,task_due,今天有哪些快到截止但不能被过度放大的事项？,similarity_only,u004_e018|u004_e012|u004_e002,Urgent wrong domain|Old preference record|执业考试复习 planning,0.103896|0.066667|0.054054,u004_e001|u004_e018|u004_e007,0.3333333333333333,0.5,1.0,0.3333333333333333,0.21000199575396408,217,0.0
3,u004,u004_q002,task,task_due,今天有哪些快到截止但不能被过度放大的事项？,recency_similarity_hybrid,u004_e018|u004_e016|u004_e015,Urgent wrong domain|Recent irrelevant side matter|Mixed review and reminder,0.507143|0.471154|0.46375,u004_e001|u004_e018|u004_e007,0.3333333333333333,0.5,1.0,0.3333333333333333,0.21000199575396408,242,0.0
3,u004,u004_q002,task,task_due,今天有哪些快到截止但不能被过度放大的事项？,proposed_TMT_decay_event_memory,u004_e015|u004_e014|u004_e007,Mixed review and reminder|Mixed planning for today|家庭照护 status update,0.844676|0.784319|0.758506,u004_e001|u004_e018|u004_e007,0.3333333333333333,0.0,0.0,0.3333333333333333,0.21000199575396408,245,0.0
1,u004,u004_q003,task,task_priority,执业考试复习接下来应该推进什么？,recency_only,u004_e014,Mixed planning for today,1.0,u004_e002|u004_e006|u004_e010,0.0,0.0,0.0,0.0,0.0,91,0.0
1,u004,u004_q003,task,task_priority,执业考试复习接下来应该推进什么？,similarity_only,u004_e010,执业考试复习 dependency discussion,0.090909,u004_e002|u004_e006|u004_e010,0.3333333333333333,0.5,1.0,0.3333333333333333,0.38009376671593426,82,0.0
1,u004,u004_q003,task,task_priority,执业考试复习接下来应该推进什么？,recency_similarity_hybrid,u004_e015,Mixed review and reminder,0.496479,u004_e002|u004_e006|u004_e010,0.0,0.0,0.0,0.0,0.0,83,0.0
1,u004,u004_q003,task,task_priority,执业考试复习接下来应该推进什么？,proposed_TMT_decay_event_memory,u004_e015,Mixed review and reminder,0.92202,u004_e002|u004_e006|u004_e010,0.0,0.0,0.0,0.0,0.0,83,0.0
2,u004,u004_q003,task,task_priority,执业考试复习接下来应该推进什么？,recency_only,u004_e014|u004_e015,Mixed planning for today|Mixed review and reminder,1.0|1.0,u004_e002|u004_e006|u004_e010,0.0,0.0,0.0,0.0,0.0,174,0.0
2,u004,u004_q003,task,task_priority,执业考试复习接下来应该推进什么？,similarity_only,u004_e010|u004_e002,执业考试复习 dependency discussion|执业考试复习 planning,0.090909|0.089552,u004_e002|u004_e006|u004_e010,0.6666666666666666,1.0,1.0,0.6666666666666666,0.7398124665681314,146,0.0
2,u004,u004_q003,task,task_priority,执业考试复习接下来应该推进什么？,recency_similarity_hybrid,u004_e015|u004_e014,Mixed review and reminder|Mixed planning for today,0.496479|0.45679,u004_e002|u004_e006|u004_e010,0.0,0.0,0.0,0.0,0.0,174,0.0
2,u004,u004_q003,task,task_priority,执业考试复习接下来应该推进什么？,proposed_TMT_decay_event_memory,u004_e015|u004_e014,Mixed review and reminder|Mixed planning for today,0.92202|0.784319,u004_e002|u004_e006|u004_e010,0.0,0.0,0.0,0.0,0.0,174,0.0
3,u004,u004_q003,task,task_priority,执业考试复习接下来应该推进什么？,recency_only,u004_e014|u004_e015|u004_e016,Mixed planning for today|Mixed review and reminder|Recent irrelevant side matter,1.0|1.0|1.0,u004_e002|u004_e006|u004_e010,0.0,0.0,0.0,0.0,0.0,251,0.0
3,u004,u004_q003,task,task_priority,执业考试复习接下来应该推进什么？,similarity_only,u004_e010|u004_e002|u004_e006,执业考试复习 dependency discussion|执业考试复习 planning|执业考试复习 status update,0.090909|0.089552|0.089552,u004_e002|u004_e006|u004_e010,1.0,1.0,1.0,1.0,0.9298593499260985,220,1.0
3,u004,u004_q003,task,task_priority,执业考试复习接下来应该推进什么？,recency_similarity_hybrid,u004_e015|u004_e014|u004_e016,Mixed review and reminder|Mixed planning for today|Recent irrelevant side matter,0.496479|0.45679|0.45,u004_e002|u004_e006|u004_e010,0.0,0.0,0.0,0.0,0.0,251,0.0
3,u004,u004_q003,task,task_priority,执业考试复习接下来应该推进什么？,proposed_TMT_decay_event_memory,u004_e015|u004_e014|u004_e007,Mixed review and reminder|Mixed planning for today|家庭照护 status update,0.92202|0.784319|0.758506,u004_e002|u004_e006|u004_e010,0.0,0.0,0.0,0.0,0.0,245,0.0
1,u004,u004_q004,task,task_priority,现在最重要但不一定最紧急的任务是什么？,recency_only,u004_e014,Mixed planning for today,1.0,u004_e002|u004_e001|u004_e004,0.0,0.0,0.0,0.0,0.0,91,0.0
1,u004,u004_q004,task,task_priority,现在最重要但不一定最紧急的任务是什么？,similarity_only,u004_e002,执业考试复习 planning,0.102941,u004_e002|u004_e001|u004_e004,0.3333333333333333,0.3333333333333333,1.0,0.3333333333333333,0.5701406500739014,64,0.0
1,u004,u004_q004,task,task_priority,现在最重要但不一定最紧急的任务是什么？,recency_similarity_hybrid,u004_e016,Recent irrelevant side matter,0.504225,u004_e002|u004_e001|u004_e004,0.0,0.0,0.0,0.0,0.0,77,0.0
1,u004,u004_q004,task,task_priority,现在最重要但不一定最紧急的任务是什么？,proposed_TMT_decay_event_memory,u004_e015,Mixed review and reminder,0.844676,u004_e002|u004_e001|u004_e004,0.0,0.0,0.0,0.0,0.0,83,0.0
2,u004,u004_q004,task,task_priority,现在最重要但不一定最紧急的任务是什么？,recency_only,u004_e014|u004_e015,Mixed planning for today|Mixed review and reminder,1.0|1.0,u004_e002|u004_e001|u004_e004,0.0,0.0,0.0,0.0,0.0,174,0.0
2,u004,u004_q004,task,task_priority,现在最重要但不一定最紧急的任务是什么？,similarity_only,u004_e002|u004_e016,执业考试复习 planning|Recent irrelevant side matter,0.102941|0.098592,u004_e002|u004_e001|u004_e004,0.3333333333333333,0.3333333333333333,1.0,0.3333333333333333,0.5701406500739014,141,0.0
2,u004,u004_q004,task,task_priority,现在最重要但不一定最紧急的任务是什么？,recency_similarity_hybrid,u004_e016|u004_e018,Recent irrelevant side matter|Urgent wrong domain,0.504225|0.478205,u004_e002|u004_e001|u004_e004,0.0,0.0,0.0,0.0,0.0,159,0.0
2,u004,u004_q004,task,task_priority,现在最重要但不一定最紧急的任务是什么？,proposed_TMT_decay_event_memory,u004_e015|u004_e014,Mixed review and reminder|Mixed planning for today,0.844676|0.784319,u004_e002|u004_e001|u004_e004,0.0,0.0,0.0,0.0,0.0,174,0.0
3,u004,u004_q004,task,task_priority,现在最重要但不一定最紧急的任务是什么？,recency_only,u004_e014|u004_e015|u004_e016,Mixed planning for today|Mixed review and reminder|Recent irrelevant side matter,1.0|1.0|1.0,u004_e002|u004_e001|u004_e004,0.0,0.0,0.0,0.0,0.0,251,0.0
3,u004,u004_q004,task,task_priority,现在最重要但不一定最紧急的任务是什么？,similarity_only,u004_e002|u004_e016|u004_e003,执业考试复习 planning|Recent irrelevant side matter|家庭照护 planning,0.102941|0.098592|0.069444,u004_e002|u004_e001|u004_e004,0.3333333333333333,0.3333333333333333,1.0,0.3333333333333333,0.5701406500739014,213,0.0
3,u004,u004_q004,task,task_priority,现在最重要但不一定最紧急的任务是什么？,recency_similarity_hybrid,u004_e016|u004_e018|u004_e015,Recent irrelevant side matter|Urgent wrong domain|Mixed review and reminder,0.504225|0.478205|0.471711,u004_e002|u004_e001|u004_e004,0.0,0.0,0.0,0.0,0.0,242,0.0
3,u004,u004_q004,task,task_priority,现在最重要但不一定最紧急的任务是什么？,proposed_TMT_decay_event_memory,u004_e015|u004_e014|u004_e007,Mixed review and reminder|Mixed planning for today|家庭照护 status update,0.844676|0.784319|0.758506,u004_e002|u004_e001|u004_e004,0.0,0.0,0.0,0.0,0.0,245,0.0
1,u004,u004_q005,task,task_status,排班行政还有什么没完成？,recency_only,u004_e014,Mixed planning for today,1.0,u004_e005|u004_e001|u004_e017,0.0,0.0,0.0,0.0,0.0,91,0.0
1,u004,u004_q005,task,task_status,排班行政还有什么没完成？,similarity_only,u004_e005,排班行政 status update,0.12,u004_e005|u004_e001|u004_e017,0.3333333333333333,0.0,1.0,0.3333333333333333,0.5562983930884396,62,0.0
1,u004,u004_q005,task,task_status,排班行政还有什么没完成？,recency_similarity_hybrid,u004_e018,Urgent wrong domain,0.488732,u004_e005|u004_e001|u004_e017,0.0,0.0,0.0,0.0,0.0,82,0.0
1,u004,u004_q005,task,task_status,排班行政还有什么没完成？,proposed_TMT_decay_event_memory,u004_e015,Mixed review and reminder,0.844676,u004_e005|u004_e001|u004_e017,0.0,0.0,0.0,0.0,0.0,83,0.0
2,u004,u004_q005,task,task_status,排班行政还有什么没完成？,recency_only,u004_e014|u004_e015,Mixed planning for today|Mixed review and reminder,1.0|1.0,u004_e005|u004_e001|u004_e017,0.0,0.0,0.0,0.0,0.0,174,0.0
2,u004,u004_q005,task,task_status,排班行政还有什么没完成？,similarity_only,u004_e005|u004_e007,排班行政 status update|家庭照护 status update,0.12|0.09375,u004_e005|u004_e001|u004_e017,0.3333333333333333,0.0,1.0,0.3333333333333333,0.5562983930884396,133,0.0
2,u004,u004_q005,task,task_status,排班行政还有什么没完成？,recency_similarity_hybrid,u004_e018|u004_e014,Urgent wrong domain|Mixed planning for today,0.488732|0.47973,u004_e005|u004_e001|u004_e017,0.0,0.0,0.0,0.0,0.0,173,0.0
2,u004,u004_q005,task,task_status,排班行政还有什么没完成？,proposed_TMT_decay_event_memory,u004_e015|u004_e014,Mixed review and reminder|Mixed planning for today,0.844676|0.838963,u004_e005|u004_e001|u004_e017,0.0,0.0,0.0,0.0,0.0,174,0.0
3,u004,u004_q005,task,task_status,排班行政还有什么没完成？,recency_only,u004_e014|u004_e015|u004_e016,Mixed planning for today|Mixed review and reminder|Recent irrelevant side matter,1.0|1.0|1.0,u004_e005|u004_e001|u004_e017,0.0,0.0,0.0,0.0,0.0,251,0.0
3,u004,u004_q005,task,task_status,排班行政还有什么没完成？,similarity_only,u004_e005|u004_e007|u004_e017,排班行政 status update|家庭照护 status update|Semantic similar wrong status,0.12|0.09375|0.089552,u004_e005|u004_e001|u004_e017,0.6666666666666666,0.0,1.0,0.6666666666666666,0.649014791936513,214,0.0
3,u004,u004_q005,task,task_status,排班行政还有什么没完成？,recency_similarity_hybrid,u004_e018|u004_e014|u004_e015,Urgent wrong domain|Mixed planning for today|Mixed review and reminder,0.488732|0.47973|0.45,u004_e005|u004_e001|u004_e017,0.0,0.0,0.0,0.0,0.0,256,0.0
3,u004,u004_q005,task,task_status,排班行政还有什么没完成？,proposed_TMT_decay_event_memory,u004_e015|u004_e014|u004_e001,Mixed review and reminder|Mixed planning for today|排班行政 planning,0.844676|0.838963|0.791871,u004_e005|u004_e001|u004_e017,0.3333333333333333,1.0,0.0,0.3333333333333333,0.2781491965442198,232,0.0
1,u004,u004_q006,task,task_status,执业考试复习的资料收集完成了吗？,recency_only,u004_e014,Mixed planning for today,1.0,u004_e006,0.0,1.0,0.0,0.0,0.0,91,0.0
1,u004,u004_q006,task,task_status,执业考试复习的资料收集完成了吗？,similarity_only,u004_e010,执业考试复习 dependency discussion,0.2,u004_e006,0.0,1.0,0.0,0.0,0.0,82,0.0
1,u004,u004_q006,task,task_status,执业考试复习的资料收集完成了吗？,recency_similarity_hybrid,u004_e015,Mixed review and reminder,0.496479,u004_e006,0.0,1.0,0.0,0.0,0.0,83,0.0
1,u004,u004_q006,task,task_status,执业考试复习的资料收集完成了吗？,proposed_TMT_decay_event_memory,u004_e015,Mixed review and reminder,0.92202,u004_e006,0.0,1.0,0.0,0.0,0.0,83,0.0
2,u004,u004_q006,task,task_status,执业考试复习的资料收集完成了吗？,recency_only,u004_e014|u004_e015,Mixed planning for today|Mixed review and reminder,1.0|1.0,u004_e006,0.0,1.0,0.0,0.0,0.0,174,0.0
2,u004,u004_q006,task,task_status,执业考试复习的资料收集完成了吗？,similarity_only,u004_e010|u004_e006,执业考试复习 dependency discussion|执业考试复习 status update,0.2|0.140625,u004_e006,1.0,1.0,0.0,1.0,0.6309297535714574,156,1.0
2,u004,u004_q006,task,task_status,执业考试复习的资料收集完成了吗？,recency_similarity_hybrid,u004_e015|u004_e016,Mixed review and reminder|Recent irrelevant side matter,0.496479|0.464865,u004_e006,0.0,1.0,0.0,0.0,0.0,160,0.0
2,u004,u004_q006,task,task_status,执业考试复习的资料收集完成了吗？,proposed_TMT_decay_event_memory,u004_e015|u004_e014,Mixed review and reminder|Mixed planning for today,0.92202|0.784319,u004_e006,0.0,1.0,0.0,0.0,0.0,174,0.0
3,u004,u004_q006,task,task_status,执业考试复习的资料收集完成了吗？,recency_only,u004_e014|u004_e015|u004_e016,Mixed planning for today|Mixed review and reminder|Recent irrelevant side matter,1.0|1.0|1.0,u004_e006,0.0,1.0,0.0,0.0,0.0,251,0.0
3,u004,u004_q006,task,task_status,执业考试复习的资料收集完成了吗？,similarity_only,u004_e010|u004_e006|u004_e002,执业考试复习 dependency discussion|执业考试复习 status update|执业考试复习 planning,0.2|0.140625|0.123077,u004_e006,1.0,1.0,0.0,1.0,0.6309297535714574,220,1.0
3,u004,u004_q006,task,task_status,执业考试复习的资料收集完成了吗？,recency_similarity_hybrid,u004_e015|u004_e016|u004_e018,Mixed review and reminder|Recent irrelevant side matter|Urgent wrong domain,0.496479|0.464865|0.456962,u004_e006,0.0,1.0,0.0,0.0,0.0,242,0.0
3,u004,u004_q006,task,task_status,执业考试复习的资料收集完成了吗？,proposed_TMT_decay_event_memory,u004_e015|u004_e014|u004_e007,Mixed review and reminder|Mixed planning for today|家庭照护 status update,0.92202|0.784319|0.758506,u004_e006,0.0,1.0,0.0,0.0,0.0,245,0.0
1,u004,u004_q007,task,task_status,家庭照护那个过期事项现在应该怎么处理？,recency_only,u004_e014,Mixed planning for today,1.0,u004_e007,0.0,0.0,0.0,0.0,0.0,91,0.0
1,u004,u004_q007,task,task_status,家庭照护那个过期事项现在应该怎么处理？,similarity_only,u004_e007,家庭照护 status update,0.115942,u004_e007,1.0,1.0,1.0,1.0,1.0,72,1.0
1,u004,u004_q007,task,task_status,家庭照护那个过期事项现在应该怎么处理？,recency_similarity_hybrid,u004_e018,Urgent wrong domain,0.500658,u004_e007,0.0,0.0,0.0,0.0,0.0,82,0.0
1,u004,u004_q007,task,task_status,家庭照护那个过期事项现在应该怎么处理？,proposed_TMT_decay_event_memory,u004_e015,Mixed review and reminder,0.844676,u004_e007,0.0,0.0,0.0,0.0,0.0,83,0.0
2,u004,u004_q007,task,task_status,家庭照护那个过期事项现在应该怎么处理？,recency_only,u004_e014|u004_e015,Mixed planning for today|Mixed review and reminder,1.0|1.0,u004_e007,0.0,0.0,0.0,0.0,0.0,174,0.0
2,u004,u004_q007,task,task_status,家庭照护那个过期事项现在应该怎么处理？,similarity_only,u004_e007|u004_e018,家庭照护 status update|Urgent wrong domain,0.115942|0.092105,u004_e007,1.0,1.0,1.0,1.0,1.0,154,1.0
2,u004,u004_q007,task,task_status,家庭照护那个过期事项现在应该怎么处理？,recency_similarity_hybrid,u004_e018|u004_e015,Urgent wrong domain|Mixed review and reminder,0.500658|0.471429,u004_e007,0.0,0.0,0.0,0.0,0.0,165,0.0
2,u004,u004_q007,task,task_status,家庭照护那个过期事项现在应该怎么处理？,proposed_TMT_decay_event_memory,u004_e015|u004_e007,Mixed review and reminder|家庭照护 status update,0.844676|0.802637,u004_e007,1.0,1.0,0.0,1.0,0.6309297535714574,155,1.0
3,u004,u004_q007,task,task_status,家庭照护那个过期事项现在应该怎么处理？,recency_only,u004_e014|u004_e015|u004_e016,Mixed planning for today|Mixed review and reminder|Recent irrelevant side matter,1.0|1.0|1.0,u004_e007,0.0,0.0,0.0,0.0,0.0,251,0.0
3,u004,u004_q007,task,task_status,家庭照护那个过期事项现在应该怎么处理？,similarity_only,u004_e007|u004_e018|u004_e003,家庭照护 status update|Urgent wrong domain|家庭照护 planning,0.115942|0.092105|0.083333,u004_e007,1.0,1.0,1.0,1.0,1.0,225,1.0
3,u004,u004_q007,task,task_status,家庭照护那个过期事项现在应该怎么处理？,recency_similarity_hybrid,u004_e018|u004_e015|u004_e016,Urgent wrong domain|Mixed review and reminder|Recent irrelevant side matter,0.500658|0.471429|0.464286,u004_e007,0.0,0.0,0.0,0.0,0.0,242,0.0
3,u004,u004_q007,task,task_status,家庭照护那个过期事项现在应该怎么处理？,proposed_TMT_decay_event_memory,u004_e015|u004_e007|u004_e014,Mixed review and reminder|家庭照护 status update|Mixed planning for today,0.844676|0.802637|0.784319,u004_e007,1.0,1.0,0.0,1.0,0.6309297535714574,245,1.0
1,u004,u004_q008,task,task_context,排班行政为什么现在还不能最终完成？,recency_only,u004_e014,Mixed planning for today,1.0,u004_e009|u004_e005,0.0,0.0,0.0,0.0,0.0,91,0.0
1,u004,u004_q008,task,task_context,排班行政为什么现在还不能最终完成？,similarity_only,u004_e005,排班行政 status update,0.109091,u004_e009|u004_e005,0.5,0.0,1.0,0.5,0.46927872602275644,62,0.0
1,u004,u004_q008,task,task_context,排班行政为什么现在还不能最终完成？,recency_similarity_hybrid,u004_e018,Urgent wrong domain,0.486184,u004_e009|u004_e005,0.0,0.0,0.0,0.0,0.0,82,0.0
1,u004,u004_q008,task,task_context,排班行政为什么现在还不能最终完成？,proposed_TMT_decay_event_memory,u004_e015,Mixed review and reminder,0.844676,u004_e009|u004_e005,0.0,0.0,0.0,0.0,0.0,83,0.0
2,u004,u004_q008,task,task_context,排班行政为什么现在还不能最终完成？,recency_only,u004_e014|u004_e015,Mixed planning for today|Mixed review and reminder,1.0|1.0,u004_e009|u004_e005,0.0,0.0,0.0,0.0,0.0,174,0.0
2,u004,u004_q008,task,task_context,排班行政为什么现在还不能最终完成？,similarity_only,u004_e005|u004_e007,排班行政 status update|家庭照护 status update,0.109091|0.086957,u004_e009|u004_e005,0.5,0.0,1.0,0.5,0.46927872602275644,133,0.0
2,u004,u004_q008,task,task_context,排班行政为什么现在还不能最终完成？,recency_similarity_hybrid,u004_e018|u004_e014,Urgent wrong domain|Mixed planning for today,0.486184|0.477848,u004_e009|u004_e005,0.0,0.0,0.0,0.0,0.0,173,0.0
2,u004,u004_q008,task,task_context,排班行政为什么现在还不能最终完成？,proposed_TMT_decay_event_memory,u004_e015|u004_e014,Mixed review and reminder|Mixed planning for today,0.844676|0.828863,u004_e009|u004_e005,0.0,0.0,0.0,0.0,0.0,174,0.0
3,u004,u004_q008,task,task_context,排班行政为什么现在还不能最终完成？,recency_only,u004_e014|u004_e015|u004_e016,Mixed planning for today|Mixed review and reminder|Recent irrelevant side matter,1.0|1.0|1.0,u004_e009|u004_e005,0.0,0.0,0.0,0.0,0.0,251,0.0
3,u004,u004_q008,task,task_context,排班行政为什么现在还不能最终完成？,similarity_only,u004_e005|u004_e007|u004_e017,排班行政 status update|家庭照护 status update|Semantic similar wrong status,0.109091|0.086957|0.083333,u004_e009|u004_e005,0.5,0.0,1.0,0.5,0.46927872602275644,214,0.0
3,u004,u004_q008,task,task_context,排班行政为什么现在还不能最终完成？,recency_similarity_hybrid,u004_e018|u004_e014|u004_e016,Urgent wrong domain|Mixed planning for today|Recent irrelevant side matter,0.486184|0.477848|0.457237,u004_e009|u004_e005,0.0,0.0,0.0,0.0,0.0,250,0.0
3,u004,u004_q008,task,task_context,排班行政为什么现在还不能最终完成？,proposed_TMT_decay_event_memory,u004_e015|u004_e014|u004_e001,Mixed review and reminder|Mixed planning for today|排班行政 planning,0.844676|0.828863|0.781146,u004_e009|u004_e005,0.0,0.0,0.0,0.0,0.0,232,0.0
1,u004,u004_q009,task,task_context,夜班恢复当前有效计划是什么？,recency_only,u004_e014,Mixed planning for today,1.0,u004_e008|u004_e020,0.0,1.0,0.0,0.0,0.0,91,0.0
1,u004,u004_q009,task,task_context,夜班恢复当前有效计划是什么？,similarity_only,u004_e004,夜班恢复 planning,0.096774,u004_e008|u004_e020,0.0,1.0,0.0,0.0,0.0,71,0.0
1,u004,u004_q009,task,task_context,夜班恢复当前有效计划是什么？,recency_similarity_hybrid,u004_e018,Urgent wrong domain,0.464474,u004_e008|u004_e020,0.0,1.0,0.0,0.0,0.0,82,0.0
1,u004,u004_q009,task,task_context,夜班恢复当前有效计划是什么？,proposed_TMT_decay_event_memory,u004_e015,Mixed review and reminder,0.855881,u004_e008|u004_e020,0.0,1.0,0.0,0.0,0.0,83,0.0
2,u004,u004_q009,task,task_context,夜班恢复当前有效计划是什么？,recency_only,u004_e014|u004_e015,Mixed planning for today|Mixed review and reminder,1.0|1.0,u004_e008|u004_e020,0.0,1.0,0.0,0.0,0.0,174,0.0
2,u004,u004_q009,task,task_context,夜班恢复当前有效计划是什么？,similarity_only,u004_e004|u004_e008,夜班恢复 planning|夜班恢复 status update,0.096774|0.09375,u004_e008|u004_e020,0.5,1.0,0.0,0.5,0.52129602861432,143,0.0
2,u004,u004_q009,task,task_context,夜班恢复当前有效计划是什么？,recency_similarity_hybrid,u004_e018|u004_e014,Urgent wrong domain|Mixed planning for today,0.464474|0.464103,u004_e008|u004_e020,0.0,1.0,0.0,0.0,0.0,173,0.0
2,u004,u004_q009,task,task_context,夜班恢复当前有效计划是什么？,proposed_TMT_decay_event_memory,u004_e015|u004_e014,Mixed review and reminder|Mixed planning for today,0.855881|0.795386,u004_e008|u004_e020,0.0,1.0,0.0,0.0,0.0,174,0.0
3,u004,u004_q009,task,task_context,夜班恢复当前有效计划是什么？,recency_only,u004_e014|u004_e015|u004_e016,Mixed planning for today|Mixed review and reminder|Recent irrelevant side matter,1.0|1.0|1.0,u004_e008|u004_e020,0.0,1.0,0.0,0.0,0.0,251,0.0
3,u004,u004_q009,task,task_context,夜班恢复当前有效计划是什么？,similarity_only,u004_e004|u004_e008|u004_e020,夜班恢复 planning|夜班恢复 status update|Superseded MU distractor,0.096774|0.09375|0.072464,u004_e008|u004_e020,1.0,1.0,0.0,1.0,0.6590018048024133,225,1.0
3,u004,u004_q009,task,task_context,夜班恢复当前有效计划是什么？,recency_similarity_hybrid,u004_e018|u004_e014|u004_e015,Urgent wrong domain|Mixed planning for today|Mixed review and reminder,0.464474|0.464103|0.457432,u004_e008|u004_e020,0.0,1.0,0.0,0.0,0.0,256,0.0
3,u004,u004_q009,task,task_context,夜班恢复当前有效计划是什么？,proposed_TMT_decay_event_memory,u004_e015|u004_e014|u004_e007,Mixed review and reminder|Mixed planning for today|家庭照护 status update,0.855881|0.795386|0.758808,u004_e008|u004_e020,0.0,1.0,0.0,0.0,0.0,245,0.0
1,u004,u004_q010,task,task_dependency,做排班行政前还缺什么依赖？,recency_only,u004_e014,Mixed planning for today,1.0,u004_e009|u004_e014,0.5,0.0,1.0,0.5,0.46927872602275644,91,0.0
1,u004,u004_q010,task,task_dependency,做排班行政前还缺什么依赖？,similarity_only,u004_e009,排班行政 dependency discussion,0.116667,u004_e009|u004_e014,0.5,1.0,1.0,0.5,0.7039180890341347,83,0.0
1,u004,u004_q010,task,task_dependency,做排班行政前还缺什么依赖？,recency_similarity_hybrid,u004_e018,Urgent wrong domain,0.480137,u004_e009|u004_e014,0.0,0.0,0.0,0.0,0.0,82,0.0
1,u004,u004_q010,task,task_dependency,做排班行政前还缺什么依赖？,proposed_TMT_decay_event_memory,u004_e015,Mixed review and reminder,0.844676,u004_e009|u004_e014,0.0,0.0,0.0,0.0,0.0,83,0.0
2,u004,u004_q010,task,task_dependency,做排班行政前还缺什么依赖？,recency_only,u004_e014|u004_e015,Mixed planning for today|Mixed review and reminder,1.0|1.0,u004_e009|u004_e014,0.5,0.0,1.0,0.5,0.46927872602275644,174,0.0
2,u004,u004_q010,task,task_dependency,做排班行政前还缺什么依赖？,similarity_only,u004_e009|u004_e005,排班行政 dependency discussion|排班行政 status update,0.116667|0.075472,u004_e009|u004_e014,0.5,1.0,1.0,0.5,0.7039180890341347,145,0.0
2,u004,u004_q010,task,task_dependency,做排班行政前还缺什么依赖？,recency_similarity_hybrid,u004_e018|u004_e014,Urgent wrong domain|Mixed planning for today,0.480137|0.479333,u004_e009|u004_e014,0.5,0.0,0.0,0.5,0.2960819109658652,173,0.0
2,u004,u004_q010,task,task_dependency,做排班行政前还缺什么依赖？,proposed_TMT_decay_event_memory,u004_e015|u004_e014,Mixed review and reminder|Mixed planning for today,0.844676|0.836593,u004_e009|u004_e014,0.5,0.0,0.0,0.5,0.2960819109658652,174,0.0
3,u004,u004_q010,task,task_dependency,做排班行政前还缺什么依赖？,recency_only,u004_e014|u004_e015|u004_e016,Mixed planning for today|Mixed review and reminder|Recent irrelevant side matter,1.0|1.0|1.0,u004_e009|u004_e014,0.5,0.0,1.0,0.5,0.46927872602275644,251,0.0
3,u004,u004_q010,task,task_dependency,做排班行政前还缺什么依赖？,similarity_only,u004_e009|u004_e005|u004_e007,排班行政 dependency discussion|排班行政 status update|家庭照护 status update,0.116667|0.075472|0.059701,u004_e009|u004_e014,0.5,1.0,1.0,0.5,0.7039180890341347,216,0.0
3,u004,u004_q010,task,task_dependency,做排班行政前还缺什么依赖？,recency_similarity_hybrid,u004_e018|u004_e014|u004_e015,Urgent wrong domain|Mixed planning for today|Mixed review and reminder,0.480137|0.479333|0.465278,u004_e009|u004_e014,0.5,0.0,0.0,0.5,0.2960819109658652,256,0.0
3,u004,u004_q010,task,task_dependency,做排班行政前还缺什么依赖？,proposed_TMT_decay_event_memory,u004_e015|u004_e014|u004_e001,Mixed review and reminder|Mixed planning for today|排班行政 planning,0.844676|0.836593|0.789347,u004_e009|u004_e014,0.5,0.0,0.0,0.5,0.2960819109658652,232,0.0
1,u004,u004_q011,task,task_dependency,执业考试复习卡住的前置条件是什么？,recency_only,u004_e014,Mixed planning for today,1.0,u004_e010|u004_e006|u004_e015,0.0,1.0,0.0,0.0,0.0,91,0.0
1,u004,u004_q011,task,task_dependency,执业考试复习卡住的前置条件是什么？,similarity_only,u004_e010,执业考试复习 dependency discussion,0.106061,u004_e010|u004_e006|u004_e015,0.3333333333333333,1.0,1.0,0.3333333333333333,0.5090967735771897,82,0.0
1,u004,u004_q011,task,task_dependency,执业考试复习卡住的前置条件是什么？,recency_similarity_hybrid,u004_e015,Mixed review and reminder,0.495833,u004_e010|u004_e006|u004_e015,0.3333333333333333,1.0,1.0,0.3333333333333333,0.3393978490514598,83,0.0
1,u004,u004_q011,task,task_dependency,执业考试复习卡住的前置条件是什么？,proposed_TMT_decay_event_memory,u004_e015,Mixed review and reminder,0.91875,u004_e010|u004_e006|u004_e015,0.3333333333333333,1.0,1.0,0.3333333333333333,0.3393978490514598,83,0.0
2,u004,u004_q011,task,task_dependency,执业考试复习卡住的前置条件是什么？,recency_only,u004_e014|u004_e015,Mixed planning for today|Mixed review and reminder,1.0|1.0,u004_e010|u004_e006|u004_e015,0.3333333333333333,1.0,0.0,0.3333333333333333,0.21413620126472027,174,0.0
2,u004,u004_q011,task,task_dependency,执业考试复习卡住的前置条件是什么？,similarity_only,u004_e010|u004_e002,执业考试复习 dependency discussion|执业考试复习 planning,0.106061|0.104478,u004_e010|u004_e006|u004_e015,0.3333333333333333,1.0,1.0,0.3333333333333333,0.5090967735771897,146,0.0
2,u004,u004_q011,task,task_dependency,执业考试复习卡住的前置条件是什么？,recency_similarity_hybrid,u004_e015|u004_e016,Mixed review and reminder|Recent irrelevant side matter,0.495833|0.457237,u004_e010|u004_e006|u004_e015,0.3333333333333333,1.0,1.0,0.3333333333333333,0.3393978490514598,160,0.0
2,u004,u004_q011,task,task_dependency,执业考试复习卡住的前置条件是什么？,proposed_TMT_decay_event_memory,u004_e015|u004_e014,Mixed review and reminder|Mixed planning for today,0.91875|0.784319,u004_e010|u004_e006|u004_e015,0.3333333333333333,1.0,1.0,0.3333333333333333,0.3393978490514598,174,0.0
3,u004,u004_q011,task,task_dependency,执业考试复习卡住的前置条件是什么？,recency_only,u004_e014|u004_e015|u004_e016,Mixed planning for today|Mixed review and reminder|Recent irrelevant side matter,1.0|1.0|1.0,u004_e010|u004_e006|u004_e015,0.3333333333333333,1.0,0.0,0.3333333333333333,0.21413620126472027,251,0.0
3,u004,u004_q011,task,task_dependency,执业考试复习卡住的前置条件是什么？,similarity_only,u004_e010|u004_e002|u004_e006,执业考试复习 dependency discussion|执业考试复习 planning|执业考试复习 status update,0.106061|0.104478|0.088235,u004_e010|u004_e006|u004_e015,0.6666666666666666,1.0,1.0,0.6666666666666666,0.7636451603657846,220,0.0
3,u004,u004_q011,task,task_dependency,执业考试复习卡住的前置条件是什么？,recency_similarity_hybrid,u004_e015|u004_e016|u004_e018,Mixed review and reminder|Recent irrelevant side matter|Urgent wrong domain,0.495833|0.457237|0.456875,u004_e010|u004_e006|u004_e015,0.3333333333333333,1.0,1.0,0.3333333333333333,0.3393978490514598,242,0.0
3,u004,u004_q011,task,task_dependency,执业考试复习卡住的前置条件是什么？,proposed_TMT_decay_event_memory,u004_e015|u004_e014|u004_e007,Mixed review and reminder|Mixed planning for today|家庭照护 status update,0.91875|0.784319|0.758506,u004_e010|u004_e006|u004_e015,0.3333333333333333,1.0,1.0,0.3333333333333333,0.3393978490514598,245,0.0
1,u004,u004_q012,chat,chat_preference,我做计划时有什么稳定偏好？,recency_only,u004_e014,Mixed planning for today,1.0,u004_e011|u004_e019,0.0,,0.0,0.0,0.0,91,0.0
1,u004,u004_q012,chat,chat_preference,我做计划时有什么稳定偏好？,similarity_only,u004_e019,Old but stable preference,0.092308,u004_e011|u004_e019,0.5,,1.0,0.5,0.6131471927654584,85,0.0
1,u004,u004_q012,chat,chat_preference,我做计划时有什么稳定偏好？,recency_similarity_hybrid,u004_e014,Mixed planning for today,0.479333,u004_e011|u004_e019,0.0,,0.0,0.0,0.0,91,0.0
1,u004,u004_q012,chat,chat_preference,我做计划时有什么稳定偏好？,proposed_TMT_decay_event_memory,u004_e014,Mixed planning for today,0.891388,u004_e011|u004_e019,0.0,,0.0,0.0,0.0,91,0.0
2,u004,u004_q012,chat,chat_preference,我做计划时有什么稳定偏好？,recency_only,u004_e014|u004_e015,Mixed planning for today|Mixed review and reminder,1.0|1.0,u004_e011|u004_e019,0.0,,0.0,0.0,0.0,174,0.0
2,u004,u004_q012,chat,chat_preference,我做计划时有什么稳定偏好？,similarity_only,u004_e019|u004_e014,Old but stable preference|Mixed planning for today,0.092308|0.053333,u004_e011|u004_e019,0.5,,1.0,0.5,0.6131471927654584,176,0.0
2,u004,u004_q012,chat,chat_preference,我做计划时有什么稳定偏好？,recency_similarity_hybrid,u004_e014|u004_e015,Mixed planning for today|Mixed review and reminder,0.479333|0.473239,u004_e011|u004_e019,0.0,,0.0,0.0,0.0,174,0.0
2,u004,u004_q012,chat,chat_preference,我做计划时有什么稳定偏好？,proposed_TMT_decay_event_memory,u004_e014|u004_e015,Mixed planning for today|Mixed review and reminder,0.891388|0.849317,u004_e011|u004_e019,0.0,,0.0,0.0,0.0,174,0.0
3,u004,u004_q012,chat,chat_preference,我做计划时有什么稳定偏好？,recency_only,u004_e014|u004_e015|u004_e016,Mixed planning for today|Mixed review and reminder|Recent irrelevant side matter,1.0|1.0|1.0,u004_e011|u004_e019,0.0,,0.0,0.0,0.0,251,0.0
3,u004,u004_q012,chat,chat_preference,我做计划时有什么稳定偏好？,similarity_only,u004_e019|u004_e014|u004_e011,Old but stable preference|Mixed planning for today|Stable preference and profile,0.092308|0.053333|0.048193,u004_e011|u004_e019,1.0,,1.0,1.0,0.9197207891481876,231,1.0
3,u004,u004_q012,chat,chat_preference,我做计划时有什么稳定偏好？,recency_similarity_hybrid,u004_e014|u004_e015|u004_e016,Mixed planning for today|Mixed review and reminder|Recent irrelevant side matter,0.479333|0.473239|0.457639,u004_e011|u004_e019,0.0,,0.0,0.0,0.0,251,0.0
3,u004,u004_q012,chat,chat_preference,我做计划时有什么稳定偏好？,proposed_TMT_decay_event_memory,u004_e014|u004_e015|u004_e010,Mixed planning for today|Mixed review and reminder|执业考试复习 dependency discussion,0.891388|0.849317|0.825251,u004_e011|u004_e019,0.0,,0.0,0.0,0.0,256,0.0
1,u004,u004_q013,chat,chat_preference,关于深度工作时间，我现在应该遵循哪个偏好？,recency_only,u004_e014,Mixed planning for today,1.0,u004_e013|u004_e012,0.0,,0.0,0.0,0.0,91,0.0
1,u004,u004_q013,chat,chat_preference,关于深度工作时间，我现在应该遵循哪个偏好？,similarity_only,u004_e013,Updated preference record,0.070423,u004_e013|u004_e012,0.5,,1.0,0.5,0.8262346571285599,72,0.0
1,u004,u004_q013,chat,chat_preference,关于深度工作时间，我现在应该遵循哪个偏好？,recency_similarity_hybrid,u004_e014,Mixed planning for today,0.483951,u004_e013|u004_e012,0.0,,0.0,0.0,0.0,91,0.0
1,u004,u004_q013,chat,chat_preference,关于深度工作时间，我现在应该遵循哪个偏好？,proposed_TMT_decay_event_memory,u004_e014,Mixed planning for today,0.891388,u004_e013|u004_e012,0.0,,0.0,0.0,0.0,91,0.0
2,u004,u004_q013,chat,chat_preference,关于深度工作时间，我现在应该遵循哪个偏好？,recency_only,u004_e014|u004_e015,Mixed planning for today|Mixed review and reminder,1.0|1.0,u004_e013|u004_e012,0.0,,0.0,0.0,0.0,174,0.0
2,u004,u004_q013,chat,chat_preference,关于深度工作时间，我现在应该遵循哪个偏好？,similarity_only,u004_e013|u004_e019,Updated preference record|Old but stable preference,0.070423|0.068493,u004_e013|u004_e012,0.5,,1.0,0.5,0.8262346571285599,157,0.0
2,u004,u004_q013,chat,chat_preference,关于深度工作时间，我现在应该遵循哪个偏好？,recency_similarity_hybrid,u004_e014|u004_e016,Mixed planning for today|Recent irrelevant side matter,0.483951|0.478947,u004_e013|u004_e012,0.0,,0.0,0.0,0.0,168,0.0
2,u004,u004_q013,chat,chat_preference,关于深度工作时间，我现在应该遵循哪个偏好？,proposed_TMT_decay_event_memory,u004_e014|u004_e015,Mixed planning for today|Mixed review and reminder,0.891388|0.849317,u004_e013|u004_e012,0.0,,0.0,0.0,0.0,174,0.0
3,u004,u004_q013,chat,chat_preference,关于深度工作时间，我现在应该遵循哪个偏好？,recency_only,u004_e014|u004_e015|u004_e016,Mixed planning for today|Mixed review and reminder|Recent irrelevant side matter,1.0|1.0|1.0,u004_e013|u004_e012,0.0,,0.0,0.0,0.0,251,0.0
3,u004,u004_q013,chat,chat_preference,关于深度工作时间，我现在应该遵循哪个偏好？,similarity_only,u004_e013|u004_e019|u004_e014,Updated preference record|Old but stable preference|Mixed planning for today,0.070423|0.068493|0.061728,u004_e013|u004_e012,0.5,,1.0,0.5,0.8262346571285599,248,0.0
3,u004,u004_q013,chat,chat_preference,关于深度工作时间，我现在应该遵循哪个偏好？,recency_similarity_hybrid,u004_e014|u004_e016|u004_e015,Mixed planning for today|Recent irrelevant side matter|Mixed review and reminder,0.483951|0.478947|0.471154,u004_e013|u004_e012,0.0,,0.0,0.0,0.0,251,0.0
3,u004,u004_q013,chat,chat_preference,关于深度工作时间，我现在应该遵循哪个偏好？,proposed_TMT_decay_event_memory,u004_e014|u004_e015|u004_e010,Mixed planning for today|Mixed review and reminder|执业考试复习 dependency discussion,0.891388|0.849317|0.825251,u004_e013|u004_e012,0.0,,0.0,0.0,0.0,256,0.0
1,u004,u004_q014,chat,chat_profile,我的背景和主要任务场景是什么？,recency_only,u004_e014,Mixed planning for today,1.0,u004_e011|u004_e001,0.0,,0.0,0.0,0.0,91,0.0
1,u004,u004_q014,chat,chat_profile,我的背景和主要任务场景是什么？,similarity_only,u004_e011,Stable preference and profile,0.073171,u004_e011|u004_e001,0.5,,1.0,0.5,0.7039180890341347,55,0.0
1,u004,u004_q014,chat,chat_profile,我的背景和主要任务场景是什么？,recency_similarity_hybrid,u004_e016,Recent irrelevant side matter,0.489855,u004_e011|u004_e001,0.0,,0.0,0.0,0.0,77,0.0
1,u004,u004_q014,chat,chat_profile,我的背景和主要任务场景是什么？,proposed_TMT_decay_event_memory,u004_e014,Mixed planning for today,0.891388,u004_e011|u004_e001,0.0,,0.0,0.0,0.0,91,0.0
2,u004,u004_q014,chat,chat_profile,我的背景和主要任务场景是什么？,recency_only,u004_e014|u004_e015,Mixed planning for today|Mixed review and reminder,1.0|1.0,u004_e011|u004_e001,0.0,,0.0,0.0,0.0,174,0.0
2,u004,u004_q014,chat,chat_profile,我的背景和主要任务场景是什么？,similarity_only,u004_e011|u004_e016,Stable preference and profile|Recent irrelevant side matter,0.073171|0.072464,u004_e011|u004_e001,0.5,,1.0,0.5,0.7039180890341347,132,0.0
2,u004,u004_q014,chat,chat_profile,我的背景和主要任务场景是什么？,recency_similarity_hybrid,u004_e016|u004_e015,Recent irrelevant side matter|Mixed review and reminder,0.489855|0.480986,u004_e011|u004_e001,0.0,,0.0,0.0,0.0,160,0.0
2,u004,u004_q014,chat,chat_profile,我的背景和主要任务场景是什么？,proposed_TMT_decay_event_memory,u004_e014|u004_e015,Mixed planning for today|Mixed review and reminder,0.891388|0.849317,u004_e011|u004_e001,0.0,,0.0,0.0,0.0,174,0.0
3,u004,u004_q014,chat,chat_profile,我的背景和主要任务场景是什么？,recency_only,u004_e014|u004_e015|u004_e016,Mixed planning for today|Mixed review and reminder|Recent irrelevant side matter,1.0|1.0|1.0,u004_e011|u004_e001,0.0,,0.0,0.0,0.0,251,0.0
3,u004,u004_q014,chat,chat_profile,我的背景和主要任务场景是什么？,similarity_only,u004_e011|u004_e016|u004_e002,Stable preference and profile|Recent irrelevant side matter|执业考试复习 planning,0.073171|0.072464|0.059701,u004_e011|u004_e001,0.5,,1.0,0.5,0.7039180890341347,196,0.0
3,u004,u004_q014,chat,chat_profile,我的背景和主要任务场景是什么？,recency_similarity_hybrid,u004_e016|u004_e015|u004_e018,Recent irrelevant side matter|Mixed review and reminder|Urgent wrong domain,0.489855|0.480986|0.457143,u004_e011|u004_e001,0.0,,0.0,0.0,0.0,242,0.0
3,u004,u004_q014,chat,chat_profile,我的背景和主要任务场景是什么？,proposed_TMT_decay_event_memory,u004_e014|u004_e015|u004_e010,Mixed planning for today|Mixed review and reminder|执业考试复习 dependency discussion,0.891388|0.849317|0.825251,u004_e011|u004_e001,0.0,,0.0,0.0,0.0,256,0.0
1,u004,u004_q015,chat,chat_history,之前我提过哪些和提醒方式有关的要求？,recency_only,u004_e014,Mixed planning for today,1.0,u004_e011|u004_e015,0.0,,0.0,0.0,0.0,91,0.0
1,u004,u004_q015,chat,chat_history,之前我提过哪些和提醒方式有关的要求？,similarity_only,u004_e015,Mixed review and reminder,0.068493,u004_e011|u004_e015,0.5,,1.0,0.5,0.6131471927654584,83,0.0
1,u004,u004_q015,chat,chat_history,之前我提过哪些和提醒方式有关的要求？,recency_similarity_hybrid,u004_e015,Mixed review and reminder,0.487671,u004_e011|u004_e015,0.5,,1.0,0.5,0.6131471927654584,83,0.0
1,u004,u004_q015,chat,chat_history,之前我提过哪些和提醒方式有关的要求？,proposed_TMT_decay_event_memory,u004_e014,Mixed planning for today,0.891388,u004_e011|u004_e015,0.0,,0.0,0.0,0.0,91,0.0
2,u004,u004_q015,chat,chat_history,之前我提过哪些和提醒方式有关的要求？,recency_only,u004_e014|u004_e015,Mixed planning for today|Mixed review and reminder,1.0|1.0,u004_e011|u004_e015,0.5,,0.0,0.5,0.3868528072345416,174,0.0
2,u004,u004_q015,chat,chat_history,之前我提过哪些和提醒方式有关的要求？,similarity_only,u004_e015|u004_e009,Mixed review and reminder|排班行政 dependency discussion,0.068493|0.044118,u004_e011|u004_e015,0.5,,1.0,0.5,0.6131471927654584,166,0.0
2,u004,u004_q015,chat,chat_history,之前我提过哪些和提醒方式有关的要求？,recency_similarity_hybrid,u004_e015|u004_e016,Mixed review and reminder|Recent irrelevant side matter,0.487671|0.472297,u004_e011|u004_e015,0.5,,1.0,0.5,0.6131471927654584,160,0.0
2,u004,u004_q015,chat,chat_history,之前我提过哪些和提醒方式有关的要求？,proposed_TMT_decay_event_memory,u004_e014|u004_e015,Mixed planning for today|Mixed review and reminder,0.891388|0.849317,u004_e011|u004_e015,0.5,,0.0,0.5,0.3868528072345416,174,0.0
3,u004,u004_q015,chat,chat_history,之前我提过哪些和提醒方式有关的要求？,recency_only,u004_e014|u004_e015|u004_e016,Mixed planning for today|Mixed review and reminder|Recent irrelevant side matter,1.0|1.0|1.0,u004_e011|u004_e015,0.5,,0.0,0.5,0.3868528072345416,251,0.0
3,u004,u004_q015,chat,chat_history,之前我提过哪些和提醒方式有关的要求？,similarity_only,u004_e015|u004_e009|u004_e016,Mixed review and reminder|排班行政 dependency discussion|Recent irrelevant side matter,0.068493|0.044118|0.040541,u004_e011|u004_e015,0.5,,1.0,0.5,0.6131471927654584,243,0.0
3,u004,u004_q015,chat,chat_history,之前我提过哪些和提醒方式有关的要求？,recency_similarity_hybrid,u004_e015|u004_e016|u004_e018,Mixed review and reminder|Recent irrelevant side matter|Urgent wrong domain,0.487671|0.472297|0.463924,u004_e011|u004_e015,0.5,,1.0,0.5,0.6131471927654584,242,0.0
3,u004,u004_q015,chat,chat_history,之前我提过哪些和提醒方式有关的要求？,proposed_TMT_decay_event_memory,u004_e014|u004_e015|u004_e010,Mixed planning for today|Mixed review and reminder|执业考试复习 dependency discussion,0.891388|0.849317|0.825251,u004_e011|u004_e015,0.5,,0.0,0.5,0.3868528072345416,256,0.0
1,u004,u004_q016,chat,mixed,帮我安排今天上午，结合任务优先级和个人偏好。,recency_only,u004_e014,Mixed planning for today,1.0,u004_e014|u004_e013|u004_e001,0.3333333333333333,,1.0,0.3333333333333333,0.5090967735771897,91,0.0
1,u004,u004_q016,chat,mixed,帮我安排今天上午，结合任务优先级和个人偏好。,similarity_only,u004_e014,Mixed planning for today,0.144737,u004_e014|u004_e013|u004_e001,0.3333333333333333,,1.0,0.3333333333333333,0.5090967735771897,91,0.0
1,u004,u004_q016,chat,mixed,帮我安排今天上午，结合任务优先级和个人偏好。,recency_similarity_hybrid,u004_e014,Mixed planning for today,0.529605,u004_e014|u004_e013|u004_e001,0.3333333333333333,,1.0,0.3333333333333333,0.5090967735771897,91,0.0
1,u004,u004_q016,chat,mixed,帮我安排今天上午，结合任务优先级和个人偏好。,proposed_TMT_decay_event_memory,u004_e014,Mixed planning for today,0.900531,u004_e014|u004_e013|u004_e001,0.3333333333333333,,1.0,0.3333333333333333,0.5090967735771897,91,0.0
2,u004,u004_q016,chat,mixed,帮我安排今天上午，结合任务优先级和个人偏好。,recency_only,u004_e014|u004_e015,Mixed planning for today|Mixed review and reminder,1.0|1.0,u004_e014|u004_e013|u004_e001,0.3333333333333333,,1.0,0.3333333333333333,0.5090967735771897,174,0.0
2,u004,u004_q016,chat,mixed,帮我安排今天上午，结合任务优先级和个人偏好。,similarity_only,u004_e014|u004_e011,Mixed planning for today|Stable preference and profile,0.144737|0.067416,u004_e014|u004_e013|u004_e001,0.3333333333333333,,1.0,0.3333333333333333,0.5090967735771897,146,0.0
2,u004,u004_q016,chat,mixed,帮我安排今天上午，结合任务优先级和个人偏好。,recency_similarity_hybrid,u004_e014|u004_e015,Mixed planning for today|Mixed review and reminder,0.529605|0.485714,u004_e014|u004_e013|u004_e001,0.3333333333333333,,1.0,0.3333333333333333,0.5090967735771897,174,0.0
2,u004,u004_q016,chat,mixed,帮我安排今天上午，结合任务优先级和个人偏好。,proposed_TMT_decay_event_memory,u004_e014|u004_e015,Mixed planning for today|Mixed review and reminder,0.900531|0.849317,u004_e014|u004_e013|u004_e001,0.3333333333333333,,1.0,0.3333333333333333,0.5090967735771897,174,0.0
3,u004,u004_q016,chat,mixed,帮我安排今天上午，结合任务优先级和个人偏好。,recency_only,u004_e014|u004_e015|u004_e016,Mixed planning for today|Mixed review and reminder|Recent irrelevant side matter,1.0|1.0|1.0,u004_e014|u004_e013|u004_e001,0.3333333333333333,,1.0,0.3333333333333333,0.5090967735771897,251,0.0
3,u004,u004_q016,chat,mixed,帮我安排今天上午，结合任务优先级和个人偏好。,similarity_only,u004_e014|u004_e011|u004_e001,Mixed planning for today|Stable preference and profile|排班行政 planning,0.144737|0.067416|0.064935,u004_e014|u004_e013|u004_e001,0.6666666666666666,,1.0,0.6666666666666666,0.6787956981029196,204,0.0
3,u004,u004_q016,chat,mixed,帮我安排今天上午，结合任务优先级和个人偏好。,recency_similarity_hybrid,u004_e014|u004_e015|u004_e016,Mixed planning for today|Mixed review and reminder|Recent irrelevant side matter,0.529605|0.485714|0.471154,u004_e014|u004_e013|u004_e001,0.3333333333333333,,1.0,0.3333333333333333,0.5090967735771897,251,0.0
3,u004,u004_q016,chat,mixed,帮我安排今天上午，结合任务优先级和个人偏好。,proposed_TMT_decay_event_memory,u004_e014|u004_e015|u004_e010,Mixed planning for today|Mixed review and reminder|执业考试复习 dependency discussion,0.900531|0.849317|0.825251,u004_e014|u004_e013|u004_e001,0.3333333333333333,,1.0,0.3333333333333333,0.5090967735771897,256,0.0
1,u004,u004_q017,chat,mixed,帮我写一个关于执业考试复习的提醒，要体现依赖关系。,recency_only,u004_e014,Mixed planning for today,1.0,u004_e015|u004_e010,0.0,,0.0,0.0,0.0,91,0.0
1,u004,u004_q017,chat,mixed,帮我写一个关于执业考试复习的提醒，要体现依赖关系。,similarity_only,u004_e015,Mixed review and reminder,0.150685,u004_e015|u004_e010,0.5,,1.0,0.5,0.6131471927654584,83,0.0
1,u004,u004_q017,chat,mixed,帮我写一个关于执业考试复习的提醒，要体现依赖关系。,recency_similarity_hybrid,u004_e015,Mixed review and reminder,0.532877,u004_e015|u004_e010,0.5,,1.0,0.5,0.6131471927654584,83,0.0
1,u004,u004_q017,chat,mixed,帮我写一个关于执业考试复习的提醒，要体现依赖关系。,proposed_TMT_decay_event_memory,u004_e015,Mixed review and reminder,0.898724,u004_e015|u004_e010,0.5,,1.0,0.5,0.6131471927654584,83,0.0
2,u004,u004_q017,chat,mixed,帮我写一个关于执业考试复习的提醒，要体现依赖关系。,recency_only,u004_e014|u004_e015,Mixed planning for today|Mixed review and reminder,1.0|1.0,u004_e015|u004_e010,0.5,,0.0,0.5,0.3868528072345416,174,0.0
2,u004,u004_q017,chat,mixed,帮我写一个关于执业考试复习的提醒，要体现依赖关系。,similarity_only,u004_e015|u004_e002,Mixed review and reminder|执业考试复习 planning,0.150685|0.142857,u004_e015|u004_e010,0.5,,1.0,0.5,0.6131471927654584,147,0.0
2,u004,u004_q017,chat,mixed,帮我写一个关于执业考试复习的提醒，要体现依赖关系。,recency_similarity_hybrid,u004_e015|u004_e016,Mixed review and reminder|Recent irrelevant side matter,0.532877|0.485256,u004_e015|u004_e010,0.5,,1.0,0.5,0.6131471927654584,160,0.0
2,u004,u004_q017,chat,mixed,帮我写一个关于执业考试复习的提醒，要体现依赖关系。,proposed_TMT_decay_event_memory,u004_e015|u004_e010,Mixed review and reminder|执业考试复习 dependency discussion,0.898724|0.896654,u004_e015|u004_e010,1.0,,1.0,1.0,1.0,165,1.0
3,u004,u004_q017,chat,mixed,帮我写一个关于执业考试复习的提醒，要体现依赖关系。,recency_only,u004_e014|u004_e015|u004_e016,Mixed planning for today|Mixed review and reminder|Recent irrelevant side matter,1.0|1.0|1.0,u004_e015|u004_e010,0.5,,0.0,0.5,0.3868528072345416,251,0.0
3,u004,u004_q017,chat,mixed,帮我写一个关于执业考试复习的提醒，要体现依赖关系。,similarity_only,u004_e015|u004_e002|u004_e010,Mixed review and reminder|执业考试复习 planning|执业考试复习 dependency discussion,0.150685|0.142857|0.128571,u004_e015|u004_e010,1.0,,1.0,1.0,0.9197207891481876,229,1.0
3,u004,u004_q017,chat,mixed,帮我写一个关于执业考试复习的提醒，要体现依赖关系。,recency_similarity_hybrid,u004_e015|u004_e016|u004_e018,Mixed review and reminder|Recent irrelevant side matter|Urgent wrong domain,0.532877|0.485256|0.476506,u004_e015|u004_e010,0.5,,1.0,0.5,0.6131471927654584,242,0.0
3,u004,u004_q017,chat,mixed,帮我写一个关于执业考试复习的提醒，要体现依赖关系。,proposed_TMT_decay_event_memory,u004_e015|u004_e010|u004_e014,Mixed review and reminder|执业考试复习 dependency discussion|Mixed planning for today,0.898724|0.896654|0.891388,u004_e015|u004_e010,1.0,,1.0,1.0,1.0,256,1.0
1,u004,u004_q018,task,task_priority,我还有什么低优先级但今天可能会干扰我的事？,recency_only,u004_e014,Mixed planning for today,1.0,u004_e018|u004_e003|u004_e016,0.0,0.0,0.0,0.0,0.0,91,0.0
1,u004,u004_q018,task,task_priority,我还有什么低优先级但今天可能会干扰我的事？,similarity_only,u004_e012,Old preference record,0.053333,u004_e018|u004_e003|u004_e016,0.0,0.0,0.0,0.0,0.0,72,0.0
1,u004,u004_q018,task,task_priority,我还有什么低优先级但今天可能会干扰我的事？,recency_similarity_hybrid,u004_e018,Urgent wrong domain,0.4775,u004_e018|u004_e003|u004_e016,0.3333333333333333,0.5,1.0,0.3333333333333333,0.6300059872618923,82,0.0
1,u004,u004_q018,task,task_priority,我还有什么低优先级但今天可能会干扰我的事？,proposed_TMT_decay_event_memory,u004_e015,Mixed review and reminder,0.844676,u004_e018|u004_e003|u004_e016,0.0,0.0,0.0,0.0,0.0,83,0.0
2,u004,u004_q018,task,task_priority,我还有什么低优先级但今天可能会干扰我的事？,recency_only,u004_e014|u004_e015,Mixed planning for today|Mixed review and reminder,1.0|1.0,u004_e018|u004_e003|u004_e016,0.0,0.0,0.0,0.0,0.0,174,0.0
2,u004,u004_q018,task,task_priority,我还有什么低优先级但今天可能会干扰我的事？,similarity_only,u004_e012|u004_e001,Old preference record|排班行政 planning,0.053333|0.051948,u004_e018|u004_e003|u004_e016,0.0,0.0,0.0,0.0,0.0,129,0.0
2,u004,u004_q018,task,task_priority,我还有什么低优先级但今天可能会干扰我的事？,recency_similarity_hybrid,u004_e018|u004_e016,Urgent wrong domain|Recent irrelevant side matter,0.4775|0.471429,u004_e018|u004_e003|u004_e016,0.6666666666666666,0.5,1.0,0.6666666666666666,0.7625024946924551,159,0.0
2,u004,u004_q018,task,task_priority,我还有什么低优先级但今天可能会干扰我的事？,proposed_TMT_decay_event_memory,u004_e015|u004_e014,Mixed review and reminder|Mixed planning for today,0.844676|0.784319,u004_e018|u004_e003|u004_e016,0.0,0.0,0.0,0.0,0.0,174,0.0
3,u004,u004_q018,task,task_priority,我还有什么低优先级但今天可能会干扰我的事？,recency_only,u004_e014|u004_e015|u004_e016,Mixed planning for today|Mixed review and reminder|Recent irrelevant side matter,1.0|1.0|1.0,u004_e018|u004_e003|u004_e016,0.3333333333333333,0.0,0.0,0.3333333333333333,0.10500099787698204,251,0.0
3,u004,u004_q018,task,task_priority,我还有什么低优先级但今天可能会干扰我的事？,similarity_only,u004_e012|u004_e001|u004_e018,Old preference record|排班行政 planning|Urgent wrong domain,0.053333|0.051948|0.05,u004_e018|u004_e003|u004_e016,0.3333333333333333,0.5,0.0,0.3333333333333333,0.31500299363094614,211,0.0
3,u004,u004_q018,task,task_priority,我还有什么低优先级但今天可能会干扰我的事？,recency_similarity_hybrid,u004_e018|u004_e016|u004_e014,Urgent wrong domain|Recent irrelevant side matter|Mixed planning for today,0.4775|0.471429|0.463095,u004_e018|u004_e003|u004_e016,0.6666666666666666,0.5,1.0,0.6666666666666666,0.7625024946924551,250,0.0
3,u004,u004_q018,task,task_priority,我还有什么低优先级但今天可能会干扰我的事？,proposed_TMT_decay_event_memory,u004_e015|u004_e014|u004_e007,Mixed review and reminder|Mixed planning for today|家庭照护 status update,0.844676|0.784319|0.758506,u004_e018|u004_e003|u004_e016,0.0,0.0,0.0,0.0,0.0,245,0.0
1,u004,u004_q019,task,task_status,那个类似排班行政的旧任务还需要今天做吗？,recency_only,u004_e014,Mixed planning for today,1.0,u004_e017|u004_e001,0.0,0.0,0.0,0.0,0.0,91,0.0
1,u004,u004_q019,task,task_status,那个类似排班行政的旧任务还需要今天做吗？,similarity_only,u004_e017,Semantic similar wrong status,0.140845,u004_e017|u004_e001,0.5,0.0,1.0,0.5,0.7039180890341347,82,0.0
1,u004,u004_q019,task,task_status,那个类似排班行政的旧任务还需要今天做吗？,recency_similarity_hybrid,u004_e014,Mixed planning for today,0.498734,u004_e017|u004_e001,0.0,0.0,0.0,0.0,0.0,91,0.0
1,u004,u004_q019,task,task_status,那个类似排班行政的旧任务还需要今天做吗？,proposed_TMT_decay_event_memory,u004_e015,Mixed review and reminder,0.844676,u004_e017|u004_e001,0.0,0.0,0.0,0.0,0.0,83,0.0
2,u004,u004_q019,task,task_status,那个类似排班行政的旧任务还需要今天做吗？,recency_only,u004_e014|u004_e015,Mixed planning for today|Mixed review and reminder,1.0|1.0,u004_e017|u004_e001,0.0,0.0,0.0,0.0,0.0,174,0.0
2,u004,u004_q019,task,task_status,那个类似排班行政的旧任务还需要今天做吗？,similarity_only,u004_e017|u004_e005,Semantic similar wrong status|排班行政 status update,0.140845|0.122807,u004_e017|u004_e001,0.5,0.0,1.0,0.5,0.7039180890341347,143,0.0
2,u004,u004_q019,task,task_status,那个类似排班行政的旧任务还需要今天做吗？,recency_similarity_hybrid,u004_e014|u004_e018,Mixed planning for today|Urgent wrong domain,0.498734|0.492308,u004_e017|u004_e001,0.0,0.0,0.0,0.0,0.0,173,0.0
2,u004,u004_q019,task,task_status,那个类似排班行政的旧任务还需要今天做吗？,proposed_TMT_decay_event_memory,u004_e015|u004_e014,Mixed review and reminder|Mixed planning for today,0.844676|0.824415,u004_e017|u004_e001,0.0,0.0,0.0,0.0,0.0,174,0.0
3,u004,u004_q019,task,task_status,那个类似排班行政的旧任务还需要今天做吗？,recency_only,u004_e014|u004_e015|u004_e016,Mixed planning for today|Mixed review and reminder|Recent irrelevant side matter,1.0|1.0|1.0,u004_e017|u004_e001,0.0,0.0,0.0,0.0,0.0,251,0.0
3,u004,u004_q019,task,task_status,那个类似排班行政的旧任务还需要今天做吗？,similarity_only,u004_e017|u004_e005|u004_e014,Semantic similar wrong status|排班行政 status update|Mixed planning for today,0.140845|0.122807|0.088608,u004_e017|u004_e001,0.5,0.0,1.0,0.5,0.7039180890341347,234,0.0
3,u004,u004_q019,task,task_status,那个类似排班行政的旧任务还需要今天做吗？,recency_similarity_hybrid,u004_e014|u004_e018|u004_e016,Mixed planning for today|Urgent wrong domain|Recent irrelevant side matter,0.498734|0.492308|0.486667,u004_e017|u004_e001,0.0,0.0,0.0,0.0,0.0,250,0.0
3,u004,u004_q019,task,task_status,那个类似排班行政的旧任务还需要今天做吗？,proposed_TMT_decay_event_memory,u004_e015|u004_e014|u004_e001,Mixed review and reminder|Mixed planning for today|排班行政 planning,0.844676|0.824415|0.77669,u004_e017|u004_e001,0.5,1.0,0.0,0.5,0.23463936301137822,232,0.0
1,u004,u004_q020,chat,negative,我有没有提过要学习法语考试？,recency_only,u004_e014,Mixed planning for today,1.0,,1.0,,0.0,1.0,1.0,91,1.0
1,u004,u004_q020,chat,negative,我有没有提过要学习法语考试？,similarity_only,u004_e015,Mixed review and reminder,0.072464,,1.0,,0.0,1.0,1.0,83,1.0
1,u004,u004_q020,chat,negative,我有没有提过要学习法语考试？,recency_similarity_hybrid,u004_e015,Mixed review and reminder,0.489855,,1.0,,0.0,1.0,1.0,83,1.0
1,u004,u004_q020,chat,negative,我有没有提过要学习法语考试？,proposed_TMT_decay_event_memory,u004_e014,Mixed planning for today,0.891388,,1.0,,0.0,1.0,1.0,91,1.0
2,u004,u004_q020,chat,negative,我有没有提过要学习法语考试？,recency_only,u004_e014|u004_e015,Mixed planning for today|Mixed review and reminder,1.0|1.0,,1.0,,0.0,1.0,1.0,174,1.0
2,u004,u004_q020,chat,negative,我有没有提过要学习法语考试？,similarity_only,u004_e015|u004_e002,Mixed review and reminder|执业考试复习 planning,0.072464|0.060606,,1.0,,0.0,1.0,1.0,147,1.0
2,u004,u004_q020,chat,negative,我有没有提过要学习法语考试？,recency_similarity_hybrid,u004_e015|u004_e016,Mixed review and reminder|Recent irrelevant side matter,0.489855|0.457639,,1.0,,0.0,1.0,1.0,160,1.0
2,u004,u004_q020,chat,negative,我有没有提过要学习法语考试？,proposed_TMT_decay_event_memory,u004_e014|u004_e015,Mixed planning for today|Mixed review and reminder,0.891388|0.880594,,1.0,,0.0,1.0,1.0,174,1.0
3,u004,u004_q020,chat,negative,我有没有提过要学习法语考试？,recency_only,u004_e014|u004_e015|u004_e016,Mixed planning for today|Mixed review and reminder|Recent irrelevant side matter,1.0|1.0|1.0,,1.0,,0.0,1.0,1.0,251,1.0
3,u004,u004_q020,chat,negative,我有没有提过要学习法语考试？,similarity_only,u004_e015|u004_e002|u004_e011,Mixed review and reminder|执业考试复习 planning|Stable preference and profile,0.072464|0.060606|0.048193,,1.0,,0.0,1.0,1.0,202,1.0
3,u004,u004_q020,chat,negative,我有没有提过要学习法语考试？,recency_similarity_hybrid,u004_e015|u004_e016|u004_e018,Mixed review and reminder|Recent irrelevant side matter|Urgent wrong domain,0.489855|0.457639|0.457237,,1.0,,0.0,1.0,1.0,242,1.0
3,u004,u004_q020,chat,negative,我有没有提过要学习法语考试？,proposed_TMT_decay_event_memory,u004_e014|u004_e015|u004_e010,Mixed planning for today|Mixed review and reminder|执业考试复习 dependency discussion,0.891388|0.880594|0.871779,,1.0,,0.0,1.0,1.0,256,1.0
1,u005,u005_q001,task,task_due,我最近最该先处理哪个办公室搬迁任务？,recency_only,u005_e014,Mixed planning for today,1.0,u005_e001|u005_e009,0.0,0.0,0.0,0.0,0.0,92,0.0
1,u005,u005_q001,task,task_due,我最近最该先处理哪个办公室搬迁任务？,similarity_only,u005_e005,办公室搬迁 status update,0.127273,u005_e001|u005_e009,0.0,0.0,0.0,0.0,0.0,63,0.0
1,u005,u005_q001,task,task_due,我最近最该先处理哪个办公室搬迁任务？,recency_similarity_hybrid,u005_e018,Urgent wrong domain,0.502027,u005_e001|u005_e009,0.0,0.0,0.0,0.0,0.0,83,0.0
1,u005,u005_q001,task,task_due,我最近最该先处理哪个办公室搬迁任务？,proposed_TMT_decay_event_memory,u005_e015,Mixed review and reminder,0.844676,u005_e001|u005_e009,0.0,0.0,0.0,0.0,0.0,82,0.0
2,u005,u005_q001,task,task_due,我最近最该先处理哪个办公室搬迁任务？,recency_only,u005_e014|u005_e015,Mixed planning for today|Mixed review and reminder,1.0|1.0,u005_e001|u005_e009,0.0,0.0,0.0,0.0,0.0,174,0.0
2,u005,u005_q001,task,task_due,我最近最该先处理哪个办公室搬迁任务？,similarity_only,u005_e005|u005_e017,办公室搬迁 status update|Semantic similar wrong status,0.127273|0.112676,u005_e001|u005_e009,0.0,0.0,0.0,0.0,0.0,145,0.0
2,u005,u005_q001,task,task_due,我最近最该先处理哪个办公室搬迁任务？,recency_similarity_hybrid,u005_e018|u005_e014,Urgent wrong domain|Mixed planning for today,0.502027|0.491772,u005_e001|u005_e009,0.0,0.0,0.0,0.0,0.0,174,0.0
2,u005,u005_q001,task,task_due,我最近最该先处理哪个办公室搬迁任务？,proposed_TMT_decay_event_memory,u005_e015|u005_e014,Mixed review and reminder|Mixed planning for today,0.844676|0.840103,u005_e001|u005_e009,0.0,0.0,0.0,0.0,0.0,174,0.0
3,u005,u005_q001,task,task_due,我最近最该先处理哪个办公室搬迁任务？,recency_only,u005_e014|u005_e015|u005_e016,Mixed planning for today|Mixed review and reminder|Recent irrelevant side matter,1.0|1.0|1.0,u005_e001|u005_e009,0.0,0.0,0.0,0.0,0.0,251,0.0
3,u005,u005_q001,task,task_due,我最近最该先处理哪个办公室搬迁任务？,similarity_only,u005_e005|u005_e017|u005_e018,办公室搬迁 status update|Semantic similar wrong status|Urgent wrong domain,0.127273|0.112676|0.094595,u005_e001|u005_e009,0.0,0.0,0.0,0.0,0.0,227,0.0
3,u005,u005_q001,task,task_due,我最近最该先处理哪个办公室搬迁任务？,recency_similarity_hybrid,u005_e018|u005_e014|u005_e016,Urgent wrong domain|Mixed planning for today|Recent irrelevant side matter,0.502027|0.491772|0.488194,u005_e001|u005_e009,0.0,0.0,0.0,0.0,0.0,251,0.0
3,u005,u005_q001,task,task_due,我最近最该先处理哪个办公室搬迁任务？,proposed_TMT_decay_event_memory,u005_e015|u005_e014|u005_e001,Mixed review and reminder|Mixed planning for today|办公室搬迁 planning,0.844676|0.840103|0.792573,u005_e001|u005_e009,0.5,0.5,0.0,0.5,0.35195904451706733,233,0.0
1,u005,u005_q002,task,task_due,今天有哪些快到截止但不能被过度放大的事项？,recency_only,u005_e014,Mixed planning for today,1.0,u005_e001|u005_e018|u005_e007,0.0,0.0,0.0,0.0,0.0,92,0.0
1,u005,u005_q002,task,task_due,今天有哪些快到截止但不能被过度放大的事项？,similarity_only,u005_e018,Urgent wrong domain,0.103896,u005_e001|u005_e018|u005_e007,0.3333333333333333,0.5,1.0,0.3333333333333333,0.21000199575396408,83,0.0
1,u005,u005_q002,task,task_due,今天有哪些快到截止但不能被过度放大的事项？,recency_similarity_hybrid,u005_e018,Urgent wrong domain,0.507143,u005_e001|u005_e018|u005_e007,0.3333333333333333,0.5,1.0,0.3333333333333333,0.21000199575396408,83,0.0
1,u005,u005_q002,task,task_due,今天有哪些快到截止但不能被过度放大的事项？,proposed_TMT_decay_event_memory,u005_e015,Mixed review and reminder,0.844676,u005_e001|u005_e018|u005_e007,0.0,0.0,0.0,0.0,0.0,82,0.0
2,u005,u005_q002,task,task_due,今天有哪些快到截止但不能被过度放大的事项？,recency_only,u005_e014|u005_e015,Mixed planning for today|Mixed review and reminder,1.0|1.0,u005_e001|u005_e018|u005_e007,0.0,0.0,0.0,0.0,0.0,174,0.0
2,u005,u005_q002,task,task_due,今天有哪些快到截止但不能被过度放大的事项？,similarity_only,u005_e018|u005_e012,Urgent wrong domain|Old preference record,0.103896|0.067568,u005_e001|u005_e018|u005_e007,0.3333333333333333,0.5,1.0,0.3333333333333333,0.21000199575396408,154,0.0
2,u005,u005_q002,task,task_due,今天有哪些快到截止但不能被过度放大的事项？,recency_similarity_hybrid,u005_e018|u005_e016,Urgent wrong domain|Recent irrelevant side matter,0.507143|0.471154,u005_e001|u005_e018|u005_e007,0.3333333333333333,0.5,1.0,0.3333333333333333,0.21000199575396408,159,0.0
2,u005,u005_q002,task,task_due,今天有哪些快到截止但不能被过度放大的事项？,proposed_TMT_decay_event_memory,u005_e015|u005_e014,Mixed review and reminder|Mixed planning for today,0.844676|0.784319,u005_e001|u005_e018|u005_e007,0.0,0.0,0.0,0.0,0.0,174,0.0
3,u005,u005_q002,task,task_due,今天有哪些快到截止但不能被过度放大的事项？,recency_only,u005_e014|u005_e015|u005_e016,Mixed planning for today|Mixed review and reminder|Recent irrelevant side matter,1.0|1.0|1.0,u005_e001|u005_e018|u005_e007,0.0,0.0,0.0,0.0,0.0,251,0.0
3,u005,u005_q002,task,task_due,今天有哪些快到截止但不能被过度放大的事项？,similarity_only,u005_e018|u005_e012|u005_e002,Urgent wrong domain|Old preference record|供应商合同 planning,0.103896|0.067568|0.054795,u005_e001|u005_e018|u005_e007,0.3333333333333333,0.5,1.0,0.3333333333333333,0.21000199575396408,216,0.0
3,u005,u005_q002,task,task_due,今天有哪些快到截止但不能被过度放大的事项？,recency_similarity_hybrid,u005_e018|u005_e016|u005_e015,Urgent wrong domain|Recent irrelevant side matter|Mixed review and reminder,0.507143|0.471154|0.463924,u005_e001|u005_e018|u005_e007,0.3333333333333333,0.5,1.0,0.3333333333333333,0.21000199575396408,241,0.0
3,u005,u005_q002,task,task_due,今天有哪些快到截止但不能被过度放大的事项？,proposed_TMT_decay_event_memory,u005_e015|u005_e014|u005_e007,Mixed review and reminder|Mixed planning for today|网络迁移 status update,0.844676|0.784319|0.758506,u005_e001|u005_e018|u005_e007,0.3333333333333333,0.0,0.0,0.3333333333333333,0.21000199575396408,246,0.0
1,u005,u005_q003,task,task_priority,供应商合同接下来应该推进什么？,recency_only,u005_e014,Mixed planning for today,1.0,u005_e002|u005_e006|u005_e010,0.0,0.0,0.0,0.0,0.0,92,0.0
1,u005,u005_q003,task,task_priority,供应商合同接下来应该推进什么？,similarity_only,u005_e010,供应商合同 dependency discussion,0.078125,u005_e002|u005_e006|u005_e010,0.3333333333333333,0.5,1.0,0.3333333333333333,0.38009376671593426,81,0.0
1,u005,u005_q003,task,task_priority,供应商合同接下来应该推进什么？,recency_similarity_hybrid,u005_e015,Mixed review and reminder,0.489855,u005_e002|u005_e006|u005_e010,0.0,0.0,0.0,0.0,0.0,82,0.0
1,u005,u005_q003,task,task_priority,供应商合同接下来应该推进什么？,proposed_TMT_decay_event_memory,u005_e015,Mixed review and reminder,0.915137,u005_e002|u005_e006|u005_e010,0.0,0.0,0.0,0.0,0.0,82,0.0
2,u005,u005_q003,task,task_priority,供应商合同接下来应该推进什么？,recency_only,u005_e014|u005_e015,Mixed planning for today|Mixed review and reminder,1.0|1.0,u005_e002|u005_e006|u005_e010,0.0,0.0,0.0,0.0,0.0,174,0.0
2,u005,u005_q003,task,task_priority,供应商合同接下来应该推进什么？,similarity_only,u005_e010|u005_e002,供应商合同 dependency discussion|供应商合同 planning,0.078125|0.076923,u005_e002|u005_e006|u005_e010,0.6666666666666666,1.0,1.0,0.6666666666666666,0.7398124665681314,144,0.0
2,u005,u005_q003,task,task_priority,供应商合同接下来应该推进什么？,recency_similarity_hybrid,u005_e015|u005_e014,Mixed review and reminder|Mixed planning for today,0.489855|0.46375,u005_e002|u005_e006|u005_e010,0.0,0.0,0.0,0.0,0.0,174,0.0
2,u005,u005_q003,task,task_priority,供应商合同接下来应该推进什么？,proposed_TMT_decay_event_memory,u005_e015|u005_e014,Mixed review and reminder|Mixed planning for today,0.915137|0.784319,u005_e002|u005_e006|u005_e010,0.0,0.0,0.0,0.0,0.0,174,0.0
3,u005,u005_q003,task,task_priority,供应商合同接下来应该推进什么？,recency_only,u005_e014|u005_e015|u005_e016,Mixed planning for today|Mixed review and reminder|Recent irrelevant side matter,1.0|1.0|1.0,u005_e002|u005_e006|u005_e010,0.0,0.0,0.0,0.0,0.0,251,0.0
3,u005,u005_q003,task,task_priority,供应商合同接下来应该推进什么？,similarity_only,u005_e010|u005_e002|u005_e006,供应商合同 dependency discussion|供应商合同 planning|供应商合同 status update,0.078125|0.076923|0.076923,u005_e002|u005_e006|u005_e010,1.0,1.0,1.0,1.0,0.9298593499260985,216,1.0
3,u005,u005_q003,task,task_priority,供应商合同接下来应该推进什么？,recency_similarity_hybrid,u005_e015|u005_e014|u005_e016,Mixed review and reminder|Mixed planning for today|Recent irrelevant side matter,0.489855|0.46375|0.45,u005_e002|u005_e006|u005_e010,0.0,0.0,0.0,0.0,0.0,251,0.0
3,u005,u005_q003,task,task_priority,供应商合同接下来应该推进什么？,proposed_TMT_decay_event_memory,u005_e015|u005_e014|u005_e007,Mixed review and reminder|Mixed planning for today|网络迁移 status update,0.915137|0.784319|0.758506,u005_e002|u005_e006|u005_e010,0.0,0.0,0.0,0.0,0.0,246,0.0
1,u005,u005_q004,task,task_priority,现在最重要但不一定最紧急的任务是什么？,recency_only,u005_e014,Mixed planning for today,1.0,u005_e002|u005_e001|u005_e004,0.0,0.0,0.0,0.0,0.0,92,0.0
1,u005,u005_q004,task,task_priority,现在最重要但不一定最紧急的任务是什么？,similarity_only,u005_e002,供应商合同 planning,0.104478,u005_e002|u005_e001|u005_e004,0.3333333333333333,0.3333333333333333,1.0,0.3333333333333333,0.5701406500739014,63,0.0
1,u005,u005_q004,task,task_priority,现在最重要但不一定最紧急的任务是什么？,recency_similarity_hybrid,u005_e016,Recent irrelevant side matter,0.504225,u005_e002|u005_e001|u005_e004,0.0,0.0,0.0,0.0,0.0,77,0.0
1,u005,u005_q004,task,task_priority,现在最重要但不一定最紧急的任务是什么？,proposed_TMT_decay_event_memory,u005_e015,Mixed review and reminder,0.844676,u005_e002|u005_e001|u005_e004,0.0,0.0,0.0,0.0,0.0,82,0.0
2,u005,u005_q004,task,task_priority,现在最重要但不一定最紧急的任务是什么？,recency_only,u005_e014|u005_e015,Mixed planning for today|Mixed review and reminder,1.0|1.0,u005_e002|u005_e001|u005_e004,0.0,0.0,0.0,0.0,0.0,174,0.0
2,u005,u005_q004,task,task_priority,现在最重要但不一定最紧急的任务是什么？,similarity_only,u005_e002|u005_e016,供应商合同 planning|Recent irrelevant side matter,0.104478|0.098592,u005_e002|u005_e001|u005_e004,0.3333333333333333,0.3333333333333333,1.0,0.3333333333333333,0.5701406500739014,140,0.0
2,u005,u005_q004,task,task_priority,现在最重要但不一定最紧急的任务是什么？,recency_similarity_hybrid,u005_e016|u005_e018,Recent irrelevant side matter|Urgent wrong domain,0.504225|0.478205,u005_e002|u005_e001|u005_e004,0.0,0.0,0.0,0.0,0.0,159,0.0
2,u005,u005_q004,task,task_priority,现在最重要但不一定最紧急的任务是什么？,proposed_TMT_decay_event_memory,u005_e015|u005_e014,Mixed review and reminder|Mixed planning for today,0.844676|0.784319,u005_e002|u005_e001|u005_e004,0.0,0.0,0.0,0.0,0.0,174,0.0
3,u005,u005_q004,task,task_priority,现在最重要但不一定最紧急的任务是什么？,recency_only,u005_e014|u005_e015|u005_e016,Mixed planning for today|Mixed review and reminder|Recent irrelevant side matter,1.0|1.0|1.0,u005_e002|u005_e001|u005_e004,0.0,0.0,0.0,0.0,0.0,251,0.0
3,u005,u005_q004,task,task_priority,现在最重要但不一定最紧急的任务是什么？,similarity_only,u005_e002|u005_e016|u005_e003,供应商合同 planning|Recent irrelevant side matter|网络迁移 planning,0.104478|0.098592|0.069444,u005_e002|u005_e001|u005_e004,0.3333333333333333,0.3333333333333333,1.0,0.3333333333333333,0.5701406500739014,212,0.0
3,u005,u005_q004,task,task_priority,现在最重要但不一定最紧急的任务是什么？,recency_similarity_hybrid,u005_e016|u005_e018|u005_e015,Recent irrelevant side matter|Urgent wrong domain|Mixed review and reminder,0.504225|0.478205|0.472,u005_e002|u005_e001|u005_e004,0.0,0.0,0.0,0.0,0.0,241,0.0
3,u005,u005_q004,task,task_priority,现在最重要但不一定最紧急的任务是什么？,proposed_TMT_decay_event_memory,u005_e015|u005_e014|u005_e007,Mixed review and reminder|Mixed planning for today|网络迁移 status update,0.844676|0.784319|0.758506,u005_e002|u005_e001|u005_e004,0.0,0.0,0.0,0.0,0.0,246,0.0
1,u005,u005_q005,task,task_status,办公室搬迁还有什么没完成？,recency_only,u005_e014,Mixed planning for today,1.0,u005_e005|u005_e001|u005_e017,0.0,0.0,0.0,0.0,0.0,92,0.0
1,u005,u005_q005,task,task_status,办公室搬迁还有什么没完成？,similarity_only,u005_e005,办公室搬迁 status update,0.137255,u005_e005|u005_e001|u005_e017,0.3333333333333333,0.0,1.0,0.3333333333333333,0.5562983930884396,63,0.0
1,u005,u005_q005,task,task_status,办公室搬迁还有什么没完成？,recency_similarity_hybrid,u005_e018,Urgent wrong domain,0.496479,u005_e005|u005_e001|u005_e017,0.0,0.0,0.0,0.0,0.0,83,0.0
1,u005,u005_q005,task,task_status,办公室搬迁还有什么没完成？,proposed_TMT_decay_event_memory,u005_e014,Mixed planning for today,0.8498,u005_e005|u005_e001|u005_e017,0.0,0.0,0.0,0.0,0.0,92,0.0
2,u005,u005_q005,task,task_status,办公室搬迁还有什么没完成？,recency_only,u005_e014|u005_e015,Mixed planning for today|Mixed review and reminder,1.0|1.0,u005_e005|u005_e001|u005_e017,0.0,0.0,0.0,0.0,0.0,174,0.0
2,u005,u005_q005,task,task_status,办公室搬迁还有什么没完成？,similarity_only,u005_e005|u005_e007,办公室搬迁 status update|网络迁移 status update,0.137255|0.109375,u005_e005|u005_e001|u005_e017,0.3333333333333333,0.0,1.0,0.3333333333333333,0.5562983930884396,135,0.0
2,u005,u005_q005,task,task_status,办公室搬迁还有什么没完成？,recency_similarity_hybrid,u005_e018|u005_e014,Urgent wrong domain|Mixed planning for today,0.496479|0.486184,u005_e005|u005_e001|u005_e017,0.0,0.0,0.0,0.0,0.0,174,0.0
2,u005,u005_q005,task,task_status,办公室搬迁还有什么没完成？,proposed_TMT_decay_event_memory,u005_e014|u005_e015,Mixed planning for today|Mixed review and reminder,0.8498|0.844676,u005_e005|u005_e001|u005_e017,0.0,0.0,0.0,0.0,0.0,174,0.0
3,u005,u005_q005,task,task_status,办公室搬迁还有什么没完成？,recency_only,u005_e014|u005_e015|u005_e016,Mixed planning for today|Mixed review and reminder|Recent irrelevant side matter,1.0|1.0|1.0,u005_e005|u005_e001|u005_e017,0.0,0.0,0.0,0.0,0.0,251,0.0
3,u005,u005_q005,task,task_status,办公室搬迁还有什么没完成？,similarity_only,u005_e005|u005_e007|u005_e017,办公室搬迁 status update|网络迁移 status update|Semantic similar wrong status,0.137255|0.109375|0.102941,u005_e005|u005_e001|u005_e017,0.6666666666666666,0.0,1.0,0.6666666666666666,0.649014791936513,217,0.0
3,u005,u005_q005,task,task_status,办公室搬迁还有什么没完成？,recency_similarity_hybrid,u005_e018|u005_e014|u005_e015,Urgent wrong domain|Mixed planning for today|Mixed review and reminder,0.496479|0.486184|0.45,u005_e005|u005_e001|u005_e017,0.0,0.0,0.0,0.0,0.0,256,0.0
3,u005,u005_q005,task,task_status,办公室搬迁还有什么没完成？,proposed_TMT_decay_event_memory,u005_e014|u005_e015|u005_e001,Mixed planning for today|Mixed review and reminder|办公室搬迁 planning,0.8498|0.844676|0.802823,u005_e005|u005_e001|u005_e017,0.3333333333333333,1.0,0.0,0.3333333333333333,0.2781491965442198,233,0.0
1,u005,u005_q006,task,task_status,供应商合同的资料收集完成了吗？,recency_only,u005_e014,Mixed planning for today,1.0,u005_e006,0.0,1.0,0.0,0.0,0.0,92,0.0
1,u005,u005_q006,task,task_status,供应商合同的资料收集完成了吗？,similarity_only,u005_e010,供应商合同 dependency discussion,0.186441,u005_e006,0.0,1.0,0.0,0.0,0.0,81,0.0
1,u005,u005_q006,task,task_status,供应商合同的资料收集完成了吗？,recency_similarity_hybrid,u005_e015,Mixed review and reminder,0.489286,u005_e006,0.0,1.0,0.0,0.0,0.0,82,0.0
1,u005,u005_q006,task,task_status,供应商合同的资料收集完成了吗？,proposed_TMT_decay_event_memory,u005_e015,Mixed review and reminder,0.911891,u005_e006,0.0,1.0,0.0,0.0,0.0,82,0.0
2,u005,u005_q006,task,task_status,供应商合同的资料收集完成了吗？,recency_only,u005_e014|u005_e015,Mixed planning for today|Mixed review and reminder,1.0|1.0,u005_e006,0.0,1.0,0.0,0.0,0.0,174,0.0
2,u005,u005_q006,task,task_status,供应商合同的资料收集完成了吗？,similarity_only,u005_e010|u005_e006,供应商合同 dependency discussion|供应商合同 status update,0.186441|0.126984,u005_e006,1.0,1.0,0.0,1.0,0.6309297535714574,154,1.0
2,u005,u005_q006,task,task_status,供应商合同的资料收集完成了吗？,recency_similarity_hybrid,u005_e015|u005_e016,Mixed review and reminder|Recent irrelevant side matter,0.489286|0.465068,u005_e006,0.0,1.0,0.0,0.0,0.0,159,0.0
2,u005,u005_q006,task,task_status,供应商合同的资料收集完成了吗？,proposed_TMT_decay_event_memory,u005_e015|u005_e014,Mixed review and reminder|Mixed planning for today,0.911891|0.784319,u005_e006,0.0,1.0,0.0,0.0,0.0,174,0.0
3,u005,u005_q006,task,task_status,供应商合同的资料收集完成了吗？,recency_only,u005_e014|u005_e015|u005_e016,Mixed planning for today|Mixed review and reminder|Recent irrelevant side matter,1.0|1.0|1.0,u005_e006,0.0,1.0,0.0,0.0,0.0,251,0.0
3,u005,u005_q006,task,task_status,供应商合同的资料收集完成了吗？,similarity_only,u005_e010|u005_e006|u005_e002,供应商合同 dependency discussion|供应商合同 status update|供应商合同 planning,0.186441|0.126984|0.109375,u005_e006,1.0,1.0,0.0,1.0,0.6309297535714574,216,1.0
3,u005,u005_q006,task,task_status,供应商合同的资料收集完成了吗？,recency_similarity_hybrid,u005_e015|u005_e016|u005_e018,Mixed review and reminder|Recent irrelevant side matter|Urgent wrong domain,0.489286|0.465068|0.457051,u005_e006,0.0,1.0,0.0,0.0,0.0,241,0.0
3,u005,u005_q006,task,task_status,供应商合同的资料收集完成了吗？,proposed_TMT_decay_event_memory,u005_e015|u005_e014|u005_e007,Mixed review and reminder|Mixed planning for today|网络迁移 status update,0.911891|0.784319|0.758506,u005_e006,0.0,1.0,0.0,0.0,0.0,246,0.0
1,u005,u005_q007,task,task_status,网络迁移那个过期事项现在应该怎么处理？,recency_only,u005_e014,Mixed planning for today,1.0,u005_e007,0.0,0.0,0.0,0.0,0.0,92,0.0
1,u005,u005_q007,task,task_status,网络迁移那个过期事项现在应该怎么处理？,similarity_only,u005_e007,网络迁移 status update,0.115942,u005_e007,1.0,1.0,1.0,1.0,1.0,72,1.0
1,u005,u005_q007,task,task_status,网络迁移那个过期事项现在应该怎么处理？,recency_similarity_hybrid,u005_e018,Urgent wrong domain,0.500658,u005_e007,0.0,0.0,0.0,0.0,0.0,83,0.0
1,u005,u005_q007,task,task_status,网络迁移那个过期事项现在应该怎么处理？,proposed_TMT_decay_event_memory,u005_e015,Mixed review and reminder,0.854386,u005_e007,0.0,0.0,0.0,0.0,0.0,82,0.0
2,u005,u005_q007,task,task_status,网络迁移那个过期事项现在应该怎么处理？,recency_only,u005_e014|u005_e015,Mixed planning for today|Mixed review and reminder,1.0|1.0,u005_e007,0.0,0.0,0.0,0.0,0.0,174,0.0
2,u005,u005_q007,task,task_status,网络迁移那个过期事项现在应该怎么处理？,similarity_only,u005_e007|u005_e018,网络迁移 status update|Urgent wrong domain,0.115942|0.092105,u005_e007,1.0,1.0,1.0,1.0,1.0,154,1.0
2,u005,u005_q007,task,task_status,网络迁移那个过期事项现在应该怎么处理？,recency_similarity_hybrid,u005_e018|u005_e015,Urgent wrong domain|Mixed review and reminder,0.500658|0.479333,u005_e007,0.0,0.0,0.0,0.0,0.0,165,0.0
2,u005,u005_q007,task,task_status,网络迁移那个过期事项现在应该怎么处理？,proposed_TMT_decay_event_memory,u005_e015|u005_e007,Mixed review and reminder|网络迁移 status update,0.854386|0.802637,u005_e007,1.0,1.0,0.0,1.0,0.6309297535714574,154,1.0
3,u005,u005_q007,task,task_status,网络迁移那个过期事项现在应该怎么处理？,recency_only,u005_e014|u005_e015|u005_e016,Mixed planning for today|Mixed review and reminder|Recent irrelevant side matter,1.0|1.0|1.0,u005_e007,0.0,0.0,0.0,0.0,0.0,251,0.0
3,u005,u005_q007,task,task_status,网络迁移那个过期事项现在应该怎么处理？,similarity_only,u005_e007|u005_e018|u005_e003,网络迁移 status update|Urgent wrong domain|网络迁移 planning,0.115942|0.092105|0.083333,u005_e007,1.0,1.0,1.0,1.0,1.0,226,1.0
3,u005,u005_q007,task,task_status,网络迁移那个过期事项现在应该怎么处理？,recency_similarity_hybrid,u005_e018|u005_e015|u005_e016,Urgent wrong domain|Mixed review and reminder|Recent irrelevant side matter,0.500658|0.479333|0.464286,u005_e007,0.0,0.0,0.0,0.0,0.0,241,0.0
3,u005,u005_q007,task,task_status,网络迁移那个过期事项现在应该怎么处理？,proposed_TMT_decay_event_memory,u005_e015|u005_e007|u005_e014,Mixed review and reminder|网络迁移 status update|Mixed planning for today,0.854386|0.802637|0.793386,u005_e007,1.0,1.0,0.0,1.0,0.6309297535714574,246,1.0
1,u005,u005_q008,task,task_context,办公室搬迁为什么现在还不能最终完成？,recency_only,u005_e014,Mixed planning for today,1.0,u005_e009|u005_e005,0.0,0.0,0.0,0.0,0.0,92,0.0
1,u005,u005_q008,task,task_context,办公室搬迁为什么现在还不能最终完成？,similarity_only,u005_e005,办公室搬迁 status update,0.125,u005_e009|u005_e005,0.5,0.0,1.0,0.5,0.46927872602275644,63,0.0
1,u005,u005_q008,task,task_context,办公室搬迁为什么现在还不能最终完成？,recency_similarity_hybrid,u005_e018,Urgent wrong domain,0.493421,u005_e009|u005_e005,0.0,0.0,0.0,0.0,0.0,83,0.0
1,u005,u005_q008,task,task_context,办公室搬迁为什么现在还不能最终完成？,proposed_TMT_decay_event_memory,u005_e015,Mixed review and reminder,0.844676,u005_e009|u005_e005,0.0,0.0,0.0,0.0,0.0,82,0.0
2,u005,u005_q008,task,task_context,办公室搬迁为什么现在还不能最终完成？,recency_only,u005_e014|u005_e015,Mixed planning for today|Mixed review and reminder,1.0|1.0,u005_e009|u005_e005,0.0,0.0,0.0,0.0,0.0,174,0.0
2,u005,u005_q008,task,task_context,办公室搬迁为什么现在还不能最终完成？,similarity_only,u005_e005|u005_e007,办公室搬迁 status update|网络迁移 status update,0.125|0.101449,u005_e009|u005_e005,0.5,0.0,1.0,0.5,0.46927872602275644,135,0.0
2,u005,u005_q008,task,task_context,办公室搬迁为什么现在还不能最终完成？,recency_similarity_hybrid,u005_e018|u005_e014,Urgent wrong domain|Mixed planning for today,0.493421|0.483951,u005_e009|u005_e005,0.0,0.0,0.0,0.0,0.0,174,0.0
2,u005,u005_q008,task,task_context,办公室搬迁为什么现在还不能最终完成？,proposed_TMT_decay_event_memory,u005_e015|u005_e014,Mixed review and reminder|Mixed planning for today,0.844676|0.838111,u005_e009|u005_e005,0.0,0.0,0.0,0.0,0.0,174,0.0
3,u005,u005_q008,task,task_context,办公室搬迁为什么现在还不能最终完成？,recency_only,u005_e014|u005_e015|u005_e016,Mixed planning for today|Mixed review and reminder|Recent irrelevant side matter,1.0|1.0|1.0,u005_e009|u005_e005,0.0,0.0,0.0,0.0,0.0,251,0.0
3,u005,u005_q008,task,task_context,办公室搬迁为什么现在还不能最终完成？,similarity_only,u005_e005|u005_e007|u005_e017,办公室搬迁 status update|网络迁移 status update|Semantic similar wrong status,0.125|0.101449|0.09589,u005_e009|u005_e005,0.5,0.0,1.0,0.5,0.46927872602275644,217,0.0
3,u005,u005_q008,task,task_context,办公室搬迁为什么现在还不能最终完成？,recency_similarity_hybrid,u005_e018|u005_e014|u005_e016,Urgent wrong domain|Mixed planning for today|Recent irrelevant side matter,0.493421|0.483951|0.457143,u005_e009|u005_e005,0.0,0.0,0.0,0.0,0.0,251,0.0
3,u005,u005_q008,task,task_context,办公室搬迁为什么现在还不能最终完成？,proposed_TMT_decay_event_memory,u005_e015|u005_e014|u005_e001,Mixed review and reminder|Mixed planning for today|办公室搬迁 planning,0.844676|0.838111|0.790474,u005_e009|u005_e005,0.0,0.0,0.0,0.0,0.0,233,0.0
1,u005,u005_q009,task,task_context,差旅行程当前有效计划是什么？,recency_only,u005_e014,Mixed planning for today,1.0,u005_e008|u005_e020,0.0,1.0,0.0,0.0,0.0,92,0.0
1,u005,u005_q009,task,task_context,差旅行程当前有效计划是什么？,similarity_only,u005_e004,差旅行程 planning,0.096774,u005_e008|u005_e020,0.0,1.0,0.0,0.0,0.0,71,0.0
1,u005,u005_q009,task,task_context,差旅行程当前有效计划是什么？,recency_similarity_hybrid,u005_e018,Urgent wrong domain,0.457143,u005_e008|u005_e020,0.0,1.0,0.0,0.0,0.0,83,0.0
1,u005,u005_q009,task,task_context,差旅行程当前有效计划是什么？,proposed_TMT_decay_event_memory,u005_e015,Mixed review and reminder,0.844676,u005_e008|u005_e020,0.0,1.0,0.0,0.0,0.0,82,0.0
2,u005,u005_q009,task,task_context,差旅行程当前有效计划是什么？,recency_only,u005_e014|u005_e015,Mixed planning for today|Mixed review and reminder,1.0|1.0,u005_e008|u005_e020,0.0,1.0,0.0,0.0,0.0,174,0.0
2,u005,u005_q009,task,task_context,差旅行程当前有效计划是什么？,similarity_only,u005_e004|u005_e008,差旅行程 planning|差旅行程 status update,0.096774|0.09375,u005_e008|u005_e020,0.5,1.0,0.0,0.5,0.52129602861432,143,0.0
2,u005,u005_q009,task,task_context,差旅行程当前有效计划是什么？,recency_similarity_hybrid,u005_e018|u005_e014,Urgent wrong domain|Mixed planning for today,0.457143|0.45679,u005_e008|u005_e020,0.0,1.0,0.0,0.0,0.0,174,0.0
2,u005,u005_q009,task,task_context,差旅行程当前有效计划是什么？,proposed_TMT_decay_event_memory,u005_e015|u005_e014,Mixed review and reminder|Mixed planning for today,0.844676|0.784319,u005_e008|u005_e020,0.0,1.0,0.0,0.0,0.0,174,0.0
3,u005,u005_q009,task,task_context,差旅行程当前有效计划是什么？,recency_only,u005_e014|u005_e015|u005_e016,Mixed planning for today|Mixed review and reminder|Recent irrelevant side matter,1.0|1.0|1.0,u005_e008|u005_e020,0.0,1.0,0.0,0.0,0.0,251,0.0
3,u005,u005_q009,task,task_context,差旅行程当前有效计划是什么？,similarity_only,u005_e004|u005_e008|u005_e020,差旅行程 planning|差旅行程 status update|Superseded MU distractor,0.096774|0.09375|0.072464,u005_e008|u005_e020,1.0,1.0,0.0,1.0,0.6590018048024133,225,1.0
3,u005,u005_q009,task,task_context,差旅行程当前有效计划是什么？,recency_similarity_hybrid,u005_e018|u005_e014|u005_e015,Urgent wrong domain|Mixed planning for today|Mixed review and reminder,0.457143|0.45679|0.45,u005_e008|u005_e020,0.0,1.0,0.0,0.0,0.0,256,0.0
3,u005,u005_q009,task,task_context,差旅行程当前有效计划是什么？,proposed_TMT_decay_event_memory,u005_e015|u005_e014|u005_e007,Mixed review and reminder|Mixed planning for today|网络迁移 status update,0.844676|0.784319|0.758506,u005_e008|u005_e020,0.0,1.0,0.0,0.0,0.0,246,0.0
1,u005,u005_q010,task,task_dependency,做办公室搬迁前还缺什么依赖？,recency_only,u005_e014,Mixed planning for today,1.0,u005_e009|u005_e014,0.5,0.0,1.0,0.5,0.46927872602275644,92,0.0
1,u005,u005_q010,task,task_dependency,做办公室搬迁前还缺什么依赖？,similarity_only,u005_e009,办公室搬迁 dependency discussion,0.131148,u005_e009|u005_e014,0.5,1.0,1.0,0.5,0.7039180890341347,85,0.0
1,u005,u005_q010,task,task_dependency,做办公室搬迁前还缺什么依赖？,recency_similarity_hybrid,u005_e018,Urgent wrong domain,0.487671,u005_e009|u005_e014,0.0,0.0,0.0,0.0,0.0,83,0.0
1,u005,u005_q010,task,task_dependency,做办公室搬迁前还缺什么依赖？,proposed_TMT_decay_event_memory,u005_e014,Mixed planning for today,0.847073,u005_e009|u005_e014,0.5,0.0,1.0,0.5,0.46927872602275644,92,0.0
2,u005,u005_q010,task,task_dependency,做办公室搬迁前还缺什么依赖？,recency_only,u005_e014|u005_e015,Mixed planning for today|Mixed review and reminder,1.0|1.0,u005_e009|u005_e014,0.5,0.0,1.0,0.5,0.46927872602275644,174,0.0
2,u005,u005_q010,task,task_dependency,做办公室搬迁前还缺什么依赖？,similarity_only,u005_e009|u005_e005,办公室搬迁 dependency discussion|办公室搬迁 status update,0.131148|0.092593,u005_e009|u005_e014,0.5,1.0,1.0,0.5,0.7039180890341347,147,0.0
2,u005,u005_q010,task,task_dependency,做办公室搬迁前还缺什么依赖？,recency_similarity_hybrid,u005_e018|u005_e014,Urgent wrong domain|Mixed planning for today,0.487671|0.485714,u005_e009|u005_e014,0.5,0.0,0.0,0.5,0.2960819109658652,174,0.0
2,u005,u005_q010,task,task_dependency,做办公室搬迁前还缺什么依赖？,proposed_TMT_decay_event_memory,u005_e014|u005_e015,Mixed planning for today|Mixed review and reminder,0.847073|0.844676,u005_e009|u005_e014,0.5,0.0,1.0,0.5,0.46927872602275644,174,0.0
3,u005,u005_q010,task,task_dependency,做办公室搬迁前还缺什么依赖？,recency_only,u005_e014|u005_e015|u005_e016,Mixed planning for today|Mixed review and reminder|Recent irrelevant side matter,1.0|1.0|1.0,u005_e009|u005_e014,0.5,0.0,1.0,0.5,0.46927872602275644,251,0.0
3,u005,u005_q010,task,task_dependency,做办公室搬迁前还缺什么依赖？,similarity_only,u005_e009|u005_e005|u005_e007,办公室搬迁 dependency discussion|办公室搬迁 status update|网络迁移 status update,0.131148|0.092593|0.074627,u005_e009|u005_e014,0.5,1.0,1.0,0.5,0.7039180890341347,219,0.0
3,u005,u005_q010,task,task_dependency,做办公室搬迁前还缺什么依赖？,recency_similarity_hybrid,u005_e018|u005_e014|u005_e015,Urgent wrong domain|Mixed planning for today|Mixed review and reminder,0.487671|0.485714|0.465278,u005_e009|u005_e014,0.5,0.0,0.0,0.5,0.2960819109658652,256,0.0
3,u005,u005_q010,task,task_dependency,做办公室搬迁前还缺什么依赖？,proposed_TMT_decay_event_memory,u005_e014|u005_e015|u005_e001,Mixed planning for today|Mixed review and reminder|办公室搬迁 planning,0.847073|0.844676|0.799934,u005_e009|u005_e014,0.5,0.0,1.0,0.5,0.46927872602275644,233,0.0
1,u005,u005_q011,task,task_dependency,供应商合同卡住的前置条件是什么？,recency_only,u005_e014,Mixed planning for today,1.0,u005_e010|u005_e006|u005_e015,0.0,1.0,0.0,0.0,0.0,92,0.0
1,u005,u005_q011,task,task_dependency,供应商合同卡住的前置条件是什么？,similarity_only,u005_e010,供应商合同 dependency discussion,0.092308,u005_e010|u005_e006|u005_e015,0.3333333333333333,1.0,1.0,0.3333333333333333,0.5090967735771897,81,0.0
1,u005,u005_q011,task,task_dependency,供应商合同卡住的前置条件是什么？,recency_similarity_hybrid,u005_e015,Mixed review and reminder,0.488732,u005_e010|u005_e006|u005_e015,0.3333333333333333,1.0,1.0,0.3333333333333333,0.3393978490514598,82,0.0
1,u005,u005_q011,task,task_dependency,供应商合同卡住的前置条件是什么？,proposed_TMT_decay_event_memory,u005_e015,Mixed review and reminder,0.90893,u005_e010|u005_e006|u005_e015,0.3333333333333333,1.0,1.0,0.3333333333333333,0.3393978490514598,82,0.0
2,u005,u005_q011,task,task_dependency,供应商合同卡住的前置条件是什么？,recency_only,u005_e014|u005_e015,Mixed planning for today|Mixed review and reminder,1.0|1.0,u005_e010|u005_e006|u005_e015,0.3333333333333333,1.0,0.0,0.3333333333333333,0.21413620126472027,174,0.0
2,u005,u005_q011,task,task_dependency,供应商合同卡住的前置条件是什么？,similarity_only,u005_e010|u005_e002,供应商合同 dependency discussion|供应商合同 planning,0.092308|0.090909,u005_e010|u005_e006|u005_e015,0.3333333333333333,1.0,1.0,0.3333333333333333,0.5090967735771897,144,0.0
2,u005,u005_q011,task,task_dependency,供应商合同卡住的前置条件是什么？,recency_similarity_hybrid,u005_e015|u005_e016,Mixed review and reminder|Recent irrelevant side matter,0.488732|0.457333,u005_e010|u005_e006|u005_e015,0.3333333333333333,1.0,1.0,0.3333333333333333,0.3393978490514598,159,0.0
2,u005,u005_q011,task,task_dependency,供应商合同卡住的前置条件是什么？,proposed_TMT_decay_event_memory,u005_e015|u005_e014,Mixed review and reminder|Mixed planning for today,0.90893|0.784319,u005_e010|u005_e006|u005_e015,0.3333333333333333,1.0,1.0,0.3333333333333333,0.3393978490514598,174,0.0
3,u005,u005_q011,task,task_dependency,供应商合同卡住的前置条件是什么？,recency_only,u005_e014|u005_e015|u005_e016,Mixed planning for today|Mixed review and reminder|Recent irrelevant side matter,1.0|1.0|1.0,u005_e010|u005_e006|u005_e015,0.3333333333333333,1.0,0.0,0.3333333333333333,0.21413620126472027,251,0.0
3,u005,u005_q011,task,task_dependency,供应商合同卡住的前置条件是什么？,similarity_only,u005_e010|u005_e002|u005_e006,供应商合同 dependency discussion|供应商合同 planning|供应商合同 status update,0.092308|0.090909|0.074627,u005_e010|u005_e006|u005_e015,0.6666666666666666,1.0,1.0,0.6666666666666666,0.7636451603657846,216,0.0
3,u005,u005_q011,task,task_dependency,供应商合同卡住的前置条件是什么？,recency_similarity_hybrid,u005_e015|u005_e016|u005_e018,Mixed review and reminder|Recent irrelevant side matter|Urgent wrong domain,0.488732|0.457333|0.456962,u005_e010|u005_e006|u005_e015,0.3333333333333333,1.0,1.0,0.3333333333333333,0.3393978490514598,241,0.0
3,u005,u005_q011,task,task_dependency,供应商合同卡住的前置条件是什么？,proposed_TMT_decay_event_memory,u005_e015|u005_e014|u005_e007,Mixed review and reminder|Mixed planning for today|网络迁移 status update,0.90893|0.784319|0.758506,u005_e010|u005_e006|u005_e015,0.3333333333333333,1.0,1.0,0.3333333333333333,0.3393978490514598,246,0.0
1,u005,u005_q012,chat,chat_preference,我做计划时有什么稳定偏好？,recency_only,u005_e014,Mixed planning for today,1.0,u005_e011|u005_e019,0.0,,0.0,0.0,0.0,92,0.0
1,u005,u005_q012,chat,chat_preference,我做计划时有什么稳定偏好？,similarity_only,u005_e019,Old but stable preference,0.092308,u005_e011|u005_e019,0.5,,1.0,0.5,0.6131471927654584,85,0.0
1,u005,u005_q012,chat,chat_preference,我做计划时有什么稳定偏好？,recency_similarity_hybrid,u005_e014,Mixed planning for today,0.478571,u005_e011|u005_e019,0.0,,0.0,0.0,0.0,92,0.0
1,u005,u005_q012,chat,chat_preference,我做计划时有什么稳定偏好？,proposed_TMT_decay_event_memory,u005_e014,Mixed planning for today,0.891388,u005_e011|u005_e019,0.0,,0.0,0.0,0.0,92,0.0
2,u005,u005_q012,chat,chat_preference,我做计划时有什么稳定偏好？,recency_only,u005_e014|u005_e015,Mixed planning for today|Mixed review and reminder,1.0|1.0,u005_e011|u005_e019,0.0,,0.0,0.0,0.0,174,0.0
2,u005,u005_q012,chat,chat_preference,我做计划时有什么稳定偏好？,similarity_only,u005_e019|u005_e011,Old but stable preference|Stable preference and profile,0.092308|0.068966,u005_e011|u005_e019,1.0,,1.0,1.0,1.0,142,1.0
2,u005,u005_q012,chat,chat_preference,我做计划时有什么稳定偏好？,recency_similarity_hybrid,u005_e014|u005_e015,Mixed planning for today|Mixed review and reminder,0.478571|0.473571,u005_e011|u005_e019,0.0,,0.0,0.0,0.0,174,0.0
2,u005,u005_q012,chat,chat_preference,我做计划时有什么稳定偏好？,proposed_TMT_decay_event_memory,u005_e014|u005_e015,Mixed planning for today|Mixed review and reminder,0.891388|0.849317,u005_e011|u005_e019,0.0,,0.0,0.0,0.0,174,0.0
3,u005,u005_q012,chat,chat_preference,我做计划时有什么稳定偏好？,recency_only,u005_e014|u005_e015|u005_e016,Mixed planning for today|Mixed review and reminder|Recent irrelevant side matter,1.0|1.0|1.0,u005_e011|u005_e019,0.0,,0.0,0.0,0.0,251,0.0
3,u005,u005_q012,chat,chat_preference,我做计划时有什么稳定偏好？,similarity_only,u005_e019|u005_e011|u005_e014,Old but stable preference|Stable preference and profile|Mixed planning for today,0.092308|0.068966|0.051948,u005_e011|u005_e019,1.0,,1.0,1.0,1.0,234,1.0
3,u005,u005_q012,chat,chat_preference,我做计划时有什么稳定偏好？,recency_similarity_hybrid,u005_e014|u005_e015|u005_e016,Mixed planning for today|Mixed review and reminder|Recent irrelevant side matter,0.478571|0.473571|0.457639,u005_e011|u005_e019,0.0,,0.0,0.0,0.0,251,0.0
3,u005,u005_q012,chat,chat_preference,我做计划时有什么稳定偏好？,proposed_TMT_decay_event_memory,u005_e014|u005_e015|u005_e010,Mixed planning for today|Mixed review and reminder|供应商合同 dependency discussion,0.891388|0.849317|0.825251,u005_e011|u005_e019,0.0,,0.0,0.0,0.0,255,0.0
1,u005,u005_q013,chat,chat_preference,关于深度工作时间，我现在应该遵循哪个偏好？,recency_only,u005_e014,Mixed planning for today,1.0,u005_e013|u005_e012,0.0,,0.0,0.0,0.0,92,0.0
1,u005,u005_q013,chat,chat_preference,关于深度工作时间，我现在应该遵循哪个偏好？,similarity_only,u005_e013,Updated preference record,0.104478,u005_e013|u005_e012,0.5,,1.0,0.5,0.8262346571285599,71,0.0
1,u005,u005_q013,chat,chat_preference,关于深度工作时间，我现在应该遵循哪个偏好？,recency_similarity_hybrid,u005_e014,Mixed planning for today,0.483133,u005_e013|u005_e012,0.0,,0.0,0.0,0.0,92,0.0
1,u005,u005_q013,chat,chat_preference,关于深度工作时间，我现在应该遵循哪个偏好？,proposed_TMT_decay_event_memory,u005_e014,Mixed planning for today,0.891388,u005_e013|u005_e012,0.0,,0.0,0.0,0.0,92,0.0
2,u005,u005_q013,chat,chat_preference,关于深度工作时间，我现在应该遵循哪个偏好？,recency_only,u005_e014|u005_e015,Mixed planning for today|Mixed review and reminder,1.0|1.0,u005_e013|u005_e012,0.0,,0.0,0.0,0.0,174,0.0
2,u005,u005_q013,chat,chat_preference,关于深度工作时间，我现在应该遵循哪个偏好？,similarity_only,u005_e013|u005_e019,Updated preference record|Old but stable preference,0.104478|0.068493,u005_e013|u005_e012,0.5,,1.0,0.5,0.8262346571285599,156,0.0
2,u005,u005_q013,chat,chat_preference,关于深度工作时间，我现在应该遵循哪个偏好？,recency_similarity_hybrid,u005_e014|u005_e015,Mixed planning for today|Mixed review and reminder,0.483133|0.478947,u005_e013|u005_e012,0.0,,0.0,0.0,0.0,174,0.0
2,u005,u005_q013,chat,chat_preference,关于深度工作时间，我现在应该遵循哪个偏好？,proposed_TMT_decay_event_memory,u005_e014|u005_e015,Mixed planning for today|Mixed review and reminder,0.891388|0.856803,u005_e013|u005_e012,0.0,,0.0,0.0,0.0,174,0.0
3,u005,u005_q013,chat,chat_preference,关于深度工作时间，我现在应该遵循哪个偏好？,recency_only,u005_e014|u005_e015|u005_e016,Mixed planning for today|Mixed review and reminder|Recent irrelevant side matter,1.0|1.0|1.0,u005_e013|u005_e012,0.0,,0.0,0.0,0.0,251,0.0
3,u005,u005_q013,chat,chat_preference,关于深度工作时间，我现在应该遵循哪个偏好？,similarity_only,u005_e013|u005_e019|u005_e014,Updated preference record|Old but stable preference|Mixed planning for today,0.104478|0.068493|0.060241,u005_e013|u005_e012,0.5,,1.0,0.5,0.8262346571285599,248,0.0
3,u005,u005_q013,chat,chat_preference,关于深度工作时间，我现在应该遵循哪个偏好？,recency_similarity_hybrid,u005_e014|u005_e015|u005_e016,Mixed planning for today|Mixed review and reminder|Recent irrelevant side matter,0.483133|0.478947|0.478947,u005_e013|u005_e012,0.0,,0.0,0.0,0.0,251,0.0
3,u005,u005_q013,chat,chat_preference,关于深度工作时间，我现在应该遵循哪个偏好？,proposed_TMT_decay_event_memory,u005_e014|u005_e015|u005_e010,Mixed planning for today|Mixed review and reminder|供应商合同 dependency discussion,0.891388|0.856803|0.836757,u005_e013|u005_e012,0.0,,0.0,0.0,0.0,255,0.0
1,u005,u005_q014,chat,chat_profile,我的背景和主要任务场景是什么？,recency_only,u005_e014,Mixed planning for today,1.0,u005_e011|u005_e001,0.0,,0.0,0.0,0.0,92,0.0
1,u005,u005_q014,chat,chat_profile,我的背景和主要任务场景是什么？,similarity_only,u005_e016,Recent irrelevant side matter,0.072464,u005_e011|u005_e001,0.0,,0.0,0.0,0.0,77,0.0
1,u005,u005_q014,chat,chat_profile,我的背景和主要任务场景是什么？,recency_similarity_hybrid,u005_e016,Recent irrelevant side matter,0.489855,u005_e011|u005_e001,0.0,,0.0,0.0,0.0,77,0.0
1,u005,u005_q014,chat,chat_profile,我的背景和主要任务场景是什么？,proposed_TMT_decay_event_memory,u005_e014,Mixed planning for today,0.891388,u005_e011|u005_e001,0.0,,0.0,0.0,0.0,92,0.0
2,u005,u005_q014,chat,chat_profile,我的背景和主要任务场景是什么？,recency_only,u005_e014|u005_e015,Mixed planning for today|Mixed review and reminder,1.0|1.0,u005_e011|u005_e001,0.0,,0.0,0.0,0.0,174,0.0
2,u005,u005_q014,chat,chat_profile,我的背景和主要任务场景是什么？,similarity_only,u005_e016|u005_e002,Recent irrelevant side matter|供应商合同 planning,0.072464|0.060606,u005_e011|u005_e001,0.0,,0.0,0.0,0.0,140,0.0
2,u005,u005_q014,chat,chat_profile,我的背景和主要任务场景是什么？,recency_similarity_hybrid,u005_e016|u005_e015,Recent irrelevant side matter|Mixed review and reminder,0.489855|0.481429,u005_e011|u005_e001,0.0,,0.0,0.0,0.0,159,0.0
2,u005,u005_q014,chat,chat_profile,我的背景和主要任务场景是什么？,proposed_TMT_decay_event_memory,u005_e014|u005_e015,Mixed planning for today|Mixed review and reminder,0.891388|0.849317,u005_e011|u005_e001,0.0,,0.0,0.0,0.0,174,0.0
3,u005,u005_q014,chat,chat_profile,我的背景和主要任务场景是什么？,recency_only,u005_e014|u005_e015|u005_e016,Mixed planning for today|Mixed review and reminder|Recent irrelevant side matter,1.0|1.0|1.0,u005_e011|u005_e001,0.0,,0.0,0.0,0.0,251,0.0
3,u005,u005_q014,chat,chat_profile,我的背景和主要任务场景是什么？,similarity_only,u005_e016|u005_e002|u005_e015,Recent irrelevant side matter|供应商合同 planning|Mixed review and reminder,0.072464|0.060606|0.057143,u005_e011|u005_e001,0.0,,0.0,0.0,0.0,222,0.0
3,u005,u005_q014,chat,chat_profile,我的背景和主要任务场景是什么？,recency_similarity_hybrid,u005_e016|u005_e015|u005_e018,Recent irrelevant side matter|Mixed review and reminder|Urgent wrong domain,0.489855|0.481429|0.457143,u005_e011|u005_e001,0.0,,0.0,0.0,0.0,241,0.0
3,u005,u005_q014,chat,chat_profile,我的背景和主要任务场景是什么？,proposed_TMT_decay_event_memory,u005_e014|u005_e015|u005_e010,Mixed planning for today|Mixed review and reminder|供应商合同 dependency discussion,0.891388|0.849317|0.825251,u005_e011|u005_e001,0.0,,0.0,0.0,0.0,255,0.0
1,u005,u005_q015,chat,chat_history,之前我提过哪些和提醒方式有关的要求？,recency_only,u005_e014,Mixed planning for today,1.0,u005_e011|u005_e015,0.0,,0.0,0.0,0.0,92,0.0
1,u005,u005_q015,chat,chat_history,之前我提过哪些和提醒方式有关的要求？,similarity_only,u005_e015,Mixed review and reminder,0.069444,u005_e011|u005_e015,0.5,,1.0,0.5,0.6131471927654584,82,0.0
1,u005,u005_q015,chat,chat_history,之前我提过哪些和提醒方式有关的要求？,recency_similarity_hybrid,u005_e015,Mixed review and reminder,0.488194,u005_e011|u005_e015,0.5,,1.0,0.5,0.6131471927654584,82,0.0
1,u005,u005_q015,chat,chat_history,之前我提过哪些和提醒方式有关的要求？,proposed_TMT_decay_event_memory,u005_e014,Mixed planning for today,0.891388,u005_e011|u005_e015,0.0,,0.0,0.0,0.0,92,0.0
2,u005,u005_q015,chat,chat_history,之前我提过哪些和提醒方式有关的要求？,recency_only,u005_e014|u005_e015,Mixed planning for today|Mixed review and reminder,1.0|1.0,u005_e011|u005_e015,0.5,,0.0,0.5,0.3868528072345416,174,0.0
2,u005,u005_q015,chat,chat_history,之前我提过哪些和提醒方式有关的要求？,similarity_only,u005_e015|u005_e009,Mixed review and reminder|办公室搬迁 dependency discussion,0.069444|0.043478,u005_e011|u005_e015,0.5,,1.0,0.5,0.6131471927654584,167,0.0
2,u005,u005_q015,chat,chat_history,之前我提过哪些和提醒方式有关的要求？,recency_similarity_hybrid,u005_e015|u005_e016,Mixed review and reminder|Recent irrelevant side matter,0.488194|0.472297,u005_e011|u005_e015,0.5,,1.0,0.5,0.6131471927654584,159,0.0
2,u005,u005_q015,chat,chat_history,之前我提过哪些和提醒方式有关的要求？,proposed_TMT_decay_event_memory,u005_e014|u005_e015,Mixed planning for today|Mixed review and reminder,0.891388|0.849317,u005_e011|u005_e015,0.5,,0.0,0.5,0.3868528072345416,174,0.0
3,u005,u005_q015,chat,chat_history,之前我提过哪些和提醒方式有关的要求？,recency_only,u005_e014|u005_e015|u005_e016,Mixed planning for today|Mixed review and reminder|Recent irrelevant side matter,1.0|1.0|1.0,u005_e011|u005_e015,0.5,,0.0,0.5,0.3868528072345416,251,0.0
3,u005,u005_q015,chat,chat_history,之前我提过哪些和提醒方式有关的要求？,similarity_only,u005_e015|u005_e009|u005_e016,Mixed review and reminder|办公室搬迁 dependency discussion|Recent irrelevant side matter,0.069444|0.043478|0.040541,u005_e011|u005_e015,0.5,,1.0,0.5,0.6131471927654584,243,0.0
3,u005,u005_q015,chat,chat_history,之前我提过哪些和提醒方式有关的要求？,recency_similarity_hybrid,u005_e015|u005_e016|u005_e018,Mixed review and reminder|Recent irrelevant side matter|Urgent wrong domain,0.488194|0.472297|0.463924,u005_e011|u005_e015,0.5,,1.0,0.5,0.6131471927654584,241,0.0
3,u005,u005_q015,chat,chat_history,之前我提过哪些和提醒方式有关的要求？,proposed_TMT_decay_event_memory,u005_e014|u005_e015|u005_e010,Mixed planning for today|Mixed review and reminder|供应商合同 dependency discussion,0.891388|0.849317|0.825251,u005_e011|u005_e015,0.5,,0.0,0.5,0.3868528072345416,255,0.0
1,u005,u005_q016,chat,mixed,帮我安排今天上午，结合任务优先级和个人偏好。,recency_only,u005_e014,Mixed planning for today,1.0,u005_e014|u005_e013|u005_e001,0.3333333333333333,,1.0,0.3333333333333333,0.5090967735771897,92,0.0
1,u005,u005_q016,chat,mixed,帮我安排今天上午，结合任务优先级和个人偏好。,similarity_only,u005_e014,Mixed planning for today,0.141026,u005_e014|u005_e013|u005_e001,0.3333333333333333,,1.0,0.3333333333333333,0.5090967735771897,92,0.0
1,u005,u005_q016,chat,mixed,帮我安排今天上午，结合任务优先级和个人偏好。,recency_similarity_hybrid,u005_e014,Mixed planning for today,0.527564,u005_e014|u005_e013|u005_e001,0.3333333333333333,,1.0,0.3333333333333333,0.5090967735771897,92,0.0
1,u005,u005_q016,chat,mixed,帮我安排今天上午，结合任务优先级和个人偏好。,proposed_TMT_decay_event_memory,u005_e014,Mixed planning for today,0.891388,u005_e014|u005_e013|u005_e001,0.3333333333333333,,1.0,0.3333333333333333,0.5090967735771897,92,0.0
2,u005,u005_q016,chat,mixed,帮我安排今天上午，结合任务优先级和个人偏好。,recency_only,u005_e014|u005_e015,Mixed planning for today|Mixed review and reminder,1.0|1.0,u005_e014|u005_e013|u005_e001,0.3333333333333333,,1.0,0.3333333333333333,0.5090967735771897,174,0.0
2,u005,u005_q016,chat,mixed,帮我安排今天上午，结合任务优先级和个人偏好。,similarity_only,u005_e014|u005_e015,Mixed planning for today|Mixed review and reminder,0.141026|0.08,u005_e014|u005_e013|u005_e001,0.3333333333333333,,1.0,0.3333333333333333,0.5090967735771897,174,0.0
2,u005,u005_q016,chat,mixed,帮我安排今天上午，结合任务优先级和个人偏好。,recency_similarity_hybrid,u005_e014|u005_e015,Mixed planning for today|Mixed review and reminder,0.527564|0.494,u005_e014|u005_e013|u005_e001,0.3333333333333333,,1.0,0.3333333333333333,0.5090967735771897,174,0.0
2,u005,u005_q016,chat,mixed,帮我安排今天上午，结合任务优先级和个人偏好。,proposed_TMT_decay_event_memory,u005_e014|u005_e015,Mixed planning for today|Mixed review and reminder,0.891388|0.856569,u005_e014|u005_e013|u005_e001,0.3333333333333333,,1.0,0.3333333333333333,0.5090967735771897,174,0.0
3,u005,u005_q016,chat,mixed,帮我安排今天上午，结合任务优先级和个人偏好。,recency_only,u005_e014|u005_e015|u005_e016,Mixed planning for today|Mixed review and reminder|Recent irrelevant side matter,1.0|1.0|1.0,u005_e014|u005_e013|u005_e001,0.3333333333333333,,1.0,0.3333333333333333,0.5090967735771897,251,0.0
3,u005,u005_q016,chat,mixed,帮我安排今天上午，结合任务优先级和个人偏好。,similarity_only,u005_e014|u005_e015|u005_e002,Mixed planning for today|Mixed review and reminder|供应商合同 planning,0.141026|0.08|0.054795,u005_e014|u005_e013|u005_e001,0.3333333333333333,,1.0,0.3333333333333333,0.5090967735771897,237,0.0
3,u005,u005_q016,chat,mixed,帮我安排今天上午，结合任务优先级和个人偏好。,recency_similarity_hybrid,u005_e014|u005_e015|u005_e016,Mixed planning for today|Mixed review and reminder|Recent irrelevant side matter,0.527564|0.494|0.471154,u005_e014|u005_e013|u005_e001,0.3333333333333333,,1.0,0.3333333333333333,0.5090967735771897,251,0.0
3,u005,u005_q016,chat,mixed,帮我安排今天上午，结合任务优先级和个人偏好。,proposed_TMT_decay_event_memory,u005_e014|u005_e015|u005_e010,Mixed planning for today|Mixed review and reminder|供应商合同 dependency discussion,0.891388|0.856569|0.836399,u005_e014|u005_e013|u005_e001,0.3333333333333333,,1.0,0.3333333333333333,0.5090967735771897,255,0.0
1,u005,u005_q017,chat,mixed,帮我写一个关于供应商合同的提醒，要体现依赖关系。,recency_only,u005_e014,Mixed planning for today,1.0,u005_e015|u005_e010,0.0,,0.0,0.0,0.0,92,0.0
1,u005,u005_q017,chat,mixed,帮我写一个关于供应商合同的提醒，要体现依赖关系。,similarity_only,u005_e015,Mixed review and reminder,0.138889,u005_e015|u005_e010,0.5,,1.0,0.5,0.6131471927654584,82,0.0
1,u005,u005_q017,chat,mixed,帮我写一个关于供应商合同的提醒，要体现依赖关系。,recency_similarity_hybrid,u005_e015,Mixed review and reminder,0.526389,u005_e015|u005_e010,0.5,,1.0,0.5,0.6131471927654584,82,0.0
1,u005,u005_q017,chat,mixed,帮我写一个关于供应商合同的提醒，要体现依赖关系。,proposed_TMT_decay_event_memory,u005_e015,Mixed review and reminder,0.891475,u005_e015|u005_e010,0.5,,1.0,0.5,0.6131471927654584,82,0.0
2,u005,u005_q017,chat,mixed,帮我写一个关于供应商合同的提醒，要体现依赖关系。,recency_only,u005_e014|u005_e015,Mixed planning for today|Mixed review and reminder,1.0|1.0,u005_e015|u005_e010,0.5,,0.0,0.5,0.3868528072345416,174,0.0
2,u005,u005_q017,chat,mixed,帮我写一个关于供应商合同的提醒，要体现依赖关系。,similarity_only,u005_e015|u005_e002,Mixed review and reminder|供应商合同 planning,0.138889|0.130435,u005_e015|u005_e010,0.5,,1.0,0.5,0.6131471927654584,145,0.0
2,u005,u005_q017,chat,mixed,帮我写一个关于供应商合同的提醒，要体现依赖关系。,recency_similarity_hybrid,u005_e015|u005_e016,Mixed review and reminder|Recent irrelevant side matter,0.526389|0.485714,u005_e015|u005_e010,0.5,,1.0,0.5,0.6131471927654584,159,0.0
2,u005,u005_q017,chat,mixed,帮我写一个关于供应商合同的提醒，要体现依赖关系。,proposed_TMT_decay_event_memory,u005_e015|u005_e014,Mixed review and reminder|Mixed planning for today,0.891475|0.891388,u005_e015|u005_e010,0.5,,1.0,0.5,0.6131471927654584,174,0.0
3,u005,u005_q017,chat,mixed,帮我写一个关于供应商合同的提醒，要体现依赖关系。,recency_only,u005_e014|u005_e015|u005_e016,Mixed planning for today|Mixed review and reminder|Recent irrelevant side matter,1.0|1.0|1.0,u005_e015|u005_e010,0.5,,0.0,0.5,0.3868528072345416,251,0.0
3,u005,u005_q017,chat,mixed,帮我写一个关于供应商合同的提醒，要体现依赖关系。,similarity_only,u005_e015|u005_e002|u005_e010,Mixed review and reminder|供应商合同 planning|供应商合同 dependency discussion,0.138889|0.130435|0.115942,u005_e015|u005_e010,1.0,,1.0,1.0,0.9197207891481876,226,1.0
3,u005,u005_q017,chat,mixed,帮我写一个关于供应商合同的提醒，要体现依赖关系。,recency_similarity_hybrid,u005_e015|u005_e016|u005_e018,Mixed review and reminder|Recent irrelevant side matter|Urgent wrong domain,0.526389|0.485714|0.476829,u005_e015|u005_e010,0.5,,1.0,0.5,0.6131471927654584,241,0.0
3,u005,u005_q017,chat,mixed,帮我写一个关于供应商合同的提醒，要体现依赖关系。,proposed_TMT_decay_event_memory,u005_e015|u005_e014|u005_e010,Mixed review and reminder|Mixed planning for today|供应商合同 dependency discussion,0.891475|0.891388|0.88679,u005_e015|u005_e010,1.0,,1.0,1.0,0.9197207891481876,255,1.0
1,u005,u005_q018,task,task_priority,我还有什么低优先级但今天可能会干扰我的事？,recency_only,u005_e014,Mixed planning for today,1.0,u005_e018|u005_e003|u005_e016,0.0,0.0,0.0,0.0,0.0,92,0.0
1,u005,u005_q018,task,task_priority,我还有什么低优先级但今天可能会干扰我的事？,similarity_only,u005_e001,办公室搬迁 planning,0.063291,u005_e018|u005_e003|u005_e016,0.0,0.0,0.0,0.0,0.0,60,0.0
1,u005,u005_q018,task,task_priority,我还有什么低优先级但今天可能会干扰我的事？,recency_similarity_hybrid,u005_e018,Urgent wrong domain,0.4775,u005_e018|u005_e003|u005_e016,0.3333333333333333,0.5,1.0,0.3333333333333333,0.6300059872618923,83,0.0
1,u005,u005_q018,task,task_priority,我还有什么低优先级但今天可能会干扰我的事？,proposed_TMT_decay_event_memory,u005_e015,Mixed review and reminder,0.844676,u005_e018|u005_e003|u005_e016,0.0,0.0,0.0,0.0,0.0,82,0.0
2,u005,u005_q018,task,task_priority,我还有什么低优先级但今天可能会干扰我的事？,recency_only,u005_e014|u005_e015,Mixed planning for today|Mixed review and reminder,1.0|1.0,u005_e018|u005_e003|u005_e016,0.0,0.0,0.0,0.0,0.0,174,0.0
2,u005,u005_q018,task,task_priority,我还有什么低优先级但今天可能会干扰我的事？,similarity_only,u005_e001|u005_e012,办公室搬迁 planning|Old preference record,0.063291|0.054054,u005_e018|u005_e003|u005_e016,0.0,0.0,0.0,0.0,0.0,131,0.0
2,u005,u005_q018,task,task_priority,我还有什么低优先级但今天可能会干扰我的事？,recency_similarity_hybrid,u005_e018|u005_e016,Urgent wrong domain|Recent irrelevant side matter,0.4775|0.471429,u005_e018|u005_e003|u005_e016,0.6666666666666666,0.5,1.0,0.6666666666666666,0.7625024946924551,159,0.0
2,u005,u005_q018,task,task_priority,我还有什么低优先级但今天可能会干扰我的事？,proposed_TMT_decay_event_memory,u005_e015|u005_e014,Mixed review and reminder|Mixed planning for today,0.844676|0.784319,u005_e018|u005_e003|u005_e016,0.0,0.0,0.0,0.0,0.0,174,0.0
3,u005,u005_q018,task,task_priority,我还有什么低优先级但今天可能会干扰我的事？,recency_only,u005_e014|u005_e015|u005_e016,Mixed planning for today|Mixed review and reminder|Recent irrelevant side matter,1.0|1.0|1.0,u005_e018|u005_e003|u005_e016,0.3333333333333333,0.0,0.0,0.3333333333333333,0.10500099787698204,251,0.0
3,u005,u005_q018,task,task_priority,我还有什么低优先级但今天可能会干扰我的事？,similarity_only,u005_e001|u005_e012|u005_e018,办公室搬迁 planning|Old preference record|Urgent wrong domain,0.063291|0.054054|0.05,u005_e018|u005_e003|u005_e016,0.3333333333333333,0.5,0.0,0.3333333333333333,0.31500299363094614,213,0.0
3,u005,u005_q018,task,task_priority,我还有什么低优先级但今天可能会干扰我的事？,recency_similarity_hybrid,u005_e018|u005_e016|u005_e014,Urgent wrong domain|Recent irrelevant side matter|Mixed planning for today,0.4775|0.471429|0.462791,u005_e018|u005_e003|u005_e016,0.6666666666666666,0.5,1.0,0.6666666666666666,0.7625024946924551,251,0.0
3,u005,u005_q018,task,task_priority,我还有什么低优先级但今天可能会干扰我的事？,proposed_TMT_decay_event_memory,u005_e015|u005_e014|u005_e007,Mixed review and reminder|Mixed planning for today|网络迁移 status update,0.844676|0.784319|0.758506,u005_e018|u005_e003|u005_e016,0.0,0.0,0.0,0.0,0.0,246,0.0
1,u005,u005_q019,task,task_status,那个类似办公室搬迁的旧任务还需要今天做吗？,recency_only,u005_e014,Mixed planning for today,1.0,u005_e017|u005_e001,0.0,0.0,0.0,0.0,0.0,92,0.0
1,u005,u005_q019,task,task_status,那个类似办公室搬迁的旧任务还需要今天做吗？,similarity_only,u005_e017,Semantic similar wrong status,0.152778,u005_e017|u005_e001,0.5,0.0,1.0,0.5,0.7039180890341347,83,0.0
1,u005,u005_q019,task,task_status,那个类似办公室搬迁的旧任务还需要今天做吗？,recency_similarity_hybrid,u005_e014,Mixed planning for today,0.504321,u005_e017|u005_e001,0.0,0.0,0.0,0.0,0.0,92,0.0
1,u005,u005_q019,task,task_status,那个类似办公室搬迁的旧任务还需要今天做吗？,proposed_TMT_decay_event_memory,u005_e015,Mixed review and reminder,0.844676,u005_e017|u005_e001,0.0,0.0,0.0,0.0,0.0,82,0.0
2,u005,u005_q019,task,task_status,那个类似办公室搬迁的旧任务还需要今天做吗？,recency_only,u005_e014|u005_e015,Mixed planning for today|Mixed review and reminder,1.0|1.0,u005_e017|u005_e001,0.0,0.0,0.0,0.0,0.0,174,0.0
2,u005,u005_q019,task,task_status,那个类似办公室搬迁的旧任务还需要今天做吗？,similarity_only,u005_e017|u005_e005,Semantic similar wrong status|办公室搬迁 status update,0.152778|0.137931,u005_e017|u005_e001,0.5,0.0,1.0,0.5,0.7039180890341347,145,0.0
2,u005,u005_q019,task,task_status,那个类似办公室搬迁的旧任务还需要今天做吗？,recency_similarity_hybrid,u005_e014|u005_e018,Mixed planning for today|Urgent wrong domain,0.504321|0.499359,u005_e017|u005_e001,0.0,0.0,0.0,0.0,0.0,174,0.0
2,u005,u005_q019,task,task_status,那个类似办公室搬迁的旧任务还需要今天做吗？,proposed_TMT_decay_event_memory,u005_e015|u005_e014,Mixed review and reminder|Mixed planning for today,0.844676|0.832906,u005_e017|u005_e001,0.0,0.0,0.0,0.0,0.0,174,0.0
3,u005,u005_q019,task,task_status,那个类似办公室搬迁的旧任务还需要今天做吗？,recency_only,u005_e014|u005_e015|u005_e016,Mixed planning for today|Mixed review and reminder|Recent irrelevant side matter,1.0|1.0|1.0,u005_e017|u005_e001,0.0,0.0,0.0,0.0,0.0,251,0.0
3,u005,u005_q019,task,task_status,那个类似办公室搬迁的旧任务还需要今天做吗？,similarity_only,u005_e017|u005_e005|u005_e014,Semantic similar wrong status|办公室搬迁 status update|Mixed planning for today,0.152778|0.137931|0.098765,u005_e017|u005_e001,0.5,0.0,1.0,0.5,0.7039180890341347,237,0.0
3,u005,u005_q019,task,task_status,那个类似办公室搬迁的旧任务还需要今天做吗？,recency_similarity_hybrid,u005_e014|u005_e018|u005_e016,Mixed planning for today|Urgent wrong domain|Recent irrelevant side matter,0.504321|0.499359|0.486184,u005_e017|u005_e001,0.0,0.0,0.0,0.0,0.0,251,0.0
3,u005,u005_q019,task,task_status,那个类似办公室搬迁的旧任务还需要今天做吗？,proposed_TMT_decay_event_memory,u005_e015|u005_e014|u005_e001,Mixed review and reminder|Mixed planning for today|办公室搬迁 planning,0.844676|0.832906|0.785191,u005_e017|u005_e001,0.5,1.0,0.0,0.5,0.23463936301137822,233,0.0
1,u005,u005_q020,chat,negative,我有没有提过要学习法语考试？,recency_only,u005_e014,Mixed planning for today,1.0,,1.0,,0.0,1.0,1.0,92,1.0
1,u005,u005_q020,chat,negative,我有没有提过要学习法语考试？,similarity_only,u005_e015,Mixed review and reminder,0.042857,,1.0,,0.0,1.0,1.0,82,1.0
1,u005,u005_q020,chat,negative,我有没有提过要学习法语考试？,recency_similarity_hybrid,u005_e015,Mixed review and reminder,0.473571,,1.0,,0.0,1.0,1.0,82,1.0
1,u005,u005_q020,chat,negative,我有没有提过要学习法语考试？,proposed_TMT_decay_event_memory,u005_e014,Mixed planning for today,0.891388,,1.0,,0.0,1.0,1.0,92,1.0
2,u005,u005_q020,chat,negative,我有没有提过要学习法语考试？,recency_only,u005_e014|u005_e015,Mixed planning for today|Mixed review and reminder,1.0|1.0,,1.0,,0.0,1.0,1.0,174,1.0
2,u005,u005_q020,chat,negative,我有没有提过要学习法语考试？,similarity_only,u005_e015|u005_e019,Mixed review and reminder|Old but stable preference,0.042857|0.028986,,1.0,,0.0,1.0,1.0,167,1.0
2,u005,u005_q020,chat,negative,我有没有提过要学习法语考试？,recency_similarity_hybrid,u005_e015|u005_e016,Mixed review and reminder|Recent irrelevant side matter,0.473571|0.457639,,1.0,,0.0,1.0,1.0,159,1.0
2,u005,u005_q020,chat,negative,我有没有提过要学习法语考试？,proposed_TMT_decay_event_memory,u005_e014|u005_e015,Mixed planning for today|Mixed review and reminder,0.891388|0.849317,,1.0,,0.0,1.0,1.0,174,1.0
3,u005,u005_q020,chat,negative,我有没有提过要学习法语考试？,recency_only,u005_e014|u005_e015|u005_e016,Mixed planning for today|Mixed review and reminder|Recent irrelevant side matter,1.0|1.0|1.0,,1.0,,0.0,1.0,1.0,251,1.0
3,u005,u005_q020,chat,negative,我有没有提过要学习法语考试？,similarity_only,u005_e015|u005_e019|u005_e004,Mixed review and reminder|Old but stable preference|差旅行程 planning,0.042857|0.028986|0.015152,,1.0,,0.0,1.0,1.0,238,1.0
3,u005,u005_q020,chat,negative,我有没有提过要学习法语考试？,recency_similarity_hybrid,u005_e015|u005_e016|u005_e018,Mixed review and reminder|Recent irrelevant side matter|Urgent wrong domain,0.473571|0.457639|0.457237,,1.0,,0.0,1.0,1.0,241,1.0
3,u005,u005_q020,chat,negative,我有没有提过要学习法语考试？,proposed_TMT_decay_event_memory,u005_e014|u005_e015|u005_e010,Mixed planning for today|Mixed review and reminder|供应商合同 dependency discussion,0.891388|0.849317|0.825251,,1.0,,0.0,1.0,1.0,255,1.0
1,u006,u006_q001,task,task_due,我最近最该先处理哪个支付 bug任务？,recency_only,u006_e014,Mixed planning for today,1.0,u006_e001|u006_e009,0.0,0.0,0.0,0.0,0.0,93,0.0
1,u006,u006_q001,task,task_due,我最近最该先处理哪个支付 bug任务？,similarity_only,u006_e005,支付 bug status update,0.09434,u006_e001|u006_e009,0.0,0.0,0.0,0.0,0.0,64,0.0
1,u006,u006_q001,task,task_due,我最近最该先处理哪个支付 bug任务？,recency_similarity_hybrid,u006_e018,Urgent wrong domain,0.495205,u006_e001|u006_e009,0.0,0.0,0.0,0.0,0.0,84,0.0
1,u006,u006_q001,task,task_due,我最近最该先处理哪个支付 bug任务？,proposed_TMT_decay_event_memory,u006_e015,Mixed review and reminder,0.844676,u006_e001|u006_e009,0.0,0.0,0.0,0.0,0.0,90,0.0
2,u006,u006_q001,task,task_due,我最近最该先处理哪个支付 bug任务？,recency_only,u006_e014|u006_e015,Mixed planning for today|Mixed review and reminder,1.0|1.0,u006_e001|u006_e009,0.0,0.0,0.0,0.0,0.0,182,0.0
2,u006,u006_q001,task,task_due,我最近最该先处理哪个支付 bug任务？,similarity_only,u006_e005|u006_e001,支付 bug status update|支付 bug planning,0.09434|0.090909,u006_e001|u006_e009,0.5,0.5,0.0,0.5,0.44412286644879784,124,0.0
2,u006,u006_q001,task,task_due,我最近最该先处理哪个支付 bug任务？,recency_similarity_hybrid,u006_e018|u006_e016,Urgent wrong domain|Recent irrelevant side matter,0.495205|0.489286,u006_e001|u006_e009,0.0,0.0,0.0,0.0,0.0,161,0.0
2,u006,u006_q001,task,task_due,我最近最该先处理哪个支付 bug任务？,proposed_TMT_decay_event_memory,u006_e015|u006_e014,Mixed review and reminder|Mixed planning for today,0.844676|0.820319,u006_e001|u006_e009,0.0,0.0,0.0,0.0,0.0,182,0.0
3,u006,u006_q001,task,task_due,我最近最该先处理哪个支付 bug任务？,recency_only,u006_e014|u006_e015|u006_e016,Mixed planning for today|Mixed review and reminder|Recent irrelevant side matter,1.0|1.0|1.0,u006_e001|u006_e009,0.0,0.0,0.0,0.0,0.0,259,0.0
3,u006,u006_q001,task,task_due,我最近最该先处理哪个支付 bug任务？,similarity_only,u006_e005|u006_e001|u006_e017,支付 bug status update|支付 bug planning|Semantic similar wrong status,0.09434|0.090909|0.086957,u006_e001|u006_e009,0.5,0.5,0.0,0.5,0.44412286644879784,208,0.0
3,u006,u006_q001,task,task_due,我最近最该先处理哪个支付 bug任务？,recency_similarity_hybrid,u006_e018|u006_e016|u006_e014,Urgent wrong domain|Recent irrelevant side matter|Mixed planning for today,0.495205|0.489286|0.478571,u006_e001|u006_e009,0.0,0.0,0.0,0.0,0.0,253,0.0
3,u006,u006_q001,task,task_due,我最近最该先处理哪个支付 bug任务？,proposed_TMT_decay_event_memory,u006_e015|u006_e014|u006_e001,Mixed review and reminder|Mixed planning for today|支付 bug planning,0.844676|0.820319|0.773448,u006_e001|u006_e009,0.5,0.5,0.0,0.5,0.35195904451706733,242,0.0
1,u006,u006_q002,task,task_due,今天有哪些快到截止但不能被过度放大的事项？,recency_only,u006_e014,Mixed planning for today,1.0,u006_e001|u006_e018|u006_e007,0.0,0.0,0.0,0.0,0.0,93,0.0
1,u006,u006_q002,task,task_due,今天有哪些快到截止但不能被过度放大的事项？,similarity_only,u006_e018,Urgent wrong domain,0.103896,u006_e001|u006_e018|u006_e007,0.3333333333333333,0.5,1.0,0.3333333333333333,0.21000199575396408,84,0.0
1,u006,u006_q002,task,task_due,今天有哪些快到截止但不能被过度放大的事项？,recency_similarity_hybrid,u006_e018,Urgent wrong domain,0.507143,u006_e001|u006_e018|u006_e007,0.3333333333333333,0.5,1.0,0.3333333333333333,0.21000199575396408,84,0.0
1,u006,u006_q002,task,task_due,今天有哪些快到截止但不能被过度放大的事项？,proposed_TMT_decay_event_memory,u006_e015,Mixed review and reminder,0.844676,u006_e001|u006_e018|u006_e007,0.0,0.0,0.0,0.0,0.0,90,0.0
2,u006,u006_q002,task,task_due,今天有哪些快到截止但不能被过度放大的事项？,recency_only,u006_e014|u006_e015,Mixed planning for today|Mixed review and reminder,1.0|1.0,u006_e001|u006_e018|u006_e007,0.0,0.0,0.0,0.0,0.0,182,0.0
2,u006,u006_q002,task,task_due,今天有哪些快到截止但不能被过度放大的事项？,similarity_only,u006_e018|u006_e012,Urgent wrong domain|Old preference record,0.103896|0.067568,u006_e001|u006_e018|u006_e007,0.3333333333333333,0.5,1.0,0.3333333333333333,0.21000199575396408,156,0.0
2,u006,u006_q002,task,task_due,今天有哪些快到截止但不能被过度放大的事项？,recency_similarity_hybrid,u006_e018|u006_e016,Urgent wrong domain|Recent irrelevant side matter,0.507143|0.471154,u006_e001|u006_e018|u006_e007,0.3333333333333333,0.5,1.0,0.3333333333333333,0.21000199575396408,161,0.0
2,u006,u006_q002,task,task_due,今天有哪些快到截止但不能被过度放大的事项？,proposed_TMT_decay_event_memory,u006_e015|u006_e014,Mixed review and reminder|Mixed planning for today,0.844676|0.784319,u006_e001|u006_e018|u006_e007,0.0,0.0,0.0,0.0,0.0,182,0.0
3,u006,u006_q002,task,task_due,今天有哪些快到截止但不能被过度放大的事项？,recency_only,u006_e014|u006_e015|u006_e016,Mixed planning for today|Mixed review and reminder|Recent irrelevant side matter,1.0|1.0|1.0,u006_e001|u006_e018|u006_e007,0.0,0.0,0.0,0.0,0.0,259,0.0
3,u006,u006_q002,task,task_due,今天有哪些快到截止但不能被过度放大的事项？,similarity_only,u006_e018|u006_e012|u006_e002,Urgent wrong domain|Old preference record|sprint planning planning,0.103896|0.067568|0.057971,u006_e001|u006_e018|u006_e007,0.3333333333333333,0.5,1.0,0.3333333333333333,0.21000199575396408,231,0.0
3,u006,u006_q002,task,task_due,今天有哪些快到截止但不能被过度放大的事项？,recency_similarity_hybrid,u006_e018|u006_e016|u006_e015,Urgent wrong domain|Recent irrelevant side matter|Mixed review and reminder,0.507143|0.471154|0.464286,u006_e001|u006_e018|u006_e007,0.3333333333333333,0.5,1.0,0.3333333333333333,0.21000199575396408,250,0.0
3,u006,u006_q002,task,task_due,今天有哪些快到截止但不能被过度放大的事项？,proposed_TMT_decay_event_memory,u006_e015|u006_e014|u006_e007,Mixed review and reminder|Mixed planning for today|技术债清理 status update,0.844676|0.784319|0.758506,u006_e001|u006_e018|u006_e007,0.3333333333333333,0.0,0.0,0.3333333333333333,0.21000199575396408,255,0.0
1,u006,u006_q003,task,task_priority,sprint planning接下来应该推进什么？,recency_only,u006_e014,Mixed planning for today,1.0,u006_e002|u006_e006|u006_e010,0.0,0.0,0.0,0.0,0.0,93,0.0
1,u006,u006_q003,task,task_priority,sprint planning接下来应该推进什么？,similarity_only,u006_e002,sprint planning planning,0.032258,u006_e002|u006_e006|u006_e010,0.3333333333333333,0.5,1.0,0.3333333333333333,0.5701406500739014,76,0.0
1,u006,u006_q003,task,task_priority,sprint planning接下来应该推进什么？,recency_similarity_hybrid,u006_e015,Mixed review and reminder,0.466176,u006_e002|u006_e006|u006_e010,0.0,0.0,0.0,0.0,0.0,90,0.0
1,u006,u006_q003,task,task_priority,sprint planning接下来应该推进什么？,proposed_TMT_decay_event_memory,u006_e015,Mixed review and reminder,0.875497,u006_e002|u006_e006|u006_e010,0.0,0.0,0.0,0.0,0.0,90,0.0
2,u006,u006_q003,task,task_priority,sprint planning接下来应该推进什么？,recency_only,u006_e014|u006_e015,Mixed planning for today|Mixed review and reminder,1.0|1.0,u006_e002|u006_e006|u006_e010,0.0,0.0,0.0,0.0,0.0,182,0.0
2,u006,u006_q003,task,task_priority,sprint planning接下来应该推进什么？,similarity_only,u006_e002|u006_e010,sprint planning planning|sprint planning dependency discussion,0.032258|0.032258,u006_e002|u006_e006|u006_e010,0.6666666666666666,1.0,1.0,0.6666666666666666,0.8099531166420328,169,0.0
2,u006,u006_q003,task,task_priority,sprint planning接下来应该推进什么？,recency_similarity_hybrid,u006_e015|u006_e014,Mixed review and reminder|Mixed planning for today,0.466176|0.464474,u006_e002|u006_e006|u006_e010,0.0,0.0,0.0,0.0,0.0,182,0.0
2,u006,u006_q003,task,task_priority,sprint planning接下来应该推进什么？,proposed_TMT_decay_event_memory,u006_e015|u006_e014,Mixed review and reminder|Mixed planning for today,0.875497|0.784604,u006_e002|u006_e006|u006_e010,0.0,0.0,0.0,0.0,0.0,182,0.0
3,u006,u006_q003,task,task_priority,sprint planning接下来应该推进什么？,recency_only,u006_e014|u006_e015|u006_e016,Mixed planning for today|Mixed review and reminder|Recent irrelevant side matter,1.0|1.0|1.0,u006_e002|u006_e006|u006_e010,0.0,0.0,0.0,0.0,0.0,259,0.0
3,u006,u006_q003,task,task_priority,sprint planning接下来应该推进什么？,similarity_only,u006_e002|u006_e010|u006_e006,sprint planning planning|sprint planning dependency discussion|sprint planning status update,0.032258|0.032258|0.031746,u006_e002|u006_e006|u006_e010,1.0,1.0,1.0,1.0,1.0,254,1.0
3,u006,u006_q003,task,task_priority,sprint planning接下来应该推进什么？,recency_similarity_hybrid,u006_e015|u006_e014|u006_e016,Mixed review and reminder|Mixed planning for today|Recent irrelevant side matter,0.466176|0.464474|0.45,u006_e002|u006_e006|u006_e010,0.0,0.0,0.0,0.0,0.0,259,0.0
3,u006,u006_q003,task,task_priority,sprint planning接下来应该推进什么？,proposed_TMT_decay_event_memory,u006_e015|u006_e014|u006_e007,Mixed review and reminder|Mixed planning for today|技术债清理 status update,0.875497|0.784604|0.758506,u006_e002|u006_e006|u006_e010,0.0,0.0,0.0,0.0,0.0,255,0.0
1,u006,u006_q004,task,task_priority,现在最重要但不一定最紧急的任务是什么？,recency_only,u006_e014,Mixed planning for today,1.0,u006_e002|u006_e001|u006_e004,0.0,0.0,0.0,0.0,0.0,93,0.0
1,u006,u006_q004,task,task_priority,现在最重要但不一定最紧急的任务是什么？,similarity_only,u006_e002,sprint planning planning,0.111111,u006_e002|u006_e001|u006_e004,0.3333333333333333,0.3333333333333333,1.0,0.3333333333333333,0.5701406500739014,76,0.0
1,u006,u006_q004,task,task_priority,现在最重要但不一定最紧急的任务是什么？,recency_similarity_hybrid,u006_e016,Recent irrelevant side matter,0.504225,u006_e002|u006_e001|u006_e004,0.0,0.0,0.0,0.0,0.0,77,0.0
1,u006,u006_q004,task,task_priority,现在最重要但不一定最紧急的任务是什么？,proposed_TMT_decay_event_memory,u006_e015,Mixed review and reminder,0.844676,u006_e002|u006_e001|u006_e004,0.0,0.0,0.0,0.0,0.0,90,0.0
2,u006,u006_q004,task,task_priority,现在最重要但不一定最紧急的任务是什么？,recency_only,u006_e014|u006_e015,Mixed planning for today|Mixed review and reminder,1.0|1.0,u006_e002|u006_e001|u006_e004,0.0,0.0,0.0,0.0,0.0,182,0.0
2,u006,u006_q004,task,task_priority,现在最重要但不一定最紧急的任务是什么？,similarity_only,u006_e002|u006_e016,sprint planning planning|Recent irrelevant side matter,0.111111|0.098592,u006_e002|u006_e001|u006_e004,0.3333333333333333,0.3333333333333333,1.0,0.3333333333333333,0.5701406500739014,152,0.0
2,u006,u006_q004,task,task_priority,现在最重要但不一定最紧急的任务是什么？,recency_similarity_hybrid,u006_e016|u006_e018,Recent irrelevant side matter|Urgent wrong domain,0.504225|0.478205,u006_e002|u006_e001|u006_e004,0.0,0.0,0.0,0.0,0.0,161,0.0
2,u006,u006_q004,task,task_priority,现在最重要但不一定最紧急的任务是什么？,proposed_TMT_decay_event_memory,u006_e015|u006_e014,Mixed review and reminder|Mixed planning for today,0.844676|0.784319,u006_e002|u006_e001|u006_e004,0.0,0.0,0.0,0.0,0.0,182,0.0
3,u006,u006_q004,task,task_priority,现在最重要但不一定最紧急的任务是什么？,recency_only,u006_e014|u006_e015|u006_e016,Mixed planning for today|Mixed review and reminder|Recent irrelevant side matter,1.0|1.0|1.0,u006_e002|u006_e001|u006_e004,0.0,0.0,0.0,0.0,0.0,259,0.0
3,u006,u006_q004,task,task_priority,现在最重要但不一定最紧急的任务是什么？,similarity_only,u006_e002|u006_e016|u006_e003,sprint planning planning|Recent irrelevant side matter|技术债清理 planning,0.111111|0.098592|0.068493,u006_e002|u006_e001|u006_e004,0.3333333333333333,0.3333333333333333,1.0,0.3333333333333333,0.5701406500739014,225,0.0
3,u006,u006_q004,task,task_priority,现在最重要但不一定最紧急的任务是什么？,recency_similarity_hybrid,u006_e016|u006_e018|u006_e015,Recent irrelevant side matter|Urgent wrong domain|Mixed review and reminder,0.504225|0.478205|0.472603,u006_e002|u006_e001|u006_e004,0.0,0.0,0.0,0.0,0.0,250,0.0
3,u006,u006_q004,task,task_priority,现在最重要但不一定最紧急的任务是什么？,proposed_TMT_decay_event_memory,u006_e015|u006_e014|u006_e007,Mixed review and reminder|Mixed planning for today|技术债清理 status update,0.844676|0.784319|0.758506,u006_e002|u006_e001|u006_e004,0.0,0.0,0.0,0.0,0.0,255,0.0
1,u006,u006_q005,task,task_status,支付 bug还有什么没完成？,recency_only,u006_e014,Mixed planning for today,1.0,u006_e005|u006_e001|u006_e017,0.0,0.0,0.0,0.0,0.0,93,0.0
1,u006,u006_q005,task,task_status,支付 bug还有什么没完成？,similarity_only,u006_e005,支付 bug status update,0.102041,u006_e005|u006_e001|u006_e017,0.3333333333333333,0.0,1.0,0.3333333333333333,0.5562983930884396,64,0.0
1,u006,u006_q005,task,task_status,支付 bug还有什么没完成？,recency_similarity_hybrid,u006_e018,Urgent wrong domain,0.480986,u006_e005|u006_e001|u006_e017,0.0,0.0,0.0,0.0,0.0,84,0.0
1,u006,u006_q005,task,task_status,支付 bug还有什么没完成？,proposed_TMT_decay_event_memory,u006_e015,Mixed review and reminder,0.844676,u006_e005|u006_e001|u006_e017,0.0,0.0,0.0,0.0,0.0,90,0.0
2,u006,u006_q005,task,task_status,支付 bug还有什么没完成？,recency_only,u006_e014|u006_e015,Mixed planning for today|Mixed review and reminder,1.0|1.0,u006_e005|u006_e001|u006_e017,0.0,0.0,0.0,0.0,0.0,182,0.0
2,u006,u006_q005,task,task_status,支付 bug还有什么没完成？,similarity_only,u006_e005|u006_e007,支付 bug status update|技术债清理 status update,0.102041|0.078125,u006_e005|u006_e001|u006_e017,0.3333333333333333,0.0,1.0,0.3333333333333333,0.5562983930884396,137,0.0
2,u006,u006_q005,task,task_status,支付 bug还有什么没完成？,recency_similarity_hybrid,u006_e018|u006_e014,Urgent wrong domain|Mixed planning for today,0.480986|0.472297,u006_e005|u006_e001|u006_e017,0.0,0.0,0.0,0.0,0.0,176,0.0
2,u006,u006_q005,task,task_status,支付 bug还有什么没完成？,proposed_TMT_decay_event_memory,u006_e015|u006_e014,Mixed review and reminder|Mixed planning for today,0.844676|0.827145,u006_e005|u006_e001|u006_e017,0.0,0.0,0.0,0.0,0.0,182,0.0
3,u006,u006_q005,task,task_status,支付 bug还有什么没完成？,recency_only,u006_e014|u006_e015|u006_e016,Mixed planning for today|Mixed review and reminder|Recent irrelevant side matter,1.0|1.0|1.0,u006_e005|u006_e001|u006_e017,0.0,0.0,0.0,0.0,0.0,259,0.0
3,u006,u006_q005,task,task_status,支付 bug还有什么没完成？,similarity_only,u006_e005|u006_e007|u006_e017,支付 bug status update|技术债清理 status update|Semantic similar wrong status,0.102041|0.078125|0.075758,u006_e005|u006_e001|u006_e017,0.6666666666666666,0.0,1.0,0.6666666666666666,0.649014791936513,221,0.0
3,u006,u006_q005,task,task_status,支付 bug还有什么没完成？,recency_similarity_hybrid,u006_e018|u006_e014|u006_e015,Urgent wrong domain|Mixed planning for today|Mixed review and reminder,0.480986|0.472297|0.45,u006_e005|u006_e001|u006_e017,0.0,0.0,0.0,0.0,0.0,266,0.0
3,u006,u006_q005,task,task_status,支付 bug还有什么没完成？,proposed_TMT_decay_event_memory,u006_e015|u006_e014|u006_e001,Mixed review and reminder|Mixed planning for today|支付 bug planning,0.844676|0.827145|0.779654,u006_e005|u006_e001|u006_e017,0.3333333333333333,1.0,0.0,0.3333333333333333,0.2781491965442198,242,0.0
1,u006,u006_q006,task,task_status,sprint planning的资料收集完成了吗？,recency_only,u006_e014,Mixed planning for today,1.0,u006_e006,0.0,1.0,0.0,0.0,0.0,93,0.0
1,u006,u006_q006,task,task_status,sprint planning的资料收集完成了吗？,similarity_only,u006_e010,sprint planning dependency discussion,0.142857,u006_e006,0.0,1.0,0.0,0.0,0.0,94,0.0
1,u006,u006_q006,task,task_status,sprint planning的资料收集完成了吗？,recency_similarity_hybrid,u006_e015,Mixed review and reminder,0.466176,u006_e006,0.0,1.0,0.0,0.0,0.0,90,0.0
1,u006,u006_q006,task,task_status,sprint planning的资料收集完成了吗？,proposed_TMT_decay_event_memory,u006_e015,Mixed review and reminder,0.875497,u006_e006,0.0,1.0,0.0,0.0,0.0,90,0.0
2,u006,u006_q006,task,task_status,sprint planning的资料收集完成了吗？,recency_only,u006_e014|u006_e015,Mixed planning for today|Mixed review and reminder,1.0|1.0,u006_e006,0.0,1.0,0.0,0.0,0.0,182,0.0
2,u006,u006_q006,task,task_status,sprint planning的资料收集完成了吗？,similarity_only,u006_e010|u006_e006,sprint planning dependency discussion|sprint planning status update,0.142857|0.083333,u006_e006,1.0,1.0,0.0,1.0,0.6309297535714574,179,1.0
2,u006,u006_q006,task,task_status,sprint planning的资料收集完成了吗？,recency_similarity_hybrid,u006_e015|u006_e016,Mixed review and reminder|Recent irrelevant side matter,0.466176|0.465714,u006_e006,0.0,1.0,0.0,0.0,0.0,167,0.0
2,u006,u006_q006,task,task_status,sprint planning的资料收集完成了吗？,proposed_TMT_decay_event_memory,u006_e015|u006_e014,Mixed review and reminder|Mixed planning for today,0.875497|0.784604,u006_e006,0.0,1.0,0.0,0.0,0.0,182,0.0
3,u006,u006_q006,task,task_status,sprint planning的资料收集完成了吗？,recency_only,u006_e014|u006_e015|u006_e016,Mixed planning for today|Mixed review and reminder|Recent irrelevant side matter,1.0|1.0|1.0,u006_e006,0.0,1.0,0.0,0.0,0.0,259,0.0
3,u006,u006_q006,task,task_status,sprint planning的资料收集完成了吗？,similarity_only,u006_e010|u006_e006|u006_e005,sprint planning dependency discussion|sprint planning status update|支付 bug status update,0.142857|0.083333|0.078431,u006_e006,1.0,1.0,0.0,1.0,0.6309297535714574,242,1.0
3,u006,u006_q006,task,task_status,sprint planning的资料收集完成了吗？,recency_similarity_hybrid,u006_e015|u006_e016|u006_e018,Mixed review and reminder|Recent irrelevant side matter|Urgent wrong domain,0.466176|0.465714|0.457333,u006_e006,0.0,1.0,0.0,0.0,0.0,250,0.0
3,u006,u006_q006,task,task_status,sprint planning的资料收集完成了吗？,proposed_TMT_decay_event_memory,u006_e015|u006_e014|u006_e007,Mixed review and reminder|Mixed planning for today|技术债清理 status update,0.875497|0.784604|0.758506,u006_e006,0.0,1.0,0.0,0.0,0.0,255,0.0
1,u006,u006_q007,task,task_status,技术债清理那个过期事项现在应该怎么处理？,recency_only,u006_e014,Mixed planning for today,1.0,u006_e007,0.0,0.0,0.0,0.0,0.0,93,0.0
1,u006,u006_q007,task,task_status,技术债清理那个过期事项现在应该怎么处理？,similarity_only,u006_e007,技术债清理 status update,0.132353,u006_e007,1.0,1.0,1.0,1.0,1.0,74,1.0
1,u006,u006_q007,task,task_status,技术债清理那个过期事项现在应该怎么处理？,recency_similarity_hybrid,u006_e018,Urgent wrong domain,0.508667,u006_e007,0.0,0.0,0.0,0.0,0.0,84,0.0
1,u006,u006_q007,task,task_status,技术债清理那个过期事项现在应该怎么处理？,proposed_TMT_decay_event_memory,u006_e015,Mixed review and reminder,0.844676,u006_e007,0.0,0.0,0.0,0.0,0.0,90,0.0
2,u006,u006_q007,task,task_status,技术债清理那个过期事项现在应该怎么处理？,recency_only,u006_e014|u006_e015,Mixed planning for today|Mixed review and reminder,1.0|1.0,u006_e007,0.0,0.0,0.0,0.0,0.0,182,0.0
2,u006,u006_q007,task,task_status,技术债清理那个过期事项现在应该怎么处理？,similarity_only,u006_e007|u006_e018,技术债清理 status update|Urgent wrong domain,0.132353|0.106667,u006_e007,1.0,1.0,1.0,1.0,1.0,157,1.0
2,u006,u006_q007,task,task_status,技术债清理那个过期事项现在应该怎么处理？,recency_similarity_hybrid,u006_e018|u006_e015,Urgent wrong domain|Mixed review and reminder,0.508667|0.472297,u006_e007,0.0,0.0,0.0,0.0,0.0,174,0.0
2,u006,u006_q007,task,task_status,技术债清理那个过期事项现在应该怎么处理？,proposed_TMT_decay_event_memory,u006_e015|u006_e007,Mixed review and reminder|技术债清理 status update,0.844676|0.813719,u006_e007,1.0,1.0,0.0,1.0,0.6309297535714574,163,1.0
3,u006,u006_q007,task,task_status,技术债清理那个过期事项现在应该怎么处理？,recency_only,u006_e014|u006_e015|u006_e016,Mixed planning for today|Mixed review and reminder|Recent irrelevant side matter,1.0|1.0|1.0,u006_e007,0.0,0.0,0.0,0.0,0.0,259,0.0
3,u006,u006_q007,task,task_status,技术债清理那个过期事项现在应该怎么处理？,similarity_only,u006_e007|u006_e018|u006_e003,技术债清理 status update|Urgent wrong domain|技术债清理 planning,0.132353|0.106667|0.097222,u006_e007,1.0,1.0,1.0,1.0,1.0,230,1.0
3,u006,u006_q007,task,task_status,技术债清理那个过期事项现在应该怎么处理？,recency_similarity_hybrid,u006_e018|u006_e015|u006_e016,Urgent wrong domain|Mixed review and reminder|Recent irrelevant side matter,0.508667|0.472297|0.464286,u006_e007,0.0,0.0,0.0,0.0,0.0,250,0.0
3,u006,u006_q007,task,task_status,技术债清理那个过期事项现在应该怎么处理？,proposed_TMT_decay_event_memory,u006_e015|u006_e007|u006_e014,Mixed review and reminder|技术债清理 status update|Mixed planning for today,0.844676|0.813719|0.784319,u006_e007,1.0,1.0,0.0,1.0,0.6309297535714574,255,1.0
1,u006,u006_q008,task,task_context,支付 bug为什么现在还不能最终完成？,recency_only,u006_e014,Mixed planning for today,1.0,u006_e009|u006_e005,0.0,0.0,0.0,0.0,0.0,93,0.0
1,u006,u006_q008,task,task_context,支付 bug为什么现在还不能最终完成？,similarity_only,u006_e005,支付 bug status update,0.092593,u006_e009|u006_e005,0.5,0.0,1.0,0.5,0.46927872602275644,64,0.0
1,u006,u006_q008,task,task_context,支付 bug为什么现在还不能最终完成？,recency_similarity_hybrid,u006_e018,Urgent wrong domain,0.478947,u006_e009|u006_e005,0.0,0.0,0.0,0.0,0.0,84,0.0
1,u006,u006_q008,task,task_context,支付 bug为什么现在还不能最终完成？,proposed_TMT_decay_event_memory,u006_e015,Mixed review and reminder,0.844676,u006_e009|u006_e005,0.0,0.0,0.0,0.0,0.0,90,0.0
2,u006,u006_q008,task,task_context,支付 bug为什么现在还不能最终完成？,recency_only,u006_e014|u006_e015,Mixed planning for today|Mixed review and reminder,1.0|1.0,u006_e009|u006_e005,0.0,0.0,0.0,0.0,0.0,182,0.0
2,u006,u006_q008,task,task_context,支付 bug为什么现在还不能最终完成？,similarity_only,u006_e005|u006_e007,支付 bug status update|技术债清理 status update,0.092593|0.072464,u006_e009|u006_e005,0.5,0.0,1.0,0.5,0.46927872602275644,137,0.0
2,u006,u006_q008,task,task_context,支付 bug为什么现在还不能最终完成？,recency_similarity_hybrid,u006_e018|u006_e014,Urgent wrong domain|Mixed planning for today,0.478947|0.470886,u006_e009|u006_e005,0.0,0.0,0.0,0.0,0.0,176,0.0
2,u006,u006_q008,task,task_context,支付 bug为什么现在还不能最终完成？,proposed_TMT_decay_event_memory,u006_e015|u006_e014,Mixed review and reminder|Mixed planning for today,0.844676|0.818939,u006_e009|u006_e005,0.0,0.0,0.0,0.0,0.0,182,0.0
3,u006,u006_q008,task,task_context,支付 bug为什么现在还不能最终完成？,recency_only,u006_e014|u006_e015|u006_e016,Mixed planning for today|Mixed review and reminder|Recent irrelevant side matter,1.0|1.0|1.0,u006_e009|u006_e005,0.0,0.0,0.0,0.0,0.0,259,0.0
3,u006,u006_q008,task,task_context,支付 bug为什么现在还不能最终完成？,similarity_only,u006_e005|u006_e007|u006_e017,支付 bug status update|技术债清理 status update|Semantic similar wrong status,0.092593|0.072464|0.070423,u006_e009|u006_e005,0.5,0.0,1.0,0.5,0.46927872602275644,221,0.0
3,u006,u006_q008,task,task_context,支付 bug为什么现在还不能最终完成？,recency_similarity_hybrid,u006_e018|u006_e014|u006_e016,Urgent wrong domain|Mixed planning for today|Recent irrelevant side matter,0.478947|0.470886|0.457333,u006_e009|u006_e005,0.0,0.0,0.0,0.0,0.0,253,0.0
3,u006,u006_q008,task,task_context,支付 bug为什么现在还不能最终完成？,proposed_TMT_decay_event_memory,u006_e015|u006_e014|u006_e001,Mixed review and reminder|Mixed planning for today|支付 bug planning,0.844676|0.818939|0.770897,u006_e009|u006_e005,0.0,0.0,0.0,0.0,0.0,242,0.0
1,u006,u006_q009,task,task_context,监控告警当前有效计划是什么？,recency_only,u006_e014,Mixed planning for today,1.0,u006_e008|u006_e020,0.0,1.0,0.0,0.0,0.0,93,0.0
1,u006,u006_q009,task,task_context,监控告警当前有效计划是什么？,similarity_only,u006_e004,监控告警 planning,0.096774,u006_e008|u006_e020,0.0,1.0,0.0,0.0,0.0,71,0.0
1,u006,u006_q009,task,task_context,监控告警当前有效计划是什么？,recency_similarity_hybrid,u006_e018,Urgent wrong domain,0.457143,u006_e008|u006_e020,0.0,1.0,0.0,0.0,0.0,84,0.0
1,u006,u006_q009,task,task_context,监控告警当前有效计划是什么？,proposed_TMT_decay_event_memory,u006_e015,Mixed review and reminder,0.844676,u006_e008|u006_e020,0.0,1.0,0.0,0.0,0.0,90,0.0
2,u006,u006_q009,task,task_context,监控告警当前有效计划是什么？,recency_only,u006_e014|u006_e015,Mixed planning for today|Mixed review and reminder,1.0|1.0,u006_e008|u006_e020,0.0,1.0,0.0,0.0,0.0,182,0.0
2,u006,u006_q009,task,task_context,监控告警当前有效计划是什么？,similarity_only,u006_e004|u006_e008,监控告警 planning|监控告警 status update,0.096774|0.09375,u006_e008|u006_e020,0.5,1.0,0.0,0.5,0.52129602861432,143,0.0
2,u006,u006_q009,task,task_context,监控告警当前有效计划是什么？,recency_similarity_hybrid,u006_e018|u006_e014,Urgent wrong domain|Mixed planning for today,0.457143|0.456962,u006_e008|u006_e020,0.0,1.0,0.0,0.0,0.0,176,0.0
2,u006,u006_q009,task,task_context,监控告警当前有效计划是什么？,proposed_TMT_decay_event_memory,u006_e015|u006_e014,Mixed review and reminder|Mixed planning for today,0.844676|0.784319,u006_e008|u006_e020,0.0,1.0,0.0,0.0,0.0,182,0.0
3,u006,u006_q009,task,task_context,监控告警当前有效计划是什么？,recency_only,u006_e014|u006_e015|u006_e016,Mixed planning for today|Mixed review and reminder|Recent irrelevant side matter,1.0|1.0|1.0,u006_e008|u006_e020,0.0,1.0,0.0,0.0,0.0,259,0.0
3,u006,u006_q009,task,task_context,监控告警当前有效计划是什么？,similarity_only,u006_e004|u006_e008|u006_e020,监控告警 planning|监控告警 status update|Superseded MU distractor,0.096774|0.09375|0.072464,u006_e008|u006_e020,1.0,1.0,0.0,1.0,0.6590018048024133,225,1.0
3,u006,u006_q009,task,task_context,监控告警当前有效计划是什么？,recency_similarity_hybrid,u006_e018|u006_e014|u006_e015,Urgent wrong domain|Mixed planning for today|Mixed review and reminder,0.457143|0.456962|0.45,u006_e008|u006_e020,0.0,1.0,0.0,0.0,0.0,266,0.0
3,u006,u006_q009,task,task_context,监控告警当前有效计划是什么？,proposed_TMT_decay_event_memory,u006_e015|u006_e014|u006_e007,Mixed review and reminder|Mixed planning for today|技术债清理 status update,0.844676|0.784319|0.758506,u006_e008|u006_e020,0.0,1.0,0.0,0.0,0.0,255,0.0
1,u006,u006_q010,task,task_dependency,做支付 bug前还缺什么依赖？,recency_only,u006_e014,Mixed planning for today,1.0,u006_e009|u006_e014,0.5,0.0,1.0,0.5,0.46927872602275644,93,0.0
1,u006,u006_q010,task,task_dependency,做支付 bug前还缺什么依赖？,similarity_only,u006_e009,支付 bug dependency discussion,0.101695,u006_e009|u006_e014,0.5,1.0,1.0,0.5,0.7039180890341347,86,0.0
1,u006,u006_q010,task,task_dependency,做支付 bug前还缺什么依赖？,recency_similarity_hybrid,u006_e018,Urgent wrong domain,0.472603,u006_e009|u006_e014,0.0,0.0,0.0,0.0,0.0,84,0.0
1,u006,u006_q010,task,task_dependency,做支付 bug前还缺什么依赖？,proposed_TMT_decay_event_memory,u006_e015,Mixed review and reminder,0.844676,u006_e009|u006_e014,0.0,0.0,0.0,0.0,0.0,90,0.0
2,u006,u006_q010,task,task_dependency,做支付 bug前还缺什么依赖？,recency_only,u006_e014|u006_e015,Mixed planning for today|Mixed review and reminder,1.0|1.0,u006_e009|u006_e014,0.5,0.0,1.0,0.5,0.46927872602275644,182,0.0
2,u006,u006_q010,task,task_dependency,做支付 bug前还缺什么依赖？,similarity_only,u006_e009|u006_e005,支付 bug dependency discussion|支付 bug status update,0.101695|0.057692,u006_e009|u006_e014,0.5,1.0,1.0,0.5,0.7039180890341347,150,0.0
2,u006,u006_q010,task,task_dependency,做支付 bug前还缺什么依赖？,recency_similarity_hybrid,u006_e018|u006_e014,Urgent wrong domain|Mixed planning for today,0.472603|0.472,u006_e009|u006_e014,0.5,0.0,0.0,0.5,0.2960819109658652,176,0.0
2,u006,u006_q010,task,task_dependency,做支付 bug前还缺什么依赖？,proposed_TMT_decay_event_memory,u006_e015|u006_e014,Mixed review and reminder|Mixed planning for today,0.844676|0.825207,u006_e009|u006_e014,0.5,0.0,0.0,0.5,0.2960819109658652,182,0.0
3,u006,u006_q010,task,task_dependency,做支付 bug前还缺什么依赖？,recency_only,u006_e014|u006_e015|u006_e016,Mixed planning for today|Mixed review and reminder|Recent irrelevant side matter,1.0|1.0|1.0,u006_e009|u006_e014,0.5,0.0,1.0,0.5,0.46927872602275644,259,0.0
3,u006,u006_q010,task,task_dependency,做支付 bug前还缺什么依赖？,similarity_only,u006_e009|u006_e005|u006_e001,支付 bug dependency discussion|支付 bug status update|支付 bug planning,0.101695|0.057692|0.045455,u006_e009|u006_e014,0.5,1.0,1.0,0.5,0.7039180890341347,210,0.0
3,u006,u006_q010,task,task_dependency,做支付 bug前还缺什么依赖？,recency_similarity_hybrid,u006_e018|u006_e014|u006_e015,Urgent wrong domain|Mixed planning for today|Mixed review and reminder,0.472603|0.472|0.466176,u006_e009|u006_e014,0.5,0.0,0.0,0.5,0.2960819109658652,266,0.0
3,u006,u006_q010,task,task_dependency,做支付 bug前还缺什么依赖？,proposed_TMT_decay_event_memory,u006_e015|u006_e014|u006_e001,Mixed review and reminder|Mixed planning for today|支付 bug planning,0.844676|0.825207|0.777579,u006_e009|u006_e014,0.5,0.0,0.0,0.5,0.2960819109658652,242,0.0
1,u006,u006_q011,task,task_dependency,sprint planning卡住的前置条件是什么？,recency_only,u006_e014,Mixed planning for today,1.0,u006_e010|u006_e006|u006_e015,0.0,1.0,0.0,0.0,0.0,93,0.0
1,u006,u006_q011,task,task_dependency,sprint planning卡住的前置条件是什么？,similarity_only,u006_e002,sprint planning planning,0.048387,u006_e010|u006_e006|u006_e015,0.0,1.0,0.0,0.0,0.0,76,0.0
1,u006,u006_q011,task,task_dependency,sprint planning卡住的前置条件是什么？,recency_similarity_hybrid,u006_e015,Mixed review and reminder,0.465942,u006_e010|u006_e006|u006_e015,0.3333333333333333,1.0,1.0,0.3333333333333333,0.3393978490514598,90,0.0
1,u006,u006_q011,task,task_dependency,sprint planning卡住的前置条件是什么？,proposed_TMT_decay_event_memory,u006_e015,Mixed review and reminder,0.873948,u006_e010|u006_e006|u006_e015,0.3333333333333333,1.0,1.0,0.3333333333333333,0.3393978490514598,90,0.0
2,u006,u006_q011,task,task_dependency,sprint planning卡住的前置条件是什么？,recency_only,u006_e014|u006_e015,Mixed planning for today|Mixed review and reminder,1.0|1.0,u006_e010|u006_e006|u006_e015,0.3333333333333333,1.0,0.0,0.3333333333333333,0.21413620126472027,182,0.0
2,u006,u006_q011,task,task_dependency,sprint planning卡住的前置条件是什么？,similarity_only,u006_e002|u006_e010,sprint planning planning|sprint planning dependency discussion,0.048387|0.048387,u006_e010|u006_e006|u006_e015,0.3333333333333333,1.0,0.0,0.3333333333333333,0.3212043018970804,169,0.0
2,u006,u006_q011,task,task_dependency,sprint planning卡住的前置条件是什么？,recency_similarity_hybrid,u006_e015|u006_e016,Mixed review and reminder|Recent irrelevant side matter,0.465942|0.457639,u006_e010|u006_e006|u006_e015,0.3333333333333333,1.0,1.0,0.3333333333333333,0.3393978490514598,167,0.0
2,u006,u006_q011,task,task_dependency,sprint planning卡住的前置条件是什么？,proposed_TMT_decay_event_memory,u006_e015|u006_e014,Mixed review and reminder|Mixed planning for today,0.873948|0.784593,u006_e010|u006_e006|u006_e015,0.3333333333333333,1.0,1.0,0.3333333333333333,0.3393978490514598,182,0.0
3,u006,u006_q011,task,task_dependency,sprint planning卡住的前置条件是什么？,recency_only,u006_e014|u006_e015|u006_e016,Mixed planning for today|Mixed review and reminder|Recent irrelevant side matter,1.0|1.0|1.0,u006_e010|u006_e006|u006_e015,0.3333333333333333,1.0,0.0,0.3333333333333333,0.21413620126472027,259,0.0
3,u006,u006_q011,task,task_dependency,sprint planning卡住的前置条件是什么？,similarity_only,u006_e002|u006_e010|u006_e009,sprint planning planning|sprint planning dependency discussion|支付 bug dependency discussion,0.048387|0.048387|0.047619,u006_e010|u006_e006|u006_e015,0.3333333333333333,1.0,0.0,0.3333333333333333,0.3212043018970804,254,0.0
3,u006,u006_q011,task,task_dependency,sprint planning卡住的前置条件是什么？,recency_similarity_hybrid,u006_e015|u006_e016|u006_e018,Mixed review and reminder|Recent irrelevant side matter|Urgent wrong domain,0.465942|0.457639|0.457237,u006_e010|u006_e006|u006_e015,0.3333333333333333,1.0,1.0,0.3333333333333333,0.3393978490514598,250,0.0
3,u006,u006_q011,task,task_dependency,sprint planning卡住的前置条件是什么？,proposed_TMT_decay_event_memory,u006_e015|u006_e014|u006_e007,Mixed review and reminder|Mixed planning for today|技术债清理 status update,0.873948|0.784593|0.758506,u006_e010|u006_e006|u006_e015,0.3333333333333333,1.0,1.0,0.3333333333333333,0.3393978490514598,255,0.0
1,u006,u006_q012,chat,chat_preference,我做计划时有什么稳定偏好？,recency_only,u006_e014,Mixed planning for today,1.0,u006_e011|u006_e019,0.0,,0.0,0.0,0.0,93,0.0
1,u006,u006_q012,chat,chat_preference,我做计划时有什么稳定偏好？,similarity_only,u006_e019,Old but stable preference,0.092308,u006_e011|u006_e019,0.5,,1.0,0.5,0.6131471927654584,85,0.0
1,u006,u006_q012,chat,chat_preference,我做计划时有什么稳定偏好？,recency_similarity_hybrid,u006_e014,Mixed planning for today,0.479333,u006_e011|u006_e019,0.0,,0.0,0.0,0.0,93,0.0
1,u006,u006_q012,chat,chat_preference,我做计划时有什么稳定偏好？,proposed_TMT_decay_event_memory,u006_e014,Mixed planning for today,0.891388,u006_e011|u006_e019,0.0,,0.0,0.0,0.0,93,0.0
2,u006,u006_q012,chat,chat_preference,我做计划时有什么稳定偏好？,recency_only,u006_e014|u006_e015,Mixed planning for today|Mixed review and reminder,1.0|1.0,u006_e011|u006_e019,0.0,,0.0,0.0,0.0,182,0.0
2,u006,u006_q012,chat,chat_preference,我做计划时有什么稳定偏好？,similarity_only,u006_e019|u006_e013,Old but stable preference|Updated preference record,0.092308|0.061538,u006_e011|u006_e019,0.5,,1.0,0.5,0.6131471927654584,157,0.0
2,u006,u006_q012,chat,chat_preference,我做计划时有什么稳定偏好？,recency_similarity_hybrid,u006_e014|u006_e015,Mixed planning for today|Mixed review and reminder,0.479333|0.474265,u006_e011|u006_e019,0.0,,0.0,0.0,0.0,182,0.0
2,u006,u006_q012,chat,chat_preference,我做计划时有什么稳定偏好？,proposed_TMT_decay_event_memory,u006_e014|u006_e015,Mixed planning for today|Mixed review and reminder,0.891388|0.849317,u006_e011|u006_e019,0.0,,0.0,0.0,0.0,182,0.0
3,u006,u006_q012,chat,chat_preference,我做计划时有什么稳定偏好？,recency_only,u006_e014|u006_e015|u006_e016,Mixed planning for today|Mixed review and reminder|Recent irrelevant side matter,1.0|1.0|1.0,u006_e011|u006_e019,0.0,,0.0,0.0,0.0,259,0.0
3,u006,u006_q012,chat,chat_preference,我做计划时有什么稳定偏好？,similarity_only,u006_e019|u006_e013|u006_e014,Old but stable preference|Updated preference record|Mixed planning for today,0.092308|0.061538|0.053333,u006_e011|u006_e019,0.5,,1.0,0.5,0.6131471927654584,249,0.0
3,u006,u006_q012,chat,chat_preference,我做计划时有什么稳定偏好？,recency_similarity_hybrid,u006_e014|u006_e015|u006_e016,Mixed planning for today|Mixed review and reminder|Recent irrelevant side matter,0.479333|0.474265|0.457639,u006_e011|u006_e019,0.0,,0.0,0.0,0.0,259,0.0
3,u006,u006_q012,chat,chat_preference,我做计划时有什么稳定偏好？,proposed_TMT_decay_event_memory,u006_e014|u006_e015|u006_e010,Mixed planning for today|Mixed review and reminder|sprint planning dependency discussion,0.891388|0.849317|0.825251,u006_e011|u006_e019,0.0,,0.0,0.0,0.0,275,0.0
1,u006,u006_q013,chat,chat_preference,关于深度工作时间，我现在应该遵循哪个偏好？,recency_only,u006_e014,Mixed planning for today,1.0,u006_e013|u006_e012,0.0,,0.0,0.0,0.0,93,0.0
1,u006,u006_q013,chat,chat_preference,关于深度工作时间，我现在应该遵循哪个偏好？,similarity_only,u006_e013,Updated preference record,0.070423,u006_e013|u006_e012,0.5,,1.0,0.5,0.8262346571285599,72,0.0
1,u006,u006_q013,chat,chat_preference,关于深度工作时间，我现在应该遵循哪个偏好？,recency_similarity_hybrid,u006_e014,Mixed planning for today,0.483951,u006_e013|u006_e012,0.0,,0.0,0.0,0.0,93,0.0
1,u006,u006_q013,chat,chat_preference,关于深度工作时间，我现在应该遵循哪个偏好？,proposed_TMT_decay_event_memory,u006_e014,Mixed planning for today,0.891388,u006_e013|u006_e012,0.0,,0.0,0.0,0.0,93,0.0
2,u006,u006_q013,chat,chat_preference,关于深度工作时间，我现在应该遵循哪个偏好？,recency_only,u006_e014|u006_e015,Mixed planning for today|Mixed review and reminder,1.0|1.0,u006_e013|u006_e012,0.0,,0.0,0.0,0.0,182,0.0
2,u006,u006_q013,chat,chat_preference,关于深度工作时间，我现在应该遵循哪个偏好？,similarity_only,u006_e013|u006_e019,Updated preference record|Old but stable preference,0.070423|0.068493,u006_e013|u006_e012,0.5,,1.0,0.5,0.8262346571285599,157,0.0
2,u006,u006_q013,chat,chat_preference,关于深度工作时间，我现在应该遵循哪个偏好？,recency_similarity_hybrid,u006_e014|u006_e016,Mixed planning for today|Recent irrelevant side matter,0.483951|0.478947,u006_e013|u006_e012,0.0,,0.0,0.0,0.0,169,0.0
2,u006,u006_q013,chat,chat_preference,关于深度工作时间，我现在应该遵循哪个偏好？,proposed_TMT_decay_event_memory,u006_e014|u006_e015,Mixed planning for today|Mixed review and reminder,0.891388|0.849317,u006_e013|u006_e012,0.0,,0.0,0.0,0.0,182,0.0
3,u006,u006_q013,chat,chat_preference,关于深度工作时间，我现在应该遵循哪个偏好？,recency_only,u006_e014|u006_e015|u006_e016,Mixed planning for today|Mixed review and reminder|Recent irrelevant side matter,1.0|1.0|1.0,u006_e013|u006_e012,0.0,,0.0,0.0,0.0,259,0.0
3,u006,u006_q013,chat,chat_preference,关于深度工作时间，我现在应该遵循哪个偏好？,similarity_only,u006_e013|u006_e019|u006_e014,Updated preference record|Old but stable preference|Mixed planning for today,0.070423|0.068493|0.061728,u006_e013|u006_e012,0.5,,1.0,0.5,0.8262346571285599,249,0.0
3,u006,u006_q013,chat,chat_preference,关于深度工作时间，我现在应该遵循哪个偏好？,recency_similarity_hybrid,u006_e014|u006_e016|u006_e015,Mixed planning for today|Recent irrelevant side matter|Mixed review and reminder,0.483951|0.478947|0.472,u006_e013|u006_e012,0.0,,0.0,0.0,0.0,259,0.0
3,u006,u006_q013,chat,chat_preference,关于深度工作时间，我现在应该遵循哪个偏好？,proposed_TMT_decay_event_memory,u006_e014|u006_e015|u006_e010,Mixed planning for today|Mixed review and reminder|sprint planning dependency discussion,0.891388|0.849317|0.825251,u006_e013|u006_e012,0.0,,0.0,0.0,0.0,275,0.0
1,u006,u006_q014,chat,chat_profile,我的背景和主要任务场景是什么？,recency_only,u006_e014,Mixed planning for today,1.0,u006_e011|u006_e001,0.0,,0.0,0.0,0.0,93,0.0
1,u006,u006_q014,chat,chat_profile,我的背景和主要任务场景是什么？,similarity_only,u006_e016,Recent irrelevant side matter,0.072464,u006_e011|u006_e001,0.0,,0.0,0.0,0.0,77,0.0
1,u006,u006_q014,chat,chat_profile,我的背景和主要任务场景是什么？,recency_similarity_hybrid,u006_e016,Recent irrelevant side matter,0.489855,u006_e011|u006_e001,0.0,,0.0,0.0,0.0,77,0.0
1,u006,u006_q014,chat,chat_profile,我的背景和主要任务场景是什么？,proposed_TMT_decay_event_memory,u006_e014,Mixed planning for today,0.891388,u006_e011|u006_e001,0.0,,0.0,0.0,0.0,93,0.0
2,u006,u006_q014,chat,chat_profile,我的背景和主要任务场景是什么？,recency_only,u006_e014|u006_e015,Mixed planning for today|Mixed review and reminder,1.0|1.0,u006_e011|u006_e001,0.0,,0.0,0.0,0.0,182,0.0
2,u006,u006_q014,chat,chat_profile,我的背景和主要任务场景是什么？,similarity_only,u006_e016|u006_e002,Recent irrelevant side matter|sprint planning planning,0.072464|0.064516,u006_e011|u006_e001,0.0,,0.0,0.0,0.0,152,0.0
2,u006,u006_q014,chat,chat_profile,我的背景和主要任务场景是什么？,recency_similarity_hybrid,u006_e016|u006_e015,Recent irrelevant side matter|Mixed review and reminder,0.489855|0.482353,u006_e011|u006_e001,0.0,,0.0,0.0,0.0,167,0.0
2,u006,u006_q014,chat,chat_profile,我的背景和主要任务场景是什么？,proposed_TMT_decay_event_memory,u006_e014|u006_e015,Mixed planning for today|Mixed review and reminder,0.891388|0.849317,u006_e011|u006_e001,0.0,,0.0,0.0,0.0,182,0.0
3,u006,u006_q014,chat,chat_profile,我的背景和主要任务场景是什么？,recency_only,u006_e014|u006_e015|u006_e016,Mixed planning for today|Mixed review and reminder|Recent irrelevant side matter,1.0|1.0|1.0,u006_e011|u006_e001,0.0,,0.0,0.0,0.0,259,0.0
3,u006,u006_q014,chat,chat_profile,我的背景和主要任务场景是什么？,similarity_only,u006_e016|u006_e002|u006_e015,Recent irrelevant side matter|sprint planning planning|Mixed review and reminder,0.072464|0.064516|0.058824,u006_e011|u006_e001,0.0,,0.0,0.0,0.0,242,0.0
3,u006,u006_q014,chat,chat_profile,我的背景和主要任务场景是什么？,recency_similarity_hybrid,u006_e016|u006_e015|u006_e018,Recent irrelevant side matter|Mixed review and reminder|Urgent wrong domain,0.489855|0.482353|0.457143,u006_e011|u006_e001,0.0,,0.0,0.0,0.0,250,0.0
3,u006,u006_q014,chat,chat_profile,我的背景和主要任务场景是什么？,proposed_TMT_decay_event_memory,u006_e014|u006_e015|u006_e010,Mixed planning for today|Mixed review and reminder|sprint planning dependency discussion,0.891388|0.849317|0.825251,u006_e011|u006_e001,0.0,,0.0,0.0,0.0,275,0.0
1,u006,u006_q015,chat,chat_history,之前我提过哪些和提醒方式有关的要求？,recency_only,u006_e014,Mixed planning for today,1.0,u006_e011|u006_e015,0.0,,0.0,0.0,0.0,93,0.0
1,u006,u006_q015,chat,chat_history,之前我提过哪些和提醒方式有关的要求？,similarity_only,u006_e015,Mixed review and reminder,0.071429,u006_e011|u006_e015,0.5,,1.0,0.5,0.6131471927654584,90,0.0
1,u006,u006_q015,chat,chat_history,之前我提过哪些和提醒方式有关的要求？,recency_similarity_hybrid,u006_e015,Mixed review and reminder,0.489286,u006_e011|u006_e015,0.5,,1.0,0.5,0.6131471927654584,90,0.0
1,u006,u006_q015,chat,chat_history,之前我提过哪些和提醒方式有关的要求？,proposed_TMT_decay_event_memory,u006_e014,Mixed planning for today,0.891388,u006_e011|u006_e015,0.0,,0.0,0.0,0.0,93,0.0
2,u006,u006_q015,chat,chat_history,之前我提过哪些和提醒方式有关的要求？,recency_only,u006_e014|u006_e015,Mixed planning for today|Mixed review and reminder,1.0|1.0,u006_e011|u006_e015,0.5,,0.0,0.5,0.3868528072345416,182,0.0
2,u006,u006_q015,chat,chat_history,之前我提过哪些和提醒方式有关的要求？,similarity_only,u006_e015|u006_e009,Mixed review and reminder|支付 bug dependency discussion,0.071429|0.044776,u006_e011|u006_e015,0.5,,1.0,0.5,0.6131471927654584,175,0.0
2,u006,u006_q015,chat,chat_history,之前我提过哪些和提醒方式有关的要求？,recency_similarity_hybrid,u006_e015|u006_e016,Mixed review and reminder|Recent irrelevant side matter,0.489286|0.472297,u006_e011|u006_e015,0.5,,1.0,0.5,0.6131471927654584,167,0.0
2,u006,u006_q015,chat,chat_history,之前我提过哪些和提醒方式有关的要求？,proposed_TMT_decay_event_memory,u006_e014|u006_e015,Mixed planning for today|Mixed review and reminder,0.891388|0.849317,u006_e011|u006_e015,0.5,,0.0,0.5,0.3868528072345416,182,0.0
3,u006,u006_q015,chat,chat_history,之前我提过哪些和提醒方式有关的要求？,recency_only,u006_e014|u006_e015|u006_e016,Mixed planning for today|Mixed review and reminder|Recent irrelevant side matter,1.0|1.0|1.0,u006_e011|u006_e015,0.5,,0.0,0.5,0.3868528072345416,259,0.0
3,u006,u006_q015,chat,chat_history,之前我提过哪些和提醒方式有关的要求？,similarity_only,u006_e015|u006_e009|u006_e001,Mixed review and reminder|支付 bug dependency discussion|支付 bug planning,0.071429|0.044776|0.042254,u006_e011|u006_e015,0.5,,1.0,0.5,0.6131471927654584,236,0.0
3,u006,u006_q015,chat,chat_history,之前我提过哪些和提醒方式有关的要求？,recency_similarity_hybrid,u006_e015|u006_e016|u006_e018,Mixed review and reminder|Recent irrelevant side matter|Urgent wrong domain,0.489286|0.472297|0.463924,u006_e011|u006_e015,0.5,,1.0,0.5,0.6131471927654584,250,0.0
3,u006,u006_q015,chat,chat_history,之前我提过哪些和提醒方式有关的要求？,proposed_TMT_decay_event_memory,u006_e014|u006_e015|u006_e010,Mixed planning for today|Mixed review and reminder|sprint planning dependency discussion,0.891388|0.849317|0.825251,u006_e011|u006_e015,0.5,,0.0,0.5,0.3868528072345416,275,0.0
1,u006,u006_q016,chat,mixed,帮我安排今天上午，结合任务优先级和个人偏好。,recency_only,u006_e014,Mixed planning for today,1.0,u006_e014|u006_e013|u006_e001,0.3333333333333333,,1.0,0.3333333333333333,0.5090967735771897,93,0.0
1,u006,u006_q016,chat,mixed,帮我安排今天上午，结合任务优先级和个人偏好。,similarity_only,u006_e014,Mixed planning for today,0.144737,u006_e014|u006_e013|u006_e001,0.3333333333333333,,1.0,0.3333333333333333,0.5090967735771897,93,0.0
1,u006,u006_q016,chat,mixed,帮我安排今天上午，结合任务优先级和个人偏好。,recency_similarity_hybrid,u006_e014,Mixed planning for today,0.529605,u006_e014|u006_e013|u006_e001,0.3333333333333333,,1.0,0.3333333333333333,0.5090967735771897,93,0.0
1,u006,u006_q016,chat,mixed,帮我安排今天上午，结合任务优先级和个人偏好。,proposed_TMT_decay_event_memory,u006_e014,Mixed planning for today,0.891388,u006_e014|u006_e013|u006_e001,0.3333333333333333,,1.0,0.3333333333333333,0.5090967735771897,93,0.0
2,u006,u006_q016,chat,mixed,帮我安排今天上午，结合任务优先级和个人偏好。,recency_only,u006_e014|u006_e015,Mixed planning for today|Mixed review and reminder,1.0|1.0,u006_e014|u006_e013|u006_e001,0.3333333333333333,,1.0,0.3333333333333333,0.5090967735771897,182,0.0
2,u006,u006_q016,chat,mixed,帮我安排今天上午，结合任务优先级和个人偏好。,similarity_only,u006_e014|u006_e013,Mixed planning for today|Updated preference record,0.144737|0.069444,u006_e014|u006_e013|u006_e001,0.6666666666666666,,1.0,0.6666666666666666,0.8303010754742701,164,0.0
2,u006,u006_q016,chat,mixed,帮我安排今天上午，结合任务优先级和个人偏好。,recency_similarity_hybrid,u006_e014|u006_e015,Mixed planning for today|Mixed review and reminder,0.529605|0.487162,u006_e014|u006_e013|u006_e001,0.3333333333333333,,1.0,0.3333333333333333,0.5090967735771897,182,0.0
2,u006,u006_q016,chat,mixed,帮我安排今天上午，结合任务优先级和个人偏好。,proposed_TMT_decay_event_memory,u006_e014|u006_e015,Mixed planning for today|Mixed review and reminder,0.891388|0.849317,u006_e014|u006_e013|u006_e001,0.3333333333333333,,1.0,0.3333333333333333,0.5090967735771897,182,0.0
3,u006,u006_q016,chat,mixed,帮我安排今天上午，结合任务优先级和个人偏好。,recency_only,u006_e014|u006_e015|u006_e016,Mixed planning for today|Mixed review and reminder|Recent irrelevant side matter,1.0|1.0|1.0,u006_e014|u006_e013|u006_e001,0.3333333333333333,,1.0,0.3333333333333333,0.5090967735771897,259,0.0
3,u006,u006_q016,chat,mixed,帮我安排今天上午，结合任务优先级和个人偏好。,similarity_only,u006_e014|u006_e013|u006_e015,Mixed planning for today|Updated preference record|Mixed review and reminder,0.144737|0.069444|0.067568,u006_e014|u006_e013|u006_e001,0.6666666666666666,,1.0,0.6666666666666666,0.8303010754742701,254,0.0
3,u006,u006_q016,chat,mixed,帮我安排今天上午，结合任务优先级和个人偏好。,recency_similarity_hybrid,u006_e014|u006_e015|u006_e016,Mixed planning for today|Mixed review and reminder|Recent irrelevant side matter,0.529605|0.487162|0.471154,u006_e014|u006_e013|u006_e001,0.3333333333333333,,1.0,0.3333333333333333,0.5090967735771897,259,0.0
3,u006,u006_q016,chat,mixed,帮我安排今天上午，结合任务优先级和个人偏好。,proposed_TMT_decay_event_memory,u006_e014|u006_e015|u006_e010,Mixed planning for today|Mixed review and reminder|sprint planning dependency discussion,0.891388|0.849317|0.825251,u006_e014|u006_e013|u006_e001,0.3333333333333333,,1.0,0.3333333333333333,0.5090967735771897,275,0.0
1,u006,u006_q017,chat,mixed,帮我写一个关于sprint planning的提醒，要体现依赖关系。,recency_only,u006_e014,Mixed planning for today,1.0,u006_e015|u006_e010,0.0,,0.0,0.0,0.0,93,0.0
1,u006,u006_q017,chat,mixed,帮我写一个关于sprint planning的提醒，要体现依赖关系。,similarity_only,u006_e015,Mixed review and reminder,0.1,u006_e015|u006_e010,0.5,,1.0,0.5,0.6131471927654584,90,0.0
1,u006,u006_q017,chat,mixed,帮我写一个关于sprint planning的提醒，要体现依赖关系。,recency_similarity_hybrid,u006_e015,Mixed review and reminder,0.505,u006_e015|u006_e010,0.5,,1.0,0.5,0.6131471927654584,90,0.0
1,u006,u006_q017,chat,mixed,帮我写一个关于sprint planning的提醒，要体现依赖关系。,proposed_TMT_decay_event_memory,u006_e014,Mixed planning for today,0.89182,u006_e015|u006_e010,0.0,,0.0,0.0,0.0,93,0.0
2,u006,u006_q017,chat,mixed,帮我写一个关于sprint planning的提醒，要体现依赖关系。,recency_only,u006_e014|u006_e015,Mixed planning for today|Mixed review and reminder,1.0|1.0,u006_e015|u006_e010,0.5,,0.0,0.5,0.3868528072345416,182,0.0
2,u006,u006_q017,chat,mixed,帮我写一个关于sprint planning的提醒，要体现依赖关系。,similarity_only,u006_e015|u006_e002,Mixed review and reminder|sprint planning planning,0.1|0.092308,u006_e015|u006_e010,0.5,,1.0,0.5,0.6131471927654584,165,0.0
2,u006,u006_q017,chat,mixed,帮我写一个关于sprint planning的提醒，要体现依赖关系。,recency_similarity_hybrid,u006_e015|u006_e016,Mixed review and reminder|Recent irrelevant side matter,0.505|0.487162,u006_e015|u006_e010,0.5,,1.0,0.5,0.6131471927654584,167,0.0
2,u006,u006_q017,chat,mixed,帮我写一个关于sprint planning的提醒，要体现依赖关系。,proposed_TMT_decay_event_memory,u006_e014|u006_e015,Mixed planning for today|Mixed review and reminder,0.89182|0.867434,u006_e015|u006_e010,0.5,,0.0,0.5,0.3868528072345416,182,0.0
3,u006,u006_q017,chat,mixed,帮我写一个关于sprint planning的提醒，要体现依赖关系。,recency_only,u006_e014|u006_e015|u006_e016,Mixed planning for today|Mixed review and reminder|Recent irrelevant side matter,1.0|1.0|1.0,u006_e015|u006_e010,0.5,,0.0,0.5,0.3868528072345416,259,0.0
3,u006,u006_q017,chat,mixed,帮我写一个关于sprint planning的提醒，要体现依赖关系。,similarity_only,u006_e015|u006_e002|u006_e010,Mixed review and reminder|sprint planning planning|sprint planning dependency discussion,0.1|0.092308|0.075758,u006_e015|u006_e010,1.0,,1.0,1.0,0.9197207891481876,258,1.0
3,u006,u006_q017,chat,mixed,帮我写一个关于sprint planning的提醒，要体现依赖关系。,recency_similarity_hybrid,u006_e015|u006_e016|u006_e018,Mixed review and reminder|Recent irrelevant side matter|Urgent wrong domain,0.505|0.487162|0.477848,u006_e015|u006_e010,0.5,,1.0,0.5,0.6131471927654584,250,0.0
3,u006,u006_q017,chat,mixed,帮我写一个关于sprint planning的提醒，要体现依赖关系。,proposed_TMT_decay_event_memory,u006_e014|u006_e015|u006_e010,Mixed planning for today|Mixed review and reminder|sprint planning dependency discussion,0.89182|0.867434|0.852682,u006_e015|u006_e010,1.0,,0.0,1.0,0.6934264036172708,275,1.0
1,u006,u006_q018,task,task_priority,我还有什么低优先级但今天可能会干扰我的事？,recency_only,u006_e014,Mixed planning for today,1.0,u006_e018|u006_e003|u006_e016,0.0,0.0,0.0,0.0,0.0,93,0.0
1,u006,u006_q018,task,task_priority,我还有什么低优先级但今天可能会干扰我的事？,similarity_only,u006_e012,Old preference record,0.068493,u006_e018|u006_e003|u006_e016,0.0,0.0,0.0,0.0,0.0,72,0.0
1,u006,u006_q018,task,task_priority,我还有什么低优先级但今天可能会干扰我的事？,recency_similarity_hybrid,u006_e018,Urgent wrong domain,0.4775,u006_e018|u006_e003|u006_e016,0.3333333333333333,0.5,1.0,0.3333333333333333,0.6300059872618923,84,0.0
1,u006,u006_q018,task,task_priority,我还有什么低优先级但今天可能会干扰我的事？,proposed_TMT_decay_event_memory,u006_e015,Mixed review and reminder,0.844676,u006_e018|u006_e003|u006_e016,0.0,0.0,0.0,0.0,0.0,90,0.0
2,u006,u006_q018,task,task_priority,我还有什么低优先级但今天可能会干扰我的事？,recency_only,u006_e014|u006_e015,Mixed planning for today|Mixed review and reminder,1.0|1.0,u006_e018|u006_e003|u006_e016,0.0,0.0,0.0,0.0,0.0,182,0.0
2,u006,u006_q018,task,task_priority,我还有什么低优先级但今天可能会干扰我的事？,similarity_only,u006_e012|u006_e001,Old preference record|支付 bug planning,0.068493|0.054795,u006_e018|u006_e003|u006_e016,0.0,0.0,0.0,0.0,0.0,132,0.0
2,u006,u006_q018,task,task_priority,我还有什么低优先级但今天可能会干扰我的事？,recency_similarity_hybrid,u006_e018|u006_e016,Urgent wrong domain|Recent irrelevant side matter,0.4775|0.471429,u006_e018|u006_e003|u006_e016,0.6666666666666666,0.5,1.0,0.6666666666666666,0.7625024946924551,161,0.0
2,u006,u006_q018,task,task_priority,我还有什么低优先级但今天可能会干扰我的事？,proposed_TMT_decay_event_memory,u006_e015|u006_e014,Mixed review and reminder|Mixed planning for today,0.844676|0.784319,u006_e018|u006_e003|u006_e016,0.0,0.0,0.0,0.0,0.0,182,0.0
3,u006,u006_q018,task,task_priority,我还有什么低优先级但今天可能会干扰我的事？,recency_only,u006_e014|u006_e015|u006_e016,Mixed planning for today|Mixed review and reminder|Recent irrelevant side matter,1.0|1.0|1.0,u006_e018|u006_e003|u006_e016,0.3333333333333333,0.0,0.0,0.3333333333333333,0.10500099787698204,259,0.0
3,u006,u006_q018,task,task_priority,我还有什么低优先级但今天可能会干扰我的事？,similarity_only,u006_e012|u006_e001|u006_e018,Old preference record|支付 bug planning|Urgent wrong domain,0.068493|0.054795|0.05,u006_e018|u006_e003|u006_e016,0.3333333333333333,0.5,0.0,0.3333333333333333,0.31500299363094614,216,0.0
3,u006,u006_q018,task,task_priority,我还有什么低优先级但今天可能会干扰我的事？,recency_similarity_hybrid,u006_e018|u006_e016|u006_e014,Urgent wrong domain|Recent irrelevant side matter|Mixed planning for today,0.4775|0.471429|0.463095,u006_e018|u006_e003|u006_e016,0.6666666666666666,0.5,1.0,0.6666666666666666,0.7625024946924551,253,0.0
3,u006,u006_q018,task,task_priority,我还有什么低优先级但今天可能会干扰我的事？,proposed_TMT_decay_event_memory,u006_e015|u006_e014|u006_e007,Mixed review and reminder|Mixed planning for today|技术债清理 status update,0.844676|0.784319|0.758506,u006_e018|u006_e003|u006_e016,0.0,0.0,0.0,0.0,0.0,255,0.0
1,u006,u006_q019,task,task_status,那个类似支付 bug的旧任务还需要今天做吗？,recency_only,u006_e014,Mixed planning for today,1.0,u006_e017|u006_e001,0.0,0.0,0.0,0.0,0.0,93,0.0
1,u006,u006_q019,task,task_status,那个类似支付 bug的旧任务还需要今天做吗？,similarity_only,u006_e017,Semantic similar wrong status,0.128571,u006_e017|u006_e001,0.5,0.0,1.0,0.5,0.7039180890341347,84,0.0
1,u006,u006_q019,task,task_status,那个类似支付 bug的旧任务还需要今天做吗？,recency_similarity_hybrid,u006_e014,Mixed planning for today,0.491772,u006_e017|u006_e001,0.0,0.0,0.0,0.0,0.0,93,0.0
1,u006,u006_q019,task,task_status,那个类似支付 bug的旧任务还需要今天做吗？,proposed_TMT_decay_event_memory,u006_e015,Mixed review and reminder,0.844676,u006_e017|u006_e001,0.0,0.0,0.0,0.0,0.0,90,0.0
2,u006,u006_q019,task,task_status,那个类似支付 bug的旧任务还需要今天做吗？,recency_only,u006_e014|u006_e015,Mixed planning for today|Mixed review and reminder,1.0|1.0,u006_e017|u006_e001,0.0,0.0,0.0,0.0,0.0,182,0.0
2,u006,u006_q019,task,task_status,那个类似支付 bug的旧任务还需要今天做吗？,similarity_only,u006_e017|u006_e005,Semantic similar wrong status|支付 bug status update,0.128571|0.107143,u006_e017|u006_e001,0.5,0.0,1.0,0.5,0.7039180890341347,147,0.0
2,u006,u006_q019,task,task_status,那个类似支付 bug的旧任务还需要今天做吗？,recency_similarity_hybrid,u006_e014|u006_e016,Mixed planning for today|Recent irrelevant side matter,0.491772|0.487162,u006_e017|u006_e001,0.0,0.0,0.0,0.0,0.0,169,0.0
2,u006,u006_q019,task,task_status,那个类似支付 bug的旧任务还需要今天做吗？,proposed_TMT_decay_event_memory,u006_e015|u006_e014,Mixed review and reminder|Mixed planning for today,0.844676|0.815369,u006_e017|u006_e001,0.0,0.0,0.0,0.0,0.0,182,0.0
3,u006,u006_q019,task,task_status,那个类似支付 bug的旧任务还需要今天做吗？,recency_only,u006_e014|u006_e015|u006_e016,Mixed planning for today|Mixed review and reminder|Recent irrelevant side matter,1.0|1.0|1.0,u006_e017|u006_e001,0.0,0.0,0.0,0.0,0.0,259,0.0
3,u006,u006_q019,task,task_status,那个类似支付 bug的旧任务还需要今天做吗？,similarity_only,u006_e017|u006_e005|u006_e014,Semantic similar wrong status|支付 bug status update|Mixed planning for today,0.128571|0.107143|0.075949,u006_e017|u006_e001,0.5,0.0,1.0,0.5,0.7039180890341347,240,0.0
3,u006,u006_q019,task,task_status,那个类似支付 bug的旧任务还需要今天做吗？,recency_similarity_hybrid,u006_e014|u006_e016|u006_e018,Mixed planning for today|Recent irrelevant side matter|Urgent wrong domain,0.491772|0.487162|0.485256,u006_e017|u006_e001,0.0,0.0,0.0,0.0,0.0,253,0.0
3,u006,u006_q019,task,task_status,那个类似支付 bug的旧任务还需要今天做吗？,proposed_TMT_decay_event_memory,u006_e015|u006_e014|u006_e001,Mixed review and reminder|Mixed planning for today|支付 bug planning,0.844676|0.815369|0.767384,u006_e017|u006_e001,0.5,1.0,0.0,0.5,0.23463936301137822,242,0.0
1,u006,u006_q020,chat,negative,我有没有提过要学习法语考试？,recency_only,u006_e014,Mixed planning for today,1.0,,1.0,,0.0,1.0,1.0,93,1.0
1,u006,u006_q020,chat,negative,我有没有提过要学习法语考试？,similarity_only,u006_e015,Mixed review and reminder,0.044118,,1.0,,0.0,1.0,1.0,90,1.0
1,u006,u006_q020,chat,negative,我有没有提过要学习法语考试？,recency_similarity_hybrid,u006_e015,Mixed review and reminder,0.474265,,1.0,,0.0,1.0,1.0,90,1.0
1,u006,u006_q020,chat,negative,我有没有提过要学习法语考试？,proposed_TMT_decay_event_memory,u006_e014,Mixed planning for today,0.891388,,1.0,,0.0,1.0,1.0,93,1.0
2,u006,u006_q020,chat,negative,我有没有提过要学习法语考试？,recency_only,u006_e014|u006_e015,Mixed planning for today|Mixed review and reminder,1.0|1.0,,1.0,,0.0,1.0,1.0,182,1.0
2,u006,u006_q020,chat,negative,我有没有提过要学习法语考试？,similarity_only,u006_e015|u006_e019,Mixed review and reminder|Old but stable preference,0.044118|0.028986,,1.0,,0.0,1.0,1.0,175,1.0
2,u006,u006_q020,chat,negative,我有没有提过要学习法语考试？,recency_similarity_hybrid,u006_e015|u006_e016,Mixed review and reminder|Recent irrelevant side matter,0.474265|0.457639,,1.0,,0.0,1.0,1.0,167,1.0
2,u006,u006_q020,chat,negative,我有没有提过要学习法语考试？,proposed_TMT_decay_event_memory,u006_e014|u006_e015,Mixed planning for today|Mixed review and reminder,0.891388|0.849317,,1.0,,0.0,1.0,1.0,182,1.0
3,u006,u006_q020,chat,negative,我有没有提过要学习法语考试？,recency_only,u006_e014|u006_e015|u006_e016,Mixed planning for today|Mixed review and reminder|Recent irrelevant side matter,1.0|1.0|1.0,,1.0,,0.0,1.0,1.0,259,1.0
3,u006,u006_q020,chat,negative,我有没有提过要学习法语考试？,similarity_only,u006_e015|u006_e019|u006_e002,Mixed review and reminder|Old but stable preference|sprint planning planning,0.044118|0.028986|0.015625,,1.0,,0.0,1.0,1.0,250,1.0
3,u006,u006_q020,chat,negative,我有没有提过要学习法语考试？,recency_similarity_hybrid,u006_e015|u006_e016|u006_e018,Mixed review and reminder|Recent irrelevant side matter|Urgent wrong domain,0.474265|0.457639|0.457237,,1.0,,0.0,1.0,1.0,250,1.0
3,u006,u006_q020,chat,negative,我有没有提过要学习法语考试？,proposed_TMT_decay_event_memory,u006_e014|u006_e015|u006_e010,Mixed planning for today|Mixed review and reminder|sprint planning dependency discussion,0.891388|0.849317|0.825251,,1.0,,0.0,1.0,1.0,275,1.0
1,u007,u007_q001,task,task_due,我最近最该先处理哪个案例阅读任务？,recency_only,u007_e014,Mixed planning for today,1.0,u007_e001|u007_e009,0.0,0.0,0.0,0.0,0.0,91,0.0
1,u007,u007_q001,task,task_due,我最近最该先处理哪个案例阅读任务？,similarity_only,u007_e005,案例阅读 status update,0.111111,u007_e001|u007_e009,0.0,0.0,0.0,0.0,0.0,62,0.0
1,u007,u007_q001,task,task_due,我最近最该先处理哪个案例阅读任务？,recency_similarity_hybrid,u007_e018,Urgent wrong domain,0.494595,u007_e001|u007_e009,0.0,0.0,0.0,0.0,0.0,82,0.0
1,u007,u007_q001,task,task_due,我最近最该先处理哪个案例阅读任务？,proposed_TMT_decay_event_memory,u007_e015,Mixed review and reminder,0.844676,u007_e001|u007_e009,0.0,0.0,0.0,0.0,0.0,82,0.0
2,u007,u007_q001,task,task_due,我最近最该先处理哪个案例阅读任务？,recency_only,u007_e014|u007_e015,Mixed planning for today|Mixed review and reminder,1.0|1.0,u007_e001|u007_e009,0.0,0.0,0.0,0.0,0.0,172,0.0
2,u007,u007_q001,task,task_due,我最近最该先处理哪个案例阅读任务？,similarity_only,u007_e005|u007_e017,案例阅读 status update|Semantic similar wrong status,0.111111|0.1,u007_e001|u007_e009,0.0,0.0,0.0,0.0,0.0,143,0.0
2,u007,u007_q001,task,task_due,我最近最该先处理哪个案例阅读任务？,recency_similarity_hybrid,u007_e018|u007_e016,Urgent wrong domain|Recent irrelevant side matter,0.494595|0.488732,u007_e001|u007_e009,0.0,0.0,0.0,0.0,0.0,159,0.0
2,u007,u007_q001,task,task_due,我最近最该先处理哪个案例阅读任务？,proposed_TMT_decay_event_memory,u007_e015|u007_e014,Mixed review and reminder|Mixed planning for today,0.844676|0.830573,u007_e001|u007_e009,0.0,0.0,0.0,0.0,0.0,172,0.0
3,u007,u007_q001,task,task_due,我最近最该先处理哪个案例阅读任务？,recency_only,u007_e014|u007_e015|u007_e016,Mixed planning for today|Mixed review and reminder|Recent irrelevant side matter,1.0|1.0|1.0,u007_e001|u007_e009,0.0,0.0,0.0,0.0,0.0,249,0.0
3,u007,u007_q001,task,task_due,我最近最该先处理哪个案例阅读任务？,similarity_only,u007_e005|u007_e017|u007_e001,案例阅读 status update|Semantic similar wrong status|案例阅读 planning,0.111111|0.1|0.090909,u007_e001|u007_e009,0.5,0.5,0.0,0.5,0.35195904451706733,206,0.0
3,u007,u007_q001,task,task_due,我最近最该先处理哪个案例阅读任务？,recency_similarity_hybrid,u007_e018|u007_e016|u007_e014,Urgent wrong domain|Recent irrelevant side matter|Mixed planning for today,0.494595|0.488732|0.485256,u007_e001|u007_e009,0.0,0.0,0.0,0.0,0.0,250,0.0
3,u007,u007_q001,task,task_due,我最近最该先处理哪个案例阅读任务？,proposed_TMT_decay_event_memory,u007_e015|u007_e014|u007_e001,Mixed review and reminder|Mixed planning for today|案例阅读 planning,0.844676|0.830573|0.78367,u007_e001|u007_e009,0.5,0.5,0.0,0.5,0.35195904451706733,236,0.0
1,u007,u007_q002,task,task_due,今天有哪些快到截止但不能被过度放大的事项？,recency_only,u007_e014,Mixed planning for today,1.0,u007_e001|u007_e018|u007_e007,0.0,0.0,0.0,0.0,0.0,91,0.0
1,u007,u007_q002,task,task_due,今天有哪些快到截止但不能被过度放大的事项？,similarity_only,u007_e018,Urgent wrong domain,0.103896,u007_e001|u007_e018|u007_e007,0.3333333333333333,0.5,1.0,0.3333333333333333,0.21000199575396408,82,0.0
1,u007,u007_q002,task,task_due,今天有哪些快到截止但不能被过度放大的事项？,recency_similarity_hybrid,u007_e018,Urgent wrong domain,0.507143,u007_e001|u007_e018|u007_e007,0.3333333333333333,0.5,1.0,0.3333333333333333,0.21000199575396408,82,0.0
1,u007,u007_q002,task,task_due,今天有哪些快到截止但不能被过度放大的事项？,proposed_TMT_decay_event_memory,u007_e015,Mixed review and reminder,0.844676,u007_e001|u007_e018|u007_e007,0.0,0.0,0.0,0.0,0.0,82,0.0
2,u007,u007_q002,task,task_due,今天有哪些快到截止但不能被过度放大的事项？,recency_only,u007_e014|u007_e015,Mixed planning for today|Mixed review and reminder,1.0|1.0,u007_e001|u007_e018|u007_e007,0.0,0.0,0.0,0.0,0.0,172,0.0
2,u007,u007_q002,task,task_due,今天有哪些快到截止但不能被过度放大的事项？,similarity_only,u007_e018|u007_e012,Urgent wrong domain|Old preference record,0.103896|0.066667,u007_e001|u007_e018|u007_e007,0.3333333333333333,0.5,1.0,0.3333333333333333,0.21000199575396408,154,0.0
2,u007,u007_q002,task,task_due,今天有哪些快到截止但不能被过度放大的事项？,recency_similarity_hybrid,u007_e018|u007_e016,Urgent wrong domain|Recent irrelevant side matter,0.507143|0.471154,u007_e001|u007_e018|u007_e007,0.3333333333333333,0.5,1.0,0.3333333333333333,0.21000199575396408,159,0.0
2,u007,u007_q002,task,task_due,今天有哪些快到截止但不能被过度放大的事项？,proposed_TMT_decay_event_memory,u007_e015|u007_e014,Mixed review and reminder|Mixed planning for today,0.844676|0.784319,u007_e001|u007_e018|u007_e007,0.0,0.0,0.0,0.0,0.0,172,0.0
3,u007,u007_q002,task,task_due,今天有哪些快到截止但不能被过度放大的事项？,recency_only,u007_e014|u007_e015|u007_e016,Mixed planning for today|Mixed review and reminder|Recent irrelevant side matter,1.0|1.0|1.0,u007_e001|u007_e018|u007_e007,0.0,0.0,0.0,0.0,0.0,249,0.0
3,u007,u007_q002,task,task_due,今天有哪些快到截止但不能被过度放大的事项？,similarity_only,u007_e018|u007_e012|u007_e002,Urgent wrong domain|Old preference record|模拟法庭 planning,0.103896|0.066667|0.055556,u007_e001|u007_e018|u007_e007,0.3333333333333333,0.5,1.0,0.3333333333333333,0.21000199575396408,215,0.0
3,u007,u007_q002,task,task_due,今天有哪些快到截止但不能被过度放大的事项？,recency_similarity_hybrid,u007_e018|u007_e016|u007_e015,Urgent wrong domain|Recent irrelevant side matter|Mixed review and reminder,0.507143|0.471154|0.463924,u007_e001|u007_e018|u007_e007,0.3333333333333333,0.5,1.0,0.3333333333333333,0.21000199575396408,240,0.0
3,u007,u007_q002,task,task_due,今天有哪些快到截止但不能被过度放大的事项？,proposed_TMT_decay_event_memory,u007_e015|u007_e014|u007_e007,Mixed review and reminder|Mixed planning for today|申请材料 status update,0.844676|0.784319|0.758506,u007_e001|u007_e018|u007_e007,0.3333333333333333,0.0,0.0,0.3333333333333333,0.21000199575396408,244,0.0
1,u007,u007_q003,task,task_priority,模拟法庭接下来应该推进什么？,recency_only,u007_e014,Mixed planning for today,1.0,u007_e002|u007_e006|u007_e010,0.0,0.0,0.0,0.0,0.0,91,0.0
1,u007,u007_q003,task,task_priority,模拟法庭接下来应该推进什么？,similarity_only,u007_e010,模拟法庭 dependency discussion,0.0625,u007_e002|u007_e006|u007_e010,0.3333333333333333,0.5,1.0,0.3333333333333333,0.38009376671593426,80,0.0
1,u007,u007_q003,task,task_priority,模拟法庭接下来应该推进什么？,recency_similarity_hybrid,u007_e015,Mixed review and reminder,0.481429,u007_e002|u007_e006|u007_e010,0.0,0.0,0.0,0.0,0.0,82,0.0
1,u007,u007_q003,task,task_priority,模拟法庭接下来应该推进什么？,proposed_TMT_decay_event_memory,u007_e015,Mixed review and reminder,0.900847,u007_e002|u007_e006|u007_e010,0.0,0.0,0.0,0.0,0.0,82,0.0
2,u007,u007_q003,task,task_priority,模拟法庭接下来应该推进什么？,recency_only,u007_e014|u007_e015,Mixed planning for today|Mixed review and reminder,1.0|1.0,u007_e002|u007_e006|u007_e010,0.0,0.0,0.0,0.0,0.0,172,0.0
2,u007,u007_q003,task,task_priority,模拟法庭接下来应该推进什么？,similarity_only,u007_e010|u007_e002,模拟法庭 dependency discussion|模拟法庭 planning,0.0625|0.061538,u007_e002|u007_e006|u007_e010,0.6666666666666666,1.0,1.0,0.6666666666666666,0.7398124665681314,141,0.0
2,u007,u007_q003,task,task_priority,模拟法庭接下来应该推进什么？,recency_similarity_hybrid,u007_e015|u007_e014,Mixed review and reminder|Mixed planning for today,0.481429|0.456875,u007_e002|u007_e006|u007_e010,0.0,0.0,0.0,0.0,0.0,172,0.0
2,u007,u007_q003,task,task_priority,模拟法庭接下来应该推进什么？,proposed_TMT_decay_event_memory,u007_e015|u007_e014,Mixed review and reminder|Mixed planning for today,0.900847|0.784319,u007_e002|u007_e006|u007_e010,0.0,0.0,0.0,0.0,0.0,172,0.0
3,u007,u007_q003,task,task_priority,模拟法庭接下来应该推进什么？,recency_only,u007_e014|u007_e015|u007_e016,Mixed planning for today|Mixed review and reminder|Recent irrelevant side matter,1.0|1.0|1.0,u007_e002|u007_e006|u007_e010,0.0,0.0,0.0,0.0,0.0,249,0.0
3,u007,u007_q003,task,task_priority,模拟法庭接下来应该推进什么？,similarity_only,u007_e010|u007_e002|u007_e006,模拟法庭 dependency discussion|模拟法庭 planning|模拟法庭 status update,0.0625|0.061538|0.061538,u007_e002|u007_e006|u007_e010,1.0,1.0,1.0,1.0,0.9298593499260985,213,1.0
3,u007,u007_q003,task,task_priority,模拟法庭接下来应该推进什么？,recency_similarity_hybrid,u007_e015|u007_e014|u007_e016,Mixed review and reminder|Mixed planning for today|Recent irrelevant side matter,0.481429|0.456875|0.45,u007_e002|u007_e006|u007_e010,0.0,0.0,0.0,0.0,0.0,249,0.0
3,u007,u007_q003,task,task_priority,模拟法庭接下来应该推进什么？,proposed_TMT_decay_event_memory,u007_e015|u007_e014|u007_e007,Mixed review and reminder|Mixed planning for today|申请材料 status update,0.900847|0.784319|0.758506,u007_e002|u007_e006|u007_e010,0.0,0.0,0.0,0.0,0.0,244,0.0
1,u007,u007_q004,task,task_priority,现在最重要但不一定最紧急的任务是什么？,recency_only,u007_e014,Mixed planning for today,1.0,u007_e002|u007_e001|u007_e004,0.0,0.0,0.0,0.0,0.0,91,0.0
1,u007,u007_q004,task,task_priority,现在最重要但不一定最紧急的任务是什么？,similarity_only,u007_e002,模拟法庭 planning,0.106061,u007_e002|u007_e001|u007_e004,0.3333333333333333,0.3333333333333333,1.0,0.3333333333333333,0.5701406500739014,62,0.0
1,u007,u007_q004,task,task_priority,现在最重要但不一定最紧急的任务是什么？,recency_similarity_hybrid,u007_e016,Recent irrelevant side matter,0.504225,u007_e002|u007_e001|u007_e004,0.0,0.0,0.0,0.0,0.0,77,0.0
1,u007,u007_q004,task,task_priority,现在最重要但不一定最紧急的任务是什么？,proposed_TMT_decay_event_memory,u007_e015,Mixed review and reminder,0.844676,u007_e002|u007_e001|u007_e004,0.0,0.0,0.0,0.0,0.0,82,0.0
2,u007,u007_q004,task,task_priority,现在最重要但不一定最紧急的任务是什么？,recency_only,u007_e014|u007_e015,Mixed planning for today|Mixed review and reminder,1.0|1.0,u007_e002|u007_e001|u007_e004,0.0,0.0,0.0,0.0,0.0,172,0.0
2,u007,u007_q004,task,task_priority,现在最重要但不一定最紧急的任务是什么？,similarity_only,u007_e002|u007_e016,模拟法庭 planning|Recent irrelevant side matter,0.106061|0.098592,u007_e002|u007_e001|u007_e004,0.3333333333333333,0.3333333333333333,1.0,0.3333333333333333,0.5701406500739014,139,0.0
2,u007,u007_q004,task,task_priority,现在最重要但不一定最紧急的任务是什么？,recency_similarity_hybrid,u007_e016|u007_e018,Recent irrelevant side matter|Urgent wrong domain,0.504225|0.478205,u007_e002|u007_e001|u007_e004,0.0,0.0,0.0,0.0,0.0,159,0.0
2,u007,u007_q004,task,task_priority,现在最重要但不一定最紧急的任务是什么？,proposed_TMT_decay_event_memory,u007_e015|u007_e014,Mixed review and reminder|Mixed planning for today,0.844676|0.784319,u007_e002|u007_e001|u007_e004,0.0,0.0,0.0,0.0,0.0,172,0.0
3,u007,u007_q004,task,task_priority,现在最重要但不一定最紧急的任务是什么？,recency_only,u007_e014|u007_e015|u007_e016,Mixed planning for today|Mixed review and reminder|Recent irrelevant side matter,1.0|1.0|1.0,u007_e002|u007_e001|u007_e004,0.0,0.0,0.0,0.0,0.0,249,0.0
3,u007,u007_q004,task,task_priority,现在最重要但不一定最紧急的任务是什么？,similarity_only,u007_e002|u007_e016|u007_e003,模拟法庭 planning|Recent irrelevant side matter|申请材料 planning,0.106061|0.098592|0.069444,u007_e002|u007_e001|u007_e004,0.3333333333333333,0.3333333333333333,1.0,0.3333333333333333,0.5701406500739014,210,0.0
3,u007,u007_q004,task,task_priority,现在最重要但不一定最紧急的任务是什么？,recency_similarity_hybrid,u007_e016|u007_e018|u007_e015,Recent irrelevant side matter|Urgent wrong domain|Mixed review and reminder,0.504225|0.478205|0.472,u007_e002|u007_e001|u007_e004,0.0,0.0,0.0,0.0,0.0,240,0.0
3,u007,u007_q004,task,task_priority,现在最重要但不一定最紧急的任务是什么？,proposed_TMT_decay_event_memory,u007_e015|u007_e014|u007_e007,Mixed review and reminder|Mixed planning for today|申请材料 status update,0.844676|0.784319|0.758506,u007_e002|u007_e001|u007_e004,0.0,0.0,0.0,0.0,0.0,244,0.0
1,u007,u007_q005,task,task_status,案例阅读还有什么没完成？,recency_only,u007_e014,Mixed planning for today,1.0,u007_e005|u007_e001|u007_e017,0.0,0.0,0.0,0.0,0.0,91,0.0
1,u007,u007_q005,task,task_status,案例阅读还有什么没完成？,similarity_only,u007_e005,案例阅读 status update,0.12,u007_e005|u007_e001|u007_e017,0.3333333333333333,0.0,1.0,0.3333333333333333,0.5562983930884396,62,0.0
1,u007,u007_q005,task,task_status,案例阅读还有什么没完成？,recency_similarity_hybrid,u007_e018,Urgent wrong domain,0.488732,u007_e005|u007_e001|u007_e017,0.0,0.0,0.0,0.0,0.0,82,0.0
1,u007,u007_q005,task,task_status,案例阅读还有什么没完成？,proposed_TMT_decay_event_memory,u007_e015,Mixed review and reminder,0.844676,u007_e005|u007_e001|u007_e017,0.0,0.0,0.0,0.0,0.0,82,0.0
2,u007,u007_q005,task,task_status,案例阅读还有什么没完成？,recency_only,u007_e014|u007_e015,Mixed planning for today|Mixed review and reminder,1.0|1.0,u007_e005|u007_e001|u007_e017,0.0,0.0,0.0,0.0,0.0,172,0.0
2,u007,u007_q005,task,task_status,案例阅读还有什么没完成？,similarity_only,u007_e005|u007_e007,案例阅读 status update|申请材料 status update,0.12|0.09375,u007_e005|u007_e001|u007_e017,0.3333333333333333,0.0,1.0,0.3333333333333333,0.5562983930884396,133,0.0
2,u007,u007_q005,task,task_status,案例阅读还有什么没完成？,recency_similarity_hybrid,u007_e018|u007_e014,Urgent wrong domain|Mixed planning for today,0.488732|0.479333,u007_e005|u007_e001|u007_e017,0.0,0.0,0.0,0.0,0.0,173,0.0
2,u007,u007_q005,task,task_status,案例阅读还有什么没完成？,proposed_TMT_decay_event_memory,u007_e015|u007_e014,Mixed review and reminder|Mixed planning for today,0.844676|0.838963,u007_e005|u007_e001|u007_e017,0.0,0.0,0.0,0.0,0.0,172,0.0
3,u007,u007_q005,task,task_status,案例阅读还有什么没完成？,recency_only,u007_e014|u007_e015|u007_e016,Mixed planning for today|Mixed review and reminder|Recent irrelevant side matter,1.0|1.0|1.0,u007_e005|u007_e001|u007_e017,0.0,0.0,0.0,0.0,0.0,249,0.0
3,u007,u007_q005,task,task_status,案例阅读还有什么没完成？,similarity_only,u007_e005|u007_e007|u007_e017,案例阅读 status update|申请材料 status update|Semantic similar wrong status,0.12|0.09375|0.089552,u007_e005|u007_e001|u007_e017,0.6666666666666666,0.0,1.0,0.6666666666666666,0.649014791936513,214,0.0
3,u007,u007_q005,task,task_status,案例阅读还有什么没完成？,recency_similarity_hybrid,u007_e018|u007_e014|u007_e015,Urgent wrong domain|Mixed planning for today|Mixed review and reminder,0.488732|0.479333|0.45,u007_e005|u007_e001|u007_e017,0.0,0.0,0.0,0.0,0.0,254,0.0
3,u007,u007_q005,task,task_status,案例阅读还有什么没完成？,proposed_TMT_decay_event_memory,u007_e015|u007_e014|u007_e001,Mixed review and reminder|Mixed planning for today|案例阅读 planning,0.844676|0.838963|0.79227,u007_e005|u007_e001|u007_e017,0.3333333333333333,1.0,0.0,0.3333333333333333,0.2781491965442198,236,0.0
1,u007,u007_q006,task,task_status,模拟法庭的资料收集完成了吗？,recency_only,u007_e014,Mixed planning for today,1.0,u007_e006,0.0,1.0,0.0,0.0,0.0,91,0.0
1,u007,u007_q006,task,task_status,模拟法庭的资料收集完成了吗？,similarity_only,u007_e010,模拟法庭 dependency discussion,0.172414,u007_e006,0.0,1.0,0.0,0.0,0.0,80,0.0
1,u007,u007_q006,task,task_status,模拟法庭的资料收集完成了吗？,recency_similarity_hybrid,u007_e015,Mixed review and reminder,0.481429,u007_e006,0.0,1.0,0.0,0.0,0.0,82,0.0
1,u007,u007_q006,task,task_status,模拟法庭的资料收集完成了吗？,proposed_TMT_decay_event_memory,u007_e015,Mixed review and reminder,0.900847,u007_e006,0.0,1.0,0.0,0.0,0.0,82,0.0
2,u007,u007_q006,task,task_status,模拟法庭的资料收集完成了吗？,recency_only,u007_e014|u007_e015,Mixed planning for today|Mixed review and reminder,1.0|1.0,u007_e006,0.0,1.0,0.0,0.0,0.0,172,0.0
2,u007,u007_q006,task,task_status,模拟法庭的资料收集完成了吗？,similarity_only,u007_e010|u007_e006,模拟法庭 dependency discussion|模拟法庭 status update,0.172414|0.112903,u007_e006,1.0,1.0,0.0,1.0,0.6309297535714574,151,1.0
2,u007,u007_q006,task,task_status,模拟法庭的资料收集完成了吗？,recency_similarity_hybrid,u007_e015|u007_e016,Mixed review and reminder|Recent irrelevant side matter,0.481429|0.465278,u007_e006,0.0,1.0,0.0,0.0,0.0,158,0.0
2,u007,u007_q006,task,task_status,模拟法庭的资料收集完成了吗？,proposed_TMT_decay_event_memory,u007_e015|u007_e014,Mixed review and reminder|Mixed planning for today,0.900847|0.784319,u007_e006,0.0,1.0,0.0,0.0,0.0,172,0.0
3,u007,u007_q006,task,task_status,模拟法庭的资料收集完成了吗？,recency_only,u007_e014|u007_e015|u007_e016,Mixed planning for today|Mixed review and reminder|Recent irrelevant side matter,1.0|1.0|1.0,u007_e006,0.0,1.0,0.0,0.0,0.0,249,0.0
3,u007,u007_q006,task,task_status,模拟法庭的资料收集完成了吗？,similarity_only,u007_e010|u007_e006|u007_e002,模拟法庭 dependency discussion|模拟法庭 status update|模拟法庭 planning,0.172414|0.112903|0.095238,u007_e006,1.0,1.0,0.0,1.0,0.6309297535714574,213,1.0
3,u007,u007_q006,task,task_status,模拟法庭的资料收集完成了吗？,recency_similarity_hybrid,u007_e015|u007_e016|u007_e018,Mixed review and reminder|Recent irrelevant side matter|Urgent wrong domain,0.481429|0.465278|0.464474,u007_e006,0.0,1.0,0.0,0.0,0.0,240,0.0
3,u007,u007_q006,task,task_status,模拟法庭的资料收集完成了吗？,proposed_TMT_decay_event_memory,u007_e015|u007_e014|u007_e007,Mixed review and reminder|Mixed planning for today|申请材料 status update,0.900847|0.784319|0.770356,u007_e006,0.0,1.0,0.0,0.0,0.0,244,0.0
1,u007,u007_q007,task,task_status,申请材料那个过期事项现在应该怎么处理？,recency_only,u007_e014,Mixed planning for today,1.0,u007_e007,0.0,0.0,0.0,0.0,0.0,91,0.0
1,u007,u007_q007,task,task_status,申请材料那个过期事项现在应该怎么处理？,similarity_only,u007_e007,申请材料 status update,0.115942,u007_e007,1.0,1.0,1.0,1.0,1.0,72,1.0
1,u007,u007_q007,task,task_status,申请材料那个过期事项现在应该怎么处理？,recency_similarity_hybrid,u007_e018,Urgent wrong domain,0.500658,u007_e007,0.0,0.0,0.0,0.0,0.0,82,0.0
1,u007,u007_q007,task,task_status,申请材料那个过期事项现在应该怎么处理？,proposed_TMT_decay_event_memory,u007_e015,Mixed review and reminder,0.844676,u007_e007,0.0,0.0,0.0,0.0,0.0,82,0.0
2,u007,u007_q007,task,task_status,申请材料那个过期事项现在应该怎么处理？,recency_only,u007_e014|u007_e015,Mixed planning for today|Mixed review and reminder,1.0|1.0,u007_e007,0.0,0.0,0.0,0.0,0.0,172,0.0
2,u007,u007_q007,task,task_status,申请材料那个过期事项现在应该怎么处理？,similarity_only,u007_e007|u007_e018,申请材料 status update|Urgent wrong domain,0.115942|0.092105,u007_e007,1.0,1.0,1.0,1.0,1.0,154,1.0
2,u007,u007_q007,task,task_status,申请材料那个过期事项现在应该怎么处理？,recency_similarity_hybrid,u007_e018|u007_e015,Urgent wrong domain|Mixed review and reminder,0.500658|0.471711,u007_e007,0.0,0.0,0.0,0.0,0.0,163,0.0
2,u007,u007_q007,task,task_status,申请材料那个过期事项现在应该怎么处理？,proposed_TMT_decay_event_memory,u007_e015|u007_e007,Mixed review and reminder|申请材料 status update,0.844676|0.802637,u007_e007,1.0,1.0,0.0,1.0,0.6309297535714574,153,1.0
3,u007,u007_q007,task,task_status,申请材料那个过期事项现在应该怎么处理？,recency_only,u007_e014|u007_e015|u007_e016,Mixed planning for today|Mixed review and reminder|Recent irrelevant side matter,1.0|1.0|1.0,u007_e007,0.0,0.0,0.0,0.0,0.0,249,0.0
3,u007,u007_q007,task,task_status,申请材料那个过期事项现在应该怎么处理？,similarity_only,u007_e007|u007_e018|u007_e003,申请材料 status update|Urgent wrong domain|申请材料 planning,0.115942|0.092105|0.083333,u007_e007,1.0,1.0,1.0,1.0,1.0,225,1.0
3,u007,u007_q007,task,task_status,申请材料那个过期事项现在应该怎么处理？,recency_similarity_hybrid,u007_e018|u007_e015|u007_e016,Urgent wrong domain|Mixed review and reminder|Recent irrelevant side matter,0.500658|0.471711|0.464286,u007_e007,0.0,0.0,0.0,0.0,0.0,240,0.0
3,u007,u007_q007,task,task_status,申请材料那个过期事项现在应该怎么处理？,proposed_TMT_decay_event_memory,u007_e015|u007_e007|u007_e014,Mixed review and reminder|申请材料 status update|Mixed planning for today,0.844676|0.802637|0.784319,u007_e007,1.0,1.0,0.0,1.0,0.6309297535714574,244,1.0
1,u007,u007_q008,task,task_context,案例阅读为什么现在还不能最终完成？,recency_only,u007_e014,Mixed planning for today,1.0,u007_e009|u007_e005,0.0,0.0,0.0,0.0,0.0,91,0.0
1,u007,u007_q008,task,task_context,案例阅读为什么现在还不能最终完成？,similarity_only,u007_e005,案例阅读 status update,0.109091,u007_e009|u007_e005,0.5,0.0,1.0,0.5,0.46927872602275644,62,0.0
1,u007,u007_q008,task,task_context,案例阅读为什么现在还不能最终完成？,recency_similarity_hybrid,u007_e018,Urgent wrong domain,0.486184,u007_e009|u007_e005,0.0,0.0,0.0,0.0,0.0,82,0.0
1,u007,u007_q008,task,task_context,案例阅读为什么现在还不能最终完成？,proposed_TMT_decay_event_memory,u007_e015,Mixed review and reminder,0.844676,u007_e009|u007_e005,0.0,0.0,0.0,0.0,0.0,82,0.0
2,u007,u007_q008,task,task_context,案例阅读为什么现在还不能最终完成？,recency_only,u007_e014|u007_e015,Mixed planning for today|Mixed review and reminder,1.0|1.0,u007_e009|u007_e005,0.0,0.0,0.0,0.0,0.0,172,0.0
2,u007,u007_q008,task,task_context,案例阅读为什么现在还不能最终完成？,similarity_only,u007_e005|u007_e007,案例阅读 status update|申请材料 status update,0.109091|0.086957,u007_e009|u007_e005,0.5,0.0,1.0,0.5,0.46927872602275644,133,0.0
2,u007,u007_q008,task,task_context,案例阅读为什么现在还不能最终完成？,recency_similarity_hybrid,u007_e018|u007_e014,Urgent wrong domain|Mixed planning for today,0.486184|0.4775,u007_e009|u007_e005,0.0,0.0,0.0,0.0,0.0,173,0.0
2,u007,u007_q008,task,task_context,案例阅读为什么现在还不能最终完成？,proposed_TMT_decay_event_memory,u007_e015|u007_e014,Mixed review and reminder|Mixed planning for today,0.844676|0.828863,u007_e009|u007_e005,0.0,0.0,0.0,0.0,0.0,172,0.0
3,u007,u007_q008,task,task_context,案例阅读为什么现在还不能最终完成？,recency_only,u007_e014|u007_e015|u007_e016,Mixed planning for today|Mixed review and reminder|Recent irrelevant side matter,1.0|1.0|1.0,u007_e009|u007_e005,0.0,0.0,0.0,0.0,0.0,249,0.0
3,u007,u007_q008,task,task_context,案例阅读为什么现在还不能最终完成？,similarity_only,u007_e005|u007_e007|u007_e017,案例阅读 status update|申请材料 status update|Semantic similar wrong status,0.109091|0.086957|0.083333,u007_e009|u007_e005,0.5,0.0,1.0,0.5,0.46927872602275644,214,0.0
3,u007,u007_q008,task,task_context,案例阅读为什么现在还不能最终完成？,recency_similarity_hybrid,u007_e018|u007_e014|u007_e016,Urgent wrong domain|Mixed planning for today|Recent irrelevant side matter,0.486184|0.4775|0.457237,u007_e009|u007_e005,0.0,0.0,0.0,0.0,0.0,250,0.0
3,u007,u007_q008,task,task_context,案例阅读为什么现在还不能最终完成？,proposed_TMT_decay_event_memory,u007_e015|u007_e014|u007_e001,Mixed review and reminder|Mixed planning for today|案例阅读 planning,0.844676|0.828863|0.781483,u007_e009|u007_e005,0.0,0.0,0.0,0.0,0.0,236,0.0
1,u007,u007_q009,task,task_context,导师邮件当前有效计划是什么？,recency_only,u007_e014,Mixed planning for today,1.0,u007_e008|u007_e020,0.0,1.0,0.0,0.0,0.0,91,0.0
1,u007,u007_q009,task,task_context,导师邮件当前有效计划是什么？,similarity_only,u007_e004,导师邮件 planning,0.096774,u007_e008|u007_e020,0.0,1.0,0.0,0.0,0.0,71,0.0
1,u007,u007_q009,task,task_context,导师邮件当前有效计划是什么？,recency_similarity_hybrid,u007_e018,Urgent wrong domain,0.457143,u007_e008|u007_e020,0.0,1.0,0.0,0.0,0.0,82,0.0
1,u007,u007_q009,task,task_context,导师邮件当前有效计划是什么？,proposed_TMT_decay_event_memory,u007_e015,Mixed review and reminder,0.844676,u007_e008|u007_e020,0.0,1.0,0.0,0.0,0.0,82,0.0
2,u007,u007_q009,task,task_context,导师邮件当前有效计划是什么？,recency_only,u007_e014|u007_e015,Mixed planning for today|Mixed review and reminder,1.0|1.0,u007_e008|u007_e020,0.0,1.0,0.0,0.0,0.0,172,0.0
2,u007,u007_q009,task,task_context,导师邮件当前有效计划是什么？,similarity_only,u007_e004|u007_e008,导师邮件 planning|导师邮件 status update,0.096774|0.09375,u007_e008|u007_e020,0.5,1.0,0.0,0.5,0.52129602861432,143,0.0
2,u007,u007_q009,task,task_context,导师邮件当前有效计划是什么？,recency_similarity_hybrid,u007_e018|u007_e014,Urgent wrong domain|Mixed planning for today,0.457143|0.456875,u007_e008|u007_e020,0.0,1.0,0.0,0.0,0.0,173,0.0
2,u007,u007_q009,task,task_context,导师邮件当前有效计划是什么？,proposed_TMT_decay_event_memory,u007_e015|u007_e014,Mixed review and reminder|Mixed planning for today,0.844676|0.784319,u007_e008|u007_e020,0.0,1.0,0.0,0.0,0.0,172,0.0
3,u007,u007_q009,task,task_context,导师邮件当前有效计划是什么？,recency_only,u007_e014|u007_e015|u007_e016,Mixed planning for today|Mixed review and reminder|Recent irrelevant side matter,1.0|1.0|1.0,u007_e008|u007_e020,0.0,1.0,0.0,0.0,0.0,249,0.0
3,u007,u007_q009,task,task_context,导师邮件当前有效计划是什么？,similarity_only,u007_e004|u007_e008|u007_e020,导师邮件 planning|导师邮件 status update|Superseded MU distractor,0.096774|0.09375|0.072464,u007_e008|u007_e020,1.0,1.0,0.0,1.0,0.6590018048024133,225,1.0
3,u007,u007_q009,task,task_context,导师邮件当前有效计划是什么？,recency_similarity_hybrid,u007_e018|u007_e014|u007_e015,Urgent wrong domain|Mixed planning for today|Mixed review and reminder,0.457143|0.456875|0.45,u007_e008|u007_e020,0.0,1.0,0.0,0.0,0.0,254,0.0
3,u007,u007_q009,task,task_context,导师邮件当前有效计划是什么？,proposed_TMT_decay_event_memory,u007_e015|u007_e014|u007_e007,Mixed review and reminder|Mixed planning for today|申请材料 status update,0.844676|0.784319|0.758506,u007_e008|u007_e020,0.0,1.0,0.0,0.0,0.0,244,0.0
1,u007,u007_q010,task,task_dependency,做案例阅读前还缺什么依赖？,recency_only,u007_e014,Mixed planning for today,1.0,u007_e009|u007_e014,0.5,0.0,1.0,0.5,0.46927872602275644,91,0.0
1,u007,u007_q010,task,task_dependency,做案例阅读前还缺什么依赖？,similarity_only,u007_e009,案例阅读 dependency discussion,0.116667,u007_e009|u007_e014,0.5,1.0,1.0,0.5,0.7039180890341347,83,0.0
1,u007,u007_q010,task,task_dependency,做案例阅读前还缺什么依赖？,recency_similarity_hybrid,u007_e018,Urgent wrong domain,0.480137,u007_e009|u007_e014,0.0,0.0,0.0,0.0,0.0,82,0.0
1,u007,u007_q010,task,task_dependency,做案例阅读前还缺什么依赖？,proposed_TMT_decay_event_memory,u007_e015,Mixed review and reminder,0.844676,u007_e009|u007_e014,0.0,0.0,0.0,0.0,0.0,82,0.0
2,u007,u007_q010,task,task_dependency,做案例阅读前还缺什么依赖？,recency_only,u007_e014|u007_e015,Mixed planning for today|Mixed review and reminder,1.0|1.0,u007_e009|u007_e014,0.5,0.0,1.0,0.5,0.46927872602275644,172,0.0
2,u007,u007_q010,task,task_dependency,做案例阅读前还缺什么依赖？,similarity_only,u007_e009|u007_e005,案例阅读 dependency discussion|案例阅读 status update,0.116667|0.075472,u007_e009|u007_e014,0.5,1.0,1.0,0.5,0.7039180890341347,145,0.0
2,u007,u007_q010,task,task_dependency,做案例阅读前还缺什么依赖？,recency_similarity_hybrid,u007_e018|u007_e014,Urgent wrong domain|Mixed planning for today,0.480137|0.478947,u007_e009|u007_e014,0.5,0.0,0.0,0.5,0.2960819109658652,173,0.0
2,u007,u007_q010,task,task_dependency,做案例阅读前还缺什么依赖？,proposed_TMT_decay_event_memory,u007_e015|u007_e014,Mixed review and reminder|Mixed planning for today,0.844676|0.836593,u007_e009|u007_e014,0.5,0.0,0.0,0.5,0.2960819109658652,172,0.0
3,u007,u007_q010,task,task_dependency,做案例阅读前还缺什么依赖？,recency_only,u007_e014|u007_e015|u007_e016,Mixed planning for today|Mixed review and reminder|Recent irrelevant side matter,1.0|1.0|1.0,u007_e009|u007_e014,0.5,0.0,1.0,0.5,0.46927872602275644,249,0.0
3,u007,u007_q010,task,task_dependency,做案例阅读前还缺什么依赖？,similarity_only,u007_e009|u007_e005|u007_e001,案例阅读 dependency discussion|案例阅读 status update|案例阅读 planning,0.116667|0.075472|0.061538,u007_e009|u007_e014,0.5,1.0,1.0,0.5,0.7039180890341347,208,0.0
3,u007,u007_q010,task,task_dependency,做案例阅读前还缺什么依赖？,recency_similarity_hybrid,u007_e018|u007_e014|u007_e015,Urgent wrong domain|Mixed planning for today|Mixed review and reminder,0.480137|0.478947|0.465493,u007_e009|u007_e014,0.5,0.0,0.0,0.5,0.2960819109658652,254,0.0
3,u007,u007_q010,task,task_dependency,做案例阅读前还缺什么依赖？,proposed_TMT_decay_event_memory,u007_e015|u007_e014|u007_e001,Mixed review and reminder|Mixed planning for today|案例阅读 planning,0.844676|0.836593|0.789732,u007_e009|u007_e014,0.5,0.0,0.0,0.5,0.2960819109658652,236,0.0
1,u007,u007_q011,task,task_dependency,模拟法庭卡住的前置条件是什么？,recency_only,u007_e014,Mixed planning for today,1.0,u007_e010|u007_e006|u007_e015,0.0,1.0,0.0,0.0,0.0,91,0.0
1,u007,u007_q011,task,task_dependency,模拟法庭卡住的前置条件是什么？,similarity_only,u007_e010,模拟法庭 dependency discussion,0.078125,u007_e010|u007_e006|u007_e015,0.3333333333333333,1.0,1.0,0.3333333333333333,0.5090967735771897,80,0.0
1,u007,u007_q011,task,task_dependency,模拟法庭卡住的前置条件是什么？,recency_similarity_hybrid,u007_e015,Mixed review and reminder,0.480986,u007_e010|u007_e006|u007_e015,0.3333333333333333,1.0,1.0,0.3333333333333333,0.3393978490514598,82,0.0
1,u007,u007_q011,task,task_dependency,模拟法庭卡住的前置条件是什么？,proposed_TMT_decay_event_memory,u007_e015,Mixed review and reminder,0.898266,u007_e010|u007_e006|u007_e015,0.3333333333333333,1.0,1.0,0.3333333333333333,0.3393978490514598,82,0.0
2,u007,u007_q011,task,task_dependency,模拟法庭卡住的前置条件是什么？,recency_only,u007_e014|u007_e015,Mixed planning for today|Mixed review and reminder,1.0|1.0,u007_e010|u007_e006|u007_e015,0.3333333333333333,1.0,0.0,0.3333333333333333,0.21413620126472027,172,0.0
2,u007,u007_q011,task,task_dependency,模拟法庭卡住的前置条件是什么？,similarity_only,u007_e010|u007_e002,模拟法庭 dependency discussion|模拟法庭 planning,0.078125|0.076923,u007_e010|u007_e006|u007_e015,0.3333333333333333,1.0,1.0,0.3333333333333333,0.5090967735771897,141,0.0
2,u007,u007_q011,task,task_dependency,模拟法庭卡住的前置条件是什么？,recency_similarity_hybrid,u007_e015|u007_e016,Mixed review and reminder|Recent irrelevant side matter,0.480986|0.457432,u007_e010|u007_e006|u007_e015,0.3333333333333333,1.0,1.0,0.3333333333333333,0.3393978490514598,158,0.0
2,u007,u007_q011,task,task_dependency,模拟法庭卡住的前置条件是什么？,proposed_TMT_decay_event_memory,u007_e015|u007_e014,Mixed review and reminder|Mixed planning for today,0.898266|0.784319,u007_e010|u007_e006|u007_e015,0.3333333333333333,1.0,1.0,0.3333333333333333,0.3393978490514598,172,0.0
3,u007,u007_q011,task,task_dependency,模拟法庭卡住的前置条件是什么？,recency_only,u007_e014|u007_e015|u007_e016,Mixed planning for today|Mixed review and reminder|Recent irrelevant side matter,1.0|1.0|1.0,u007_e010|u007_e006|u007_e015,0.3333333333333333,1.0,0.0,0.3333333333333333,0.21413620126472027,249,0.0
3,u007,u007_q011,task,task_dependency,模拟法庭卡住的前置条件是什么？,similarity_only,u007_e010|u007_e002|u007_e006,模拟法庭 dependency discussion|模拟法庭 planning|模拟法庭 status update,0.078125|0.076923|0.060606,u007_e010|u007_e006|u007_e015,0.6666666666666666,1.0,1.0,0.6666666666666666,0.7636451603657846,213,0.0
3,u007,u007_q011,task,task_dependency,模拟法庭卡住的前置条件是什么？,recency_similarity_hybrid,u007_e015|u007_e016|u007_e018,Mixed review and reminder|Recent irrelevant side matter|Urgent wrong domain,0.480986|0.457432|0.457051,u007_e010|u007_e006|u007_e015,0.3333333333333333,1.0,1.0,0.3333333333333333,0.3393978490514598,240,0.0
3,u007,u007_q011,task,task_dependency,模拟法庭卡住的前置条件是什么？,proposed_TMT_decay_event_memory,u007_e015|u007_e014|u007_e007,Mixed review and reminder|Mixed planning for today|申请材料 status update,0.898266|0.784319|0.758506,u007_e010|u007_e006|u007_e015,0.3333333333333333,1.0,1.0,0.3333333333333333,0.3393978490514598,244,0.0
1,u007,u007_q012,chat,chat_preference,我做计划时有什么稳定偏好？,recency_only,u007_e014,Mixed planning for today,1.0,u007_e011|u007_e019,0.0,,0.0,0.0,0.0,91,0.0
1,u007,u007_q012,chat,chat_preference,我做计划时有什么稳定偏好？,similarity_only,u007_e019,Old but stable preference,0.092308,u007_e011|u007_e019,0.5,,1.0,0.5,0.6131471927654584,85,0.0
1,u007,u007_q012,chat,chat_preference,我做计划时有什么稳定偏好？,recency_similarity_hybrid,u007_e014,Mixed planning for today,0.478947,u007_e011|u007_e019,0.0,,0.0,0.0,0.0,91,0.0
1,u007,u007_q012,chat,chat_preference,我做计划时有什么稳定偏好？,proposed_TMT_decay_event_memory,u007_e014,Mixed planning for today,0.891388,u007_e011|u007_e019,0.0,,0.0,0.0,0.0,91,0.0
2,u007,u007_q012,chat,chat_preference,我做计划时有什么稳定偏好？,recency_only,u007_e014|u007_e015,Mixed planning for today|Mixed review and reminder,1.0|1.0,u007_e011|u007_e019,0.0,,0.0,0.0,0.0,172,0.0
2,u007,u007_q012,chat,chat_preference,我做计划时有什么稳定偏好？,similarity_only,u007_e019|u007_e014,Old but stable preference|Mixed planning for today,0.092308|0.052632,u007_e011|u007_e019,0.5,,1.0,0.5,0.6131471927654584,176,0.0
2,u007,u007_q012,chat,chat_preference,我做计划时有什么稳定偏好？,recency_similarity_hybrid,u007_e014|u007_e015,Mixed planning for today|Mixed review and reminder,0.478947|0.473571,u007_e011|u007_e019,0.0,,0.0,0.0,0.0,172,0.0
2,u007,u007_q012,chat,chat_preference,我做计划时有什么稳定偏好？,proposed_TMT_decay_event_memory,u007_e014|u007_e015,Mixed planning for today|Mixed review and reminder,0.891388|0.849317,u007_e011|u007_e019,0.0,,0.0,0.0,0.0,172,0.0
3,u007,u007_q012,chat,chat_preference,我做计划时有什么稳定偏好？,recency_only,u007_e014|u007_e015|u007_e016,Mixed planning for today|Mixed review and reminder|Recent irrelevant side matter,1.0|1.0|1.0,u007_e011|u007_e019,0.0,,0.0,0.0,0.0,249,0.0
3,u007,u007_q012,chat,chat_preference,我做计划时有什么稳定偏好？,similarity_only,u007_e019|u007_e014|u007_e011,Old but stable preference|Mixed planning for today|Stable preference and profile,0.092308|0.052632|0.05,u007_e011|u007_e019,1.0,,1.0,1.0,0.9197207891481876,240,1.0
3,u007,u007_q012,chat,chat_preference,我做计划时有什么稳定偏好？,recency_similarity_hybrid,u007_e014|u007_e015|u007_e016,Mixed planning for today|Mixed review and reminder|Recent irrelevant side matter,0.478947|0.473571|0.457639,u007_e011|u007_e019,0.0,,0.0,0.0,0.0,249,0.0
3,u007,u007_q012,chat,chat_preference,我做计划时有什么稳定偏好？,proposed_TMT_decay_event_memory,u007_e014|u007_e015|u007_e010,Mixed planning for today|Mixed review and reminder|模拟法庭 dependency discussion,0.891388|0.849317|0.825251,u007_e011|u007_e019,0.0,,0.0,0.0,0.0,252,0.0
1,u007,u007_q013,chat,chat_preference,关于深度工作时间，我现在应该遵循哪个偏好？,recency_only,u007_e014,Mixed planning for today,1.0,u007_e013|u007_e012,0.0,,0.0,0.0,0.0,91,0.0
1,u007,u007_q013,chat,chat_preference,关于深度工作时间，我现在应该遵循哪个偏好？,similarity_only,u007_e013,Updated preference record,0.072464,u007_e013|u007_e012,0.5,,1.0,0.5,0.8262346571285599,71,0.0
1,u007,u007_q013,chat,chat_preference,关于深度工作时间，我现在应该遵循哪个偏好？,recency_similarity_hybrid,u007_e014,Mixed planning for today,0.483537,u007_e013|u007_e012,0.0,,0.0,0.0,0.0,91,0.0
1,u007,u007_q013,chat,chat_preference,关于深度工作时间，我现在应该遵循哪个偏好？,proposed_TMT_decay_event_memory,u007_e014,Mixed planning for today,0.891388,u007_e013|u007_e012,0.0,,0.0,0.0,0.0,91,0.0
2,u007,u007_q013,chat,chat_preference,关于深度工作时间，我现在应该遵循哪个偏好？,recency_only,u007_e014|u007_e015,Mixed planning for today|Mixed review and reminder,1.0|1.0,u007_e013|u007_e012,0.0,,0.0,0.0,0.0,172,0.0
2,u007,u007_q013,chat,chat_preference,关于深度工作时间，我现在应该遵循哪个偏好？,similarity_only,u007_e013|u007_e019,Updated preference record|Old but stable preference,0.072464|0.068493,u007_e013|u007_e012,0.5,,1.0,0.5,0.8262346571285599,156,0.0
2,u007,u007_q013,chat,chat_preference,关于深度工作时间，我现在应该遵循哪个偏好？,recency_similarity_hybrid,u007_e014|u007_e016,Mixed planning for today|Recent irrelevant side matter,0.483537|0.478947,u007_e013|u007_e012,0.0,,0.0,0.0,0.0,168,0.0
2,u007,u007_q013,chat,chat_preference,关于深度工作时间，我现在应该遵循哪个偏好？,proposed_TMT_decay_event_memory,u007_e014|u007_e015,Mixed planning for today|Mixed review and reminder,0.891388|0.849317,u007_e013|u007_e012,0.0,,0.0,0.0,0.0,172,0.0
3,u007,u007_q013,chat,chat_preference,关于深度工作时间，我现在应该遵循哪个偏好？,recency_only,u007_e014|u007_e015|u007_e016,Mixed planning for today|Mixed review and reminder|Recent irrelevant side matter,1.0|1.0|1.0,u007_e013|u007_e012,0.0,,0.0,0.0,0.0,249,0.0
3,u007,u007_q013,chat,chat_preference,关于深度工作时间，我现在应该遵循哪个偏好？,similarity_only,u007_e013|u007_e019|u007_e014,Updated preference record|Old but stable preference|Mixed planning for today,0.072464|0.068493|0.060976,u007_e013|u007_e012,0.5,,1.0,0.5,0.8262346571285599,247,0.0
3,u007,u007_q013,chat,chat_preference,关于深度工作时间，我现在应该遵循哪个偏好？,recency_similarity_hybrid,u007_e014|u007_e016|u007_e015,Mixed planning for today|Recent irrelevant side matter|Mixed review and reminder,0.483537|0.478947|0.471429,u007_e013|u007_e012,0.0,,0.0,0.0,0.0,249,0.0
3,u007,u007_q013,chat,chat_preference,关于深度工作时间，我现在应该遵循哪个偏好？,proposed_TMT_decay_event_memory,u007_e014|u007_e015|u007_e010,Mixed planning for today|Mixed review and reminder|模拟法庭 dependency discussion,0.891388|0.849317|0.825251,u007_e013|u007_e012,0.0,,0.0,0.0,0.0,252,0.0
1,u007,u007_q014,chat,chat_profile,我的背景和主要任务场景是什么？,recency_only,u007_e014,Mixed planning for today,1.0,u007_e011|u007_e001,0.0,,0.0,0.0,0.0,91,0.0
1,u007,u007_q014,chat,chat_profile,我的背景和主要任务场景是什么？,similarity_only,u007_e016,Recent irrelevant side matter,0.072464,u007_e011|u007_e001,0.0,,0.0,0.0,0.0,77,0.0
1,u007,u007_q014,chat,chat_profile,我的背景和主要任务场景是什么？,recency_similarity_hybrid,u007_e016,Recent irrelevant side matter,0.489855,u007_e011|u007_e001,0.0,,0.0,0.0,0.0,77,0.0
1,u007,u007_q014,chat,chat_profile,我的背景和主要任务场景是什么？,proposed_TMT_decay_event_memory,u007_e014,Mixed planning for today,0.891388,u007_e011|u007_e001,0.0,,0.0,0.0,0.0,91,0.0
2,u007,u007_q014,chat,chat_profile,我的背景和主要任务场景是什么？,recency_only,u007_e014|u007_e015,Mixed planning for today|Mixed review and reminder,1.0|1.0,u007_e011|u007_e001,0.0,,0.0,0.0,0.0,172,0.0
2,u007,u007_q014,chat,chat_profile,我的背景和主要任务场景是什么？,similarity_only,u007_e016|u007_e002,Recent irrelevant side matter|模拟法庭 planning,0.072464|0.061538,u007_e011|u007_e001,0.0,,0.0,0.0,0.0,139,0.0
2,u007,u007_q014,chat,chat_profile,我的背景和主要任务场景是什么？,recency_similarity_hybrid,u007_e016|u007_e015,Recent irrelevant side matter|Mixed review and reminder,0.489855|0.481429,u007_e011|u007_e001,0.0,,0.0,0.0,0.0,158,0.0
2,u007,u007_q014,chat,chat_profile,我的背景和主要任务场景是什么？,proposed_TMT_decay_event_memory,u007_e014|u007_e015,Mixed planning for today|Mixed review and reminder,0.891388|0.849317,u007_e011|u007_e001,0.0,,0.0,0.0,0.0,172,0.0
3,u007,u007_q014,chat,chat_profile,我的背景和主要任务场景是什么？,recency_only,u007_e014|u007_e015|u007_e016,Mixed planning for today|Mixed review and reminder|Recent irrelevant side matter,1.0|1.0|1.0,u007_e011|u007_e001,0.0,,0.0,0.0,0.0,249,0.0
3,u007,u007_q014,chat,chat_profile,我的背景和主要任务场景是什么？,similarity_only,u007_e016|u007_e002|u007_e015,Recent irrelevant side matter|模拟法庭 planning|Mixed review and reminder,0.072464|0.061538|0.057143,u007_e011|u007_e001,0.0,,0.0,0.0,0.0,220,0.0
3,u007,u007_q014,chat,chat_profile,我的背景和主要任务场景是什么？,recency_similarity_hybrid,u007_e016|u007_e015|u007_e018,Recent irrelevant side matter|Mixed review and reminder|Urgent wrong domain,0.489855|0.481429|0.457143,u007_e011|u007_e001,0.0,,0.0,0.0,0.0,240,0.0
3,u007,u007_q014,chat,chat_profile,我的背景和主要任务场景是什么？,proposed_TMT_decay_event_memory,u007_e014|u007_e015|u007_e010,Mixed planning for today|Mixed review and reminder|模拟法庭 dependency discussion,0.891388|0.849317|0.825251,u007_e011|u007_e001,0.0,,0.0,0.0,0.0,252,0.0
1,u007,u007_q015,chat,chat_history,之前我提过哪些和提醒方式有关的要求？,recency_only,u007_e014,Mixed planning for today,1.0,u007_e011|u007_e015,0.0,,0.0,0.0,0.0,91,0.0
1,u007,u007_q015,chat,chat_history,之前我提过哪些和提醒方式有关的要求？,similarity_only,u007_e015,Mixed review and reminder,0.069444,u007_e011|u007_e015,0.5,,1.0,0.5,0.6131471927654584,82,0.0
1,u007,u007_q015,chat,chat_history,之前我提过哪些和提醒方式有关的要求？,recency_similarity_hybrid,u007_e015,Mixed review and reminder,0.488194,u007_e011|u007_e015,0.5,,1.0,0.5,0.6131471927654584,82,0.0
1,u007,u007_q015,chat,chat_history,之前我提过哪些和提醒方式有关的要求？,proposed_TMT_decay_event_memory,u007_e014,Mixed planning for today,0.891388,u007_e011|u007_e015,0.0,,0.0,0.0,0.0,91,0.0
2,u007,u007_q015,chat,chat_history,之前我提过哪些和提醒方式有关的要求？,recency_only,u007_e014|u007_e015,Mixed planning for today|Mixed review and reminder,1.0|1.0,u007_e011|u007_e015,0.5,,0.0,0.5,0.3868528072345416,172,0.0
2,u007,u007_q015,chat,chat_history,之前我提过哪些和提醒方式有关的要求？,similarity_only,u007_e015|u007_e009,Mixed review and reminder|案例阅读 dependency discussion,0.069444|0.044118,u007_e011|u007_e015,0.5,,1.0,0.5,0.6131471927654584,165,0.0
2,u007,u007_q015,chat,chat_history,之前我提过哪些和提醒方式有关的要求？,recency_similarity_hybrid,u007_e015|u007_e016,Mixed review and reminder|Recent irrelevant side matter,0.488194|0.472297,u007_e011|u007_e015,0.5,,1.0,0.5,0.6131471927654584,158,0.0
2,u007,u007_q015,chat,chat_history,之前我提过哪些和提醒方式有关的要求？,proposed_TMT_decay_event_memory,u007_e014|u007_e015,Mixed planning for today|Mixed review and reminder,0.891388|0.849317,u007_e011|u007_e015,0.5,,0.0,0.5,0.3868528072345416,172,0.0
3,u007,u007_q015,chat,chat_history,之前我提过哪些和提醒方式有关的要求？,recency_only,u007_e014|u007_e015|u007_e016,Mixed planning for today|Mixed review and reminder|Recent irrelevant side matter,1.0|1.0|1.0,u007_e011|u007_e015,0.5,,0.0,0.5,0.3868528072345416,249,0.0
3,u007,u007_q015,chat,chat_history,之前我提过哪些和提醒方式有关的要求？,similarity_only,u007_e015|u007_e009|u007_e001,Mixed review and reminder|案例阅读 dependency discussion|案例阅读 planning,0.069444|0.044118|0.042857,u007_e011|u007_e015,0.5,,1.0,0.5,0.6131471927654584,228,0.0
3,u007,u007_q015,chat,chat_history,之前我提过哪些和提醒方式有关的要求？,recency_similarity_hybrid,u007_e015|u007_e016|u007_e018,Mixed review and reminder|Recent irrelevant side matter|Urgent wrong domain,0.488194|0.472297|0.463924,u007_e011|u007_e015,0.5,,1.0,0.5,0.6131471927654584,240,0.0
3,u007,u007_q015,chat,chat_history,之前我提过哪些和提醒方式有关的要求？,proposed_TMT_decay_event_memory,u007_e014|u007_e015|u007_e010,Mixed planning for today|Mixed review and reminder|模拟法庭 dependency discussion,0.891388|0.849317|0.825251,u007_e011|u007_e015,0.5,,0.0,0.5,0.3868528072345416,252,0.0
1,u007,u007_q016,chat,mixed,帮我安排今天上午，结合任务优先级和个人偏好。,recency_only,u007_e014,Mixed planning for today,1.0,u007_e014|u007_e013|u007_e001,0.3333333333333333,,1.0,0.3333333333333333,0.5090967735771897,91,0.0
1,u007,u007_q016,chat,mixed,帮我安排今天上午，结合任务优先级和个人偏好。,similarity_only,u007_e014,Mixed planning for today,0.142857,u007_e014|u007_e013|u007_e001,0.3333333333333333,,1.0,0.3333333333333333,0.5090967735771897,91,0.0
1,u007,u007_q016,chat,mixed,帮我安排今天上午，结合任务优先级和个人偏好。,recency_similarity_hybrid,u007_e014,Mixed planning for today,0.528571,u007_e014|u007_e013|u007_e001,0.3333333333333333,,1.0,0.3333333333333333,0.5090967735771897,91,0.0
1,u007,u007_q016,chat,mixed,帮我安排今天上午，结合任务优先级和个人偏好。,proposed_TMT_decay_event_memory,u007_e014,Mixed planning for today,0.891388,u007_e014|u007_e013|u007_e001,0.3333333333333333,,1.0,0.3333333333333333,0.5090967735771897,91,0.0
2,u007,u007_q016,chat,mixed,帮我安排今天上午，结合任务优先级和个人偏好。,recency_only,u007_e014|u007_e015,Mixed planning for today|Mixed review and reminder,1.0|1.0,u007_e014|u007_e013|u007_e001,0.3333333333333333,,1.0,0.3333333333333333,0.5090967735771897,172,0.0
2,u007,u007_q016,chat,mixed,帮我安排今天上午，结合任务优先级和个人偏好。,similarity_only,u007_e014|u007_e013,Mixed planning for today|Updated preference record,0.142857|0.071429,u007_e014|u007_e013|u007_e001,0.6666666666666666,,1.0,0.6666666666666666,0.8303010754742701,162,0.0
2,u007,u007_q016,chat,mixed,帮我安排今天上午，结合任务优先级和个人偏好。,recency_similarity_hybrid,u007_e014|u007_e015,Mixed planning for today|Mixed review and reminder,0.528571|0.486184,u007_e014|u007_e013|u007_e001,0.3333333333333333,,1.0,0.3333333333333333,0.5090967735771897,172,0.0
2,u007,u007_q016,chat,mixed,帮我安排今天上午，结合任务优先级和个人偏好。,proposed_TMT_decay_event_memory,u007_e014|u007_e015,Mixed planning for today|Mixed review and reminder,0.891388|0.849317,u007_e014|u007_e013|u007_e001,0.3333333333333333,,1.0,0.3333333333333333,0.5090967735771897,172,0.0
3,u007,u007_q016,chat,mixed,帮我安排今天上午，结合任务优先级和个人偏好。,recency_only,u007_e014|u007_e015|u007_e016,Mixed planning for today|Mixed review and reminder|Recent irrelevant side matter,1.0|1.0|1.0,u007_e014|u007_e013|u007_e001,0.3333333333333333,,1.0,0.3333333333333333,0.5090967735771897,249,0.0
3,u007,u007_q016,chat,mixed,帮我安排今天上午，结合任务优先级和个人偏好。,similarity_only,u007_e014|u007_e013|u007_e015,Mixed planning for today|Updated preference record|Mixed review and reminder,0.142857|0.071429|0.065789,u007_e014|u007_e013|u007_e001,0.6666666666666666,,1.0,0.6666666666666666,0.8303010754742701,243,0.0
3,u007,u007_q016,chat,mixed,帮我安排今天上午，结合任务优先级和个人偏好。,recency_similarity_hybrid,u007_e014|u007_e015|u007_e016,Mixed planning for today|Mixed review and reminder|Recent irrelevant side matter,0.528571|0.486184|0.471154,u007_e014|u007_e013|u007_e001,0.3333333333333333,,1.0,0.3333333333333333,0.5090967735771897,249,0.0
3,u007,u007_q016,chat,mixed,帮我安排今天上午，结合任务优先级和个人偏好。,proposed_TMT_decay_event_memory,u007_e014|u007_e015|u007_e010,Mixed planning for today|Mixed review and reminder|模拟法庭 dependency discussion,0.891388|0.849317|0.825251,u007_e014|u007_e013|u007_e001,0.3333333333333333,,1.0,0.3333333333333333,0.5090967735771897,252,0.0
1,u007,u007_q017,chat,mixed,帮我写一个关于模拟法庭的提醒，要体现依赖关系。,recency_only,u007_e014,Mixed planning for today,1.0,u007_e015|u007_e010,0.0,,0.0,0.0,0.0,91,0.0
1,u007,u007_q017,chat,mixed,帮我写一个关于模拟法庭的提醒，要体现依赖关系。,similarity_only,u007_e015,Mixed review and reminder,0.125,u007_e015|u007_e010,0.5,,1.0,0.5,0.6131471927654584,82,0.0
1,u007,u007_q017,chat,mixed,帮我写一个关于模拟法庭的提醒，要体现依赖关系。,recency_similarity_hybrid,u007_e015,Mixed review and reminder,0.51875,u007_e015|u007_e010,0.5,,1.0,0.5,0.6131471927654584,82,0.0
1,u007,u007_q017,chat,mixed,帮我写一个关于模拟法庭的提醒，要体现依赖关系。,proposed_TMT_decay_event_memory,u007_e014,Mixed planning for today,0.891388,u007_e015|u007_e010,0.0,,0.0,0.0,0.0,91,0.0
2,u007,u007_q017,chat,mixed,帮我写一个关于模拟法庭的提醒，要体现依赖关系。,recency_only,u007_e014|u007_e015,Mixed planning for today|Mixed review and reminder,1.0|1.0,u007_e015|u007_e010,0.5,,0.0,0.5,0.3868528072345416,172,0.0
2,u007,u007_q017,chat,mixed,帮我写一个关于模拟法庭的提醒，要体现依赖关系。,similarity_only,u007_e015|u007_e002,Mixed review and reminder|模拟法庭 planning,0.125|0.117647,u007_e015|u007_e010,0.5,,1.0,0.5,0.6131471927654584,143,0.0
2,u007,u007_q017,chat,mixed,帮我写一个关于模拟法庭的提醒，要体现依赖关系。,recency_similarity_hybrid,u007_e015|u007_e016,Mixed review and reminder|Recent irrelevant side matter,0.51875|0.486184,u007_e015|u007_e010,0.5,,1.0,0.5,0.6131471927654584,158,0.0
2,u007,u007_q017,chat,mixed,帮我写一个关于模拟法庭的提醒，要体现依赖关系。,proposed_TMT_decay_event_memory,u007_e014|u007_e015,Mixed planning for today|Mixed review and reminder,0.891388|0.883857,u007_e015|u007_e010,0.5,,0.0,0.5,0.3868528072345416,172,0.0
3,u007,u007_q017,chat,mixed,帮我写一个关于模拟法庭的提醒，要体现依赖关系。,recency_only,u007_e014|u007_e015|u007_e016,Mixed planning for today|Mixed review and reminder|Recent irrelevant side matter,1.0|1.0|1.0,u007_e015|u007_e010,0.5,,0.0,0.5,0.3868528072345416,249,0.0
3,u007,u007_q017,chat,mixed,帮我写一个关于模拟法庭的提醒，要体现依赖关系。,similarity_only,u007_e015|u007_e002|u007_e010,Mixed review and reminder|模拟法庭 planning|模拟法庭 dependency discussion,0.125|0.117647|0.102941,u007_e015|u007_e010,1.0,,1.0,1.0,0.9197207891481876,223,1.0
3,u007,u007_q017,chat,mixed,帮我写一个关于模拟法庭的提醒，要体现依赖关系。,recency_similarity_hybrid,u007_e015|u007_e016|u007_e018,Mixed review and reminder|Recent irrelevant side matter|Urgent wrong domain,0.51875|0.486184|0.47716,u007_e015|u007_e010,0.5,,1.0,0.5,0.6131471927654584,240,0.0
3,u007,u007_q017,chat,mixed,帮我写一个关于模拟法庭的提醒，要体现依赖关系。,proposed_TMT_decay_event_memory,u007_e014|u007_e015|u007_e010,Mixed planning for today|Mixed review and reminder|模拟法庭 dependency discussion,0.891388|0.883857|0.876227,u007_e015|u007_e010,1.0,,0.0,1.0,0.6934264036172708,252,1.0
1,u007,u007_q018,task,task_priority,我还有什么低优先级但今天可能会干扰我的事？,recency_only,u007_e014,Mixed planning for today,1.0,u007_e018|u007_e003|u007_e016,0.0,0.0,0.0,0.0,0.0,91,0.0
1,u007,u007_q018,task,task_priority,我还有什么低优先级但今天可能会干扰我的事？,similarity_only,u007_e012,Old preference record,0.053333,u007_e018|u007_e003|u007_e016,0.0,0.0,0.0,0.0,0.0,72,0.0
1,u007,u007_q018,task,task_priority,我还有什么低优先级但今天可能会干扰我的事？,recency_similarity_hybrid,u007_e018,Urgent wrong domain,0.4775,u007_e018|u007_e003|u007_e016,0.3333333333333333,0.5,1.0,0.3333333333333333,0.6300059872618923,82,0.0
1,u007,u007_q018,task,task_priority,我还有什么低优先级但今天可能会干扰我的事？,proposed_TMT_decay_event_memory,u007_e015,Mixed review and reminder,0.844676,u007_e018|u007_e003|u007_e016,0.0,0.0,0.0,0.0,0.0,82,0.0
2,u007,u007_q018,task,task_priority,我还有什么低优先级但今天可能会干扰我的事？,recency_only,u007_e014|u007_e015,Mixed planning for today|Mixed review and reminder,1.0|1.0,u007_e018|u007_e003|u007_e016,0.0,0.0,0.0,0.0,0.0,172,0.0
2,u007,u007_q018,task,task_priority,我还有什么低优先级但今天可能会干扰我的事？,similarity_only,u007_e012|u007_e018,Old preference record|Urgent wrong domain,0.053333|0.05,u007_e018|u007_e003|u007_e016,0.3333333333333333,0.5,0.0,0.3333333333333333,0.39748952229168844,154,0.0
2,u007,u007_q018,task,task_priority,我还有什么低优先级但今天可能会干扰我的事？,recency_similarity_hybrid,u007_e018|u007_e016,Urgent wrong domain|Recent irrelevant side matter,0.4775|0.471429,u007_e018|u007_e003|u007_e016,0.6666666666666666,0.5,1.0,0.6666666666666666,0.7625024946924551,159,0.0
2,u007,u007_q018,task,task_priority,我还有什么低优先级但今天可能会干扰我的事？,proposed_TMT_decay_event_memory,u007_e015|u007_e014,Mixed review and reminder|Mixed planning for today,0.844676|0.784319,u007_e018|u007_e003|u007_e016,0.0,0.0,0.0,0.0,0.0,172,0.0
3,u007,u007_q018,task,task_priority,我还有什么低优先级但今天可能会干扰我的事？,recency_only,u007_e014|u007_e015|u007_e016,Mixed planning for today|Mixed review and reminder|Recent irrelevant side matter,1.0|1.0|1.0,u007_e018|u007_e003|u007_e016,0.3333333333333333,0.0,0.0,0.3333333333333333,0.10500099787698204,249,0.0
3,u007,u007_q018,task,task_priority,我还有什么低优先级但今天可能会干扰我的事？,similarity_only,u007_e012|u007_e018|u007_e001,Old preference record|Urgent wrong domain|案例阅读 planning,0.053333|0.05|0.041096,u007_e018|u007_e003|u007_e016,0.3333333333333333,0.5,0.0,0.3333333333333333,0.39748952229168844,217,0.0
3,u007,u007_q018,task,task_priority,我还有什么低优先级但今天可能会干扰我的事？,recency_similarity_hybrid,u007_e018|u007_e016|u007_e014,Urgent wrong domain|Recent irrelevant side matter|Mixed planning for today,0.4775|0.471429|0.462941,u007_e018|u007_e003|u007_e016,0.6666666666666666,0.5,1.0,0.6666666666666666,0.7625024946924551,250,0.0
3,u007,u007_q018,task,task_priority,我还有什么低优先级但今天可能会干扰我的事？,proposed_TMT_decay_event_memory,u007_e015|u007_e014|u007_e007,Mixed review and reminder|Mixed planning for today|申请材料 status update,0.844676|0.784319|0.758506,u007_e018|u007_e003|u007_e016,0.0,0.0,0.0,0.0,0.0,244,0.0
1,u007,u007_q019,task,task_status,那个类似案例阅读的旧任务还需要今天做吗？,recency_only,u007_e014,Mixed planning for today,1.0,u007_e017|u007_e001,0.0,0.0,0.0,0.0,0.0,91,0.0
1,u007,u007_q019,task,task_status,那个类似案例阅读的旧任务还需要今天做吗？,similarity_only,u007_e017,Semantic similar wrong status,0.140845,u007_e017|u007_e001,0.5,0.0,1.0,0.5,0.7039180890341347,82,0.0
1,u007,u007_q019,task,task_status,那个类似案例阅读的旧任务还需要今天做吗？,recency_similarity_hybrid,u007_e014,Mixed planning for today,0.498125,u007_e017|u007_e001,0.0,0.0,0.0,0.0,0.0,91,0.0
1,u007,u007_q019,task,task_status,那个类似案例阅读的旧任务还需要今天做吗？,proposed_TMT_decay_event_memory,u007_e015,Mixed review and reminder,0.844676,u007_e017|u007_e001,0.0,0.0,0.0,0.0,0.0,82,0.0
2,u007,u007_q019,task,task_status,那个类似案例阅读的旧任务还需要今天做吗？,recency_only,u007_e014|u007_e015,Mixed planning for today|Mixed review and reminder,1.0|1.0,u007_e017|u007_e001,0.0,0.0,0.0,0.0,0.0,172,0.0
2,u007,u007_q019,task,task_status,那个类似案例阅读的旧任务还需要今天做吗？,similarity_only,u007_e017|u007_e005,Semantic similar wrong status|案例阅读 status update,0.140845|0.122807,u007_e017|u007_e001,0.5,0.0,1.0,0.5,0.7039180890341347,143,0.0
2,u007,u007_q019,task,task_status,那个类似案例阅读的旧任务还需要今天做吗？,recency_similarity_hybrid,u007_e014|u007_e018,Mixed planning for today|Urgent wrong domain,0.498125|0.492308,u007_e017|u007_e001,0.0,0.0,0.0,0.0,0.0,173,0.0
2,u007,u007_q019,task,task_status,那个类似案例阅读的旧任务还需要今天做吗？,proposed_TMT_decay_event_memory,u007_e015|u007_e014,Mixed review and reminder|Mixed planning for today,0.844676|0.824415,u007_e017|u007_e001,0.0,0.0,0.0,0.0,0.0,172,0.0
3,u007,u007_q019,task,task_status,那个类似案例阅读的旧任务还需要今天做吗？,recency_only,u007_e014|u007_e015|u007_e016,Mixed planning for today|Mixed review and reminder|Recent irrelevant side matter,1.0|1.0|1.0,u007_e017|u007_e001,0.0,0.0,0.0,0.0,0.0,249,0.0
3,u007,u007_q019,task,task_status,那个类似案例阅读的旧任务还需要今天做吗？,similarity_only,u007_e017|u007_e005|u007_e014,Semantic similar wrong status|案例阅读 status update|Mixed planning for today,0.140845|0.122807|0.0875,u007_e017|u007_e001,0.5,0.0,1.0,0.5,0.7039180890341347,234,0.0
3,u007,u007_q019,task,task_status,那个类似案例阅读的旧任务还需要今天做吗？,recency_similarity_hybrid,u007_e014|u007_e018|u007_e016,Mixed planning for today|Urgent wrong domain|Recent irrelevant side matter,0.498125|0.492308|0.486667,u007_e017|u007_e001,0.0,0.0,0.0,0.0,0.0,250,0.0
3,u007,u007_q019,task,task_status,那个类似案例阅读的旧任务还需要今天做吗？,proposed_TMT_decay_event_memory,u007_e015|u007_e014|u007_e001,Mixed review and reminder|Mixed planning for today|案例阅读 planning,0.844676|0.824415|0.776754,u007_e017|u007_e001,0.5,1.0,0.0,0.5,0.23463936301137822,236,0.0
1,u007,u007_q020,chat,negative,我有没有提过要学习法语考试？,recency_only,u007_e014,Mixed planning for today,1.0,,1.0,,0.0,1.0,1.0,91,1.0
1,u007,u007_q020,chat,negative,我有没有提过要学习法语考试？,similarity_only,u007_e015,Mixed review and reminder,0.057971,,1.0,,0.0,1.0,1.0,82,1.0
1,u007,u007_q020,chat,negative,我有没有提过要学习法语考试？,recency_similarity_hybrid,u007_e015,Mixed review and reminder,0.481884,,1.0,,0.0,1.0,1.0,82,1.0
1,u007,u007_q020,chat,negative,我有没有提过要学习法语考试？,proposed_TMT_decay_event_memory,u007_e014,Mixed planning for today,0.891388,,1.0,,0.0,1.0,1.0,91,1.0
2,u007,u007_q020,chat,negative,我有没有提过要学习法语考试？,recency_only,u007_e014|u007_e015,Mixed planning for today|Mixed review and reminder,1.0|1.0,,1.0,,0.0,1.0,1.0,172,1.0
2,u007,u007_q020,chat,negative,我有没有提过要学习法语考试？,similarity_only,u007_e015|u007_e011,Mixed review and reminder|Stable preference and profile,0.057971|0.037037,,1.0,,0.0,1.0,1.0,145,1.0
2,u007,u007_q020,chat,negative,我有没有提过要学习法语考试？,recency_similarity_hybrid,u007_e015|u007_e016,Mixed review and reminder|Recent irrelevant side matter,0.481884|0.457639,,1.0,,0.0,1.0,1.0,158,1.0
2,u007,u007_q020,chat,negative,我有没有提过要学习法语考试？,proposed_TMT_decay_event_memory,u007_e014|u007_e015,Mixed planning for today|Mixed review and reminder,0.891388|0.859399,,1.0,,0.0,1.0,1.0,172,1.0
3,u007,u007_q020,chat,negative,我有没有提过要学习法语考试？,recency_only,u007_e014|u007_e015|u007_e016,Mixed planning for today|Mixed review and reminder|Recent irrelevant side matter,1.0|1.0|1.0,,1.0,,0.0,1.0,1.0,249,1.0
3,u007,u007_q020,chat,negative,我有没有提过要学习法语考试？,similarity_only,u007_e015|u007_e011|u007_e002,Mixed review and reminder|Stable preference and profile|模拟法庭 planning,0.057971|0.037037|0.030303,,1.0,,0.0,1.0,1.0,207,1.0
3,u007,u007_q020,chat,negative,我有没有提过要学习法语考试？,recency_similarity_hybrid,u007_e015|u007_e016|u007_e018,Mixed review and reminder|Recent irrelevant side matter|Urgent wrong domain,0.481884|0.457639|0.457237,,1.0,,0.0,1.0,1.0,240,1.0
3,u007,u007_q020,chat,negative,我有没有提过要学习法语考试？,proposed_TMT_decay_event_memory,u007_e014|u007_e015|u007_e010,Mixed planning for today|Mixed review and reminder|模拟法庭 dependency discussion,0.891388|0.859399|0.840747,,1.0,,0.0,1.0,1.0,252,1.0
1,u008,u008_q001,task,task_due,我最近最该先处理哪个视频脚本任务？,recency_only,u008_e014,Mixed planning for today,1.0,u008_e001|u008_e009,0.0,0.0,0.0,0.0,0.0,91,0.0
1,u008,u008_q001,task,task_due,我最近最该先处理哪个视频脚本任务？,similarity_only,u008_e005,视频脚本 status update,0.111111,u008_e001|u008_e009,0.0,0.0,0.0,0.0,0.0,62,0.0
1,u008,u008_q001,task,task_due,我最近最该先处理哪个视频脚本任务？,recency_similarity_hybrid,u008_e018,Urgent wrong domain,0.494595,u008_e001|u008_e009,0.0,0.0,0.0,0.0,0.0,82,0.0
1,u008,u008_q001,task,task_due,我最近最该先处理哪个视频脚本任务？,proposed_TMT_decay_event_memory,u008_e015,Mixed review and reminder,0.844676,u008_e001|u008_e009,0.0,0.0,0.0,0.0,0.0,82,0.0
2,u008,u008_q001,task,task_due,我最近最该先处理哪个视频脚本任务？,recency_only,u008_e014|u008_e015,Mixed planning for today|Mixed review and reminder,1.0|1.0,u008_e001|u008_e009,0.0,0.0,0.0,0.0,0.0,172,0.0
2,u008,u008_q001,task,task_due,我最近最该先处理哪个视频脚本任务？,similarity_only,u008_e005|u008_e017,视频脚本 status update|Semantic similar wrong status,0.111111|0.1,u008_e001|u008_e009,0.0,0.0,0.0,0.0,0.0,143,0.0
2,u008,u008_q001,task,task_due,我最近最该先处理哪个视频脚本任务？,recency_similarity_hybrid,u008_e018|u008_e016,Urgent wrong domain|Recent irrelevant side matter,0.494595|0.488732,u008_e001|u008_e009,0.0,0.0,0.0,0.0,0.0,159,0.0
2,u008,u008_q001,task,task_due,我最近最该先处理哪个视频脚本任务？,proposed_TMT_decay_event_memory,u008_e015|u008_e014,Mixed review and reminder|Mixed planning for today,0.844676|0.830573,u008_e001|u008_e009,0.0,0.0,0.0,0.0,0.0,172,0.0
3,u008,u008_q001,task,task_due,我最近最该先处理哪个视频脚本任务？,recency_only,u008_e014|u008_e015|u008_e016,Mixed planning for today|Mixed review and reminder|Recent irrelevant side matter,1.0|1.0|1.0,u008_e001|u008_e009,0.0,0.0,0.0,0.0,0.0,249,0.0
3,u008,u008_q001,task,task_due,我最近最该先处理哪个视频脚本任务？,similarity_only,u008_e005|u008_e017|u008_e018,视频脚本 status update|Semantic similar wrong status|Urgent wrong domain,0.111111|0.1|0.081081,u008_e001|u008_e009,0.0,0.0,0.0,0.0,0.0,225,0.0
3,u008,u008_q001,task,task_due,我最近最该先处理哪个视频脚本任务？,recency_similarity_hybrid,u008_e018|u008_e016|u008_e014,Urgent wrong domain|Recent irrelevant side matter|Mixed planning for today,0.494595|0.488732|0.485256,u008_e001|u008_e009,0.0,0.0,0.0,0.0,0.0,250,0.0
3,u008,u008_q001,task,task_due,我最近最该先处理哪个视频脚本任务？,proposed_TMT_decay_event_memory,u008_e015|u008_e014|u008_e001,Mixed review and reminder|Mixed planning for today|视频脚本 planning,0.844676|0.830573|0.783759,u008_e001|u008_e009,0.5,0.5,0.0,0.5,0.35195904451706733,229,0.0
1,u008,u008_q002,task,task_due,今天有哪些快到截止但不能被过度放大的事项？,recency_only,u008_e014,Mixed planning for today,1.0,u008_e001|u008_e018|u008_e007,0.0,0.0,0.0,0.0,0.0,91,0.0
1,u008,u008_q002,task,task_due,今天有哪些快到截止但不能被过度放大的事项？,similarity_only,u008_e018,Urgent wrong domain,0.103896,u008_e001|u008_e018|u008_e007,0.3333333333333333,0.5,1.0,0.3333333333333333,0.21000199575396408,82,0.0
1,u008,u008_q002,task,task_due,今天有哪些快到截止但不能被过度放大的事项？,recency_similarity_hybrid,u008_e018,Urgent wrong domain,0.507143,u008_e001|u008_e018|u008_e007,0.3333333333333333,0.5,1.0,0.3333333333333333,0.21000199575396408,82,0.0
1,u008,u008_q002,task,task_due,今天有哪些快到截止但不能被过度放大的事项？,proposed_TMT_decay_event_memory,u008_e015,Mixed review and reminder,0.844676,u008_e001|u008_e018|u008_e007,0.0,0.0,0.0,0.0,0.0,82,0.0
2,u008,u008_q002,task,task_due,今天有哪些快到截止但不能被过度放大的事项？,recency_only,u008_e014|u008_e015,Mixed planning for today|Mixed review and reminder,1.0|1.0,u008_e001|u008_e018|u008_e007,0.0,0.0,0.0,0.0,0.0,172,0.0
2,u008,u008_q002,task,task_due,今天有哪些快到截止但不能被过度放大的事项？,similarity_only,u008_e018|u008_e012,Urgent wrong domain|Old preference record,0.103896|0.084507,u008_e001|u008_e018|u008_e007,0.3333333333333333,0.5,1.0,0.3333333333333333,0.21000199575396408,153,0.0
2,u008,u008_q002,task,task_due,今天有哪些快到截止但不能被过度放大的事项？,recency_similarity_hybrid,u008_e018|u008_e016,Urgent wrong domain|Recent irrelevant side matter,0.507143|0.471154,u008_e001|u008_e018|u008_e007,0.3333333333333333,0.5,1.0,0.3333333333333333,0.21000199575396408,159,0.0
2,u008,u008_q002,task,task_due,今天有哪些快到截止但不能被过度放大的事项？,proposed_TMT_decay_event_memory,u008_e015|u008_e014,Mixed review and reminder|Mixed planning for today,0.844676|0.784319,u008_e001|u008_e018|u008_e007,0.0,0.0,0.0,0.0,0.0,172,0.0
3,u008,u008_q002,task,task_due,今天有哪些快到截止但不能被过度放大的事项？,recency_only,u008_e014|u008_e015|u008_e016,Mixed planning for today|Mixed review and reminder|Recent irrelevant side matter,1.0|1.0|1.0,u008_e001|u008_e018|u008_e007,0.0,0.0,0.0,0.0,0.0,249,0.0
3,u008,u008_q002,task,task_due,今天有哪些快到截止但不能被过度放大的事项？,similarity_only,u008_e018|u008_e012|u008_e002,Urgent wrong domain|Old preference record|发布排期 planning,0.103896|0.084507|0.055556,u008_e001|u008_e018|u008_e007,0.3333333333333333,0.5,1.0,0.3333333333333333,0.21000199575396408,215,0.0
3,u008,u008_q002,task,task_due,今天有哪些快到截止但不能被过度放大的事项？,recency_similarity_hybrid,u008_e018|u008_e016|u008_e015,Urgent wrong domain|Recent irrelevant side matter|Mixed review and reminder,0.507143|0.471154|0.464103,u008_e001|u008_e018|u008_e007,0.3333333333333333,0.5,1.0,0.3333333333333333,0.21000199575396408,240,0.0
3,u008,u008_q002,task,task_due,今天有哪些快到截止但不能被过度放大的事项？,proposed_TMT_decay_event_memory,u008_e015|u008_e014|u008_e007,Mixed review and reminder|Mixed planning for today|品牌合作 status update,0.844676|0.784319|0.758506,u008_e001|u008_e018|u008_e007,0.3333333333333333,0.0,0.0,0.3333333333333333,0.21000199575396408,244,0.0
1,u008,u008_q003,task,task_priority,发布排期接下来应该推进什么？,recency_only,u008_e014,Mixed planning for today,1.0,u008_e002|u008_e006|u008_e010,0.0,0.0,0.0,0.0,0.0,91,0.0
1,u008,u008_q003,task,task_priority,发布排期接下来应该推进什么？,similarity_only,u008_e010,发布排期 dependency discussion,0.0625,u008_e002|u008_e006|u008_e010,0.3333333333333333,0.5,1.0,0.3333333333333333,0.38009376671593426,80,0.0
1,u008,u008_q003,task,task_priority,发布排期接下来应该推进什么？,recency_similarity_hybrid,u008_e015,Mixed review and reminder,0.481884,u008_e002|u008_e006|u008_e010,0.0,0.0,0.0,0.0,0.0,82,0.0
1,u008,u008_q003,task,task_priority,发布排期接下来应该推进什么？,proposed_TMT_decay_event_memory,u008_e015,Mixed review and reminder,0.900847,u008_e002|u008_e006|u008_e010,0.0,0.0,0.0,0.0,0.0,82,0.0
2,u008,u008_q003,task,task_priority,发布排期接下来应该推进什么？,recency_only,u008_e014|u008_e015,Mixed planning for today|Mixed review and reminder,1.0|1.0,u008_e002|u008_e006|u008_e010,0.0,0.0,0.0,0.0,0.0,172,0.0
2,u008,u008_q003,task,task_priority,发布排期接下来应该推进什么？,similarity_only,u008_e010|u008_e002,发布排期 dependency discussion|发布排期 planning,0.0625|0.061538,u008_e002|u008_e006|u008_e010,0.6666666666666666,1.0,1.0,0.6666666666666666,0.7398124665681314,141,0.0
2,u008,u008_q003,task,task_priority,发布排期接下来应该推进什么？,recency_similarity_hybrid,u008_e015|u008_e014,Mixed review and reminder|Mixed planning for today,0.481884|0.463924,u008_e002|u008_e006|u008_e010,0.0,0.0,0.0,0.0,0.0,172,0.0
2,u008,u008_q003,task,task_priority,发布排期接下来应该推进什么？,proposed_TMT_decay_event_memory,u008_e015|u008_e014,Mixed review and reminder|Mixed planning for today,0.900847|0.784319,u008_e002|u008_e006|u008_e010,0.0,0.0,0.0,0.0,0.0,172,0.0
3,u008,u008_q003,task,task_priority,发布排期接下来应该推进什么？,recency_only,u008_e014|u008_e015|u008_e016,Mixed planning for today|Mixed review and reminder|Recent irrelevant side matter,1.0|1.0|1.0,u008_e002|u008_e006|u008_e010,0.0,0.0,0.0,0.0,0.0,249,0.0
3,u008,u008_q003,task,task_priority,发布排期接下来应该推进什么？,similarity_only,u008_e010|u008_e002|u008_e006,发布排期 dependency discussion|发布排期 planning|发布排期 status update,0.0625|0.061538|0.061538,u008_e002|u008_e006|u008_e010,1.0,1.0,1.0,1.0,0.9298593499260985,213,1.0
3,u008,u008_q003,task,task_priority,发布排期接下来应该推进什么？,recency_similarity_hybrid,u008_e015|u008_e014|u008_e016,Mixed review and reminder|Mixed planning for today|Recent irrelevant side matter,0.481884|0.463924|0.45,u008_e002|u008_e006|u008_e010,0.0,0.0,0.0,0.0,0.0,249,0.0
3,u008,u008_q003,task,task_priority,发布排期接下来应该推进什么？,proposed_TMT_decay_event_memory,u008_e015|u008_e014|u008_e007,Mixed review and reminder|Mixed planning for today|品牌合作 status update,0.900847|0.784319|0.758506,u008_e002|u008_e006|u008_e010,0.0,0.0,0.0,0.0,0.0,244,0.0
1,u008,u008_q004,task,task_priority,现在最重要但不一定最紧急的任务是什么？,recency_only,u008_e014,Mixed planning for today,1.0,u008_e002|u008_e001|u008_e004,0.0,0.0,0.0,0.0,0.0,91,0.0
1,u008,u008_q004,task,task_priority,现在最重要但不一定最紧急的任务是什么？,similarity_only,u008_e002,发布排期 planning,0.106061,u008_e002|u008_e001|u008_e004,0.3333333333333333,0.3333333333333333,1.0,0.3333333333333333,0.5701406500739014,62,0.0
1,u008,u008_q004,task,task_priority,现在最重要但不一定最紧急的任务是什么？,recency_similarity_hybrid,u008_e016,Recent irrelevant side matter,0.504225,u008_e002|u008_e001|u008_e004,0.0,0.0,0.0,0.0,0.0,77,0.0
1,u008,u008_q004,task,task_priority,现在最重要但不一定最紧急的任务是什么？,proposed_TMT_decay_event_memory,u008_e015,Mixed review and reminder,0.844676,u008_e002|u008_e001|u008_e004,0.0,0.0,0.0,0.0,0.0,82,0.0
2,u008,u008_q004,task,task_priority,现在最重要但不一定最紧急的任务是什么？,recency_only,u008_e014|u008_e015,Mixed planning for today|Mixed review and reminder,1.0|1.0,u008_e002|u008_e001|u008_e004,0.0,0.0,0.0,0.0,0.0,172,0.0
2,u008,u008_q004,task,task_priority,现在最重要但不一定最紧急的任务是什么？,similarity_only,u008_e002|u008_e016,发布排期 planning|Recent irrelevant side matter,0.106061|0.098592,u008_e002|u008_e001|u008_e004,0.3333333333333333,0.3333333333333333,1.0,0.3333333333333333,0.5701406500739014,139,0.0
2,u008,u008_q004,task,task_priority,现在最重要但不一定最紧急的任务是什么？,recency_similarity_hybrid,u008_e016|u008_e018,Recent irrelevant side matter|Urgent wrong domain,0.504225|0.478205,u008_e002|u008_e001|u008_e004,0.0,0.0,0.0,0.0,0.0,159,0.0
2,u008,u008_q004,task,task_priority,现在最重要但不一定最紧急的任务是什么？,proposed_TMT_decay_event_memory,u008_e015|u008_e014,Mixed review and reminder|Mixed planning for today,0.844676|0.784319,u008_e002|u008_e001|u008_e004,0.0,0.0,0.0,0.0,0.0,172,0.0
3,u008,u008_q004,task,task_priority,现在最重要但不一定最紧急的任务是什么？,recency_only,u008_e014|u008_e015|u008_e016,Mixed planning for today|Mixed review and reminder|Recent irrelevant side matter,1.0|1.0|1.0,u008_e002|u008_e001|u008_e004,0.0,0.0,0.0,0.0,0.0,249,0.0
3,u008,u008_q004,task,task_priority,现在最重要但不一定最紧急的任务是什么？,similarity_only,u008_e002|u008_e016|u008_e003,发布排期 planning|Recent irrelevant side matter|品牌合作 planning,0.106061|0.098592|0.069444,u008_e002|u008_e001|u008_e004,0.3333333333333333,0.3333333333333333,1.0,0.3333333333333333,0.5701406500739014,210,0.0
3,u008,u008_q004,task,task_priority,现在最重要但不一定最紧急的任务是什么？,recency_similarity_hybrid,u008_e016|u008_e018|u008_e015,Recent irrelevant side matter|Urgent wrong domain|Mixed review and reminder,0.504225|0.478205|0.472297,u008_e002|u008_e001|u008_e004,0.0,0.0,0.0,0.0,0.0,240,0.0
3,u008,u008_q004,task,task_priority,现在最重要但不一定最紧急的任务是什么？,proposed_TMT_decay_event_memory,u008_e015|u008_e014|u008_e007,Mixed review and reminder|Mixed planning for today|品牌合作 status update,0.844676|0.784319|0.758506,u008_e002|u008_e001|u008_e004,0.0,0.0,0.0,0.0,0.0,244,0.0
1,u008,u008_q005,task,task_status,视频脚本还有什么没完成？,recency_only,u008_e014,Mixed planning for today,1.0,u008_e005|u008_e001|u008_e017,0.0,0.0,0.0,0.0,0.0,91,0.0
1,u008,u008_q005,task,task_status,视频脚本还有什么没完成？,similarity_only,u008_e005,视频脚本 status update,0.12,u008_e005|u008_e001|u008_e017,0.3333333333333333,0.0,1.0,0.3333333333333333,0.5562983930884396,62,0.0
1,u008,u008_q005,task,task_status,视频脚本还有什么没完成？,recency_similarity_hybrid,u008_e018,Urgent wrong domain,0.488732,u008_e005|u008_e001|u008_e017,0.0,0.0,0.0,0.0,0.0,82,0.0
1,u008,u008_q005,task,task_status,视频脚本还有什么没完成？,proposed_TMT_decay_event_memory,u008_e015,Mixed review and reminder,0.844676,u008_e005|u008_e001|u008_e017,0.0,0.0,0.0,0.0,0.0,82,0.0
2,u008,u008_q005,task,task_status,视频脚本还有什么没完成？,recency_only,u008_e014|u008_e015,Mixed planning for today|Mixed review and reminder,1.0|1.0,u008_e005|u008_e001|u008_e017,0.0,0.0,0.0,0.0,0.0,172,0.0
2,u008,u008_q005,task,task_status,视频脚本还有什么没完成？,similarity_only,u008_e005|u008_e007,视频脚本 status update|品牌合作 status update,0.12|0.09375,u008_e005|u008_e001|u008_e017,0.3333333333333333,0.0,1.0,0.3333333333333333,0.5562983930884396,133,0.0
2,u008,u008_q005,task,task_status,视频脚本还有什么没完成？,recency_similarity_hybrid,u008_e018|u008_e014,Urgent wrong domain|Mixed planning for today,0.488732|0.479333,u008_e005|u008_e001|u008_e017,0.0,0.0,0.0,0.0,0.0,173,0.0
2,u008,u008_q005,task,task_status,视频脚本还有什么没完成？,proposed_TMT_decay_event_memory,u008_e015|u008_e014,Mixed review and reminder|Mixed planning for today,0.844676|0.838963,u008_e005|u008_e001|u008_e017,0.0,0.0,0.0,0.0,0.0,172,0.0
3,u008,u008_q005,task,task_status,视频脚本还有什么没完成？,recency_only,u008_e014|u008_e015|u008_e016,Mixed planning for today|Mixed review and reminder|Recent irrelevant side matter,1.0|1.0|1.0,u008_e005|u008_e001|u008_e017,0.0,0.0,0.0,0.0,0.0,249,0.0
3,u008,u008_q005,task,task_status,视频脚本还有什么没完成？,similarity_only,u008_e005|u008_e007|u008_e017,视频脚本 status update|品牌合作 status update|Semantic similar wrong status,0.12|0.09375|0.089552,u008_e005|u008_e001|u008_e017,0.6666666666666666,0.0,1.0,0.6666666666666666,0.649014791936513,214,0.0
3,u008,u008_q005,task,task_status,视频脚本还有什么没完成？,recency_similarity_hybrid,u008_e018|u008_e014|u008_e015,Urgent wrong domain|Mixed planning for today|Mixed review and reminder,0.488732|0.479333|0.45,u008_e005|u008_e001|u008_e017,0.0,0.0,0.0,0.0,0.0,254,0.0
3,u008,u008_q005,task,task_status,视频脚本还有什么没完成？,proposed_TMT_decay_event_memory,u008_e015|u008_e014|u008_e001,Mixed review and reminder|Mixed planning for today|视频脚本 planning,0.844676|0.838963|0.792339,u008_e005|u008_e001|u008_e017,0.3333333333333333,1.0,0.0,0.3333333333333333,0.2781491965442198,229,0.0
1,u008,u008_q006,task,task_status,发布排期的资料收集完成了吗？,recency_only,u008_e014,Mixed planning for today,1.0,u008_e006,0.0,1.0,0.0,0.0,0.0,91,0.0
1,u008,u008_q006,task,task_status,发布排期的资料收集完成了吗？,similarity_only,u008_e010,发布排期 dependency discussion,0.172414,u008_e006,0.0,1.0,0.0,0.0,0.0,80,0.0
1,u008,u008_q006,task,task_status,发布排期的资料收集完成了吗？,recency_similarity_hybrid,u008_e015,Mixed review and reminder,0.481884,u008_e006,0.0,1.0,0.0,0.0,0.0,82,0.0
1,u008,u008_q006,task,task_status,发布排期的资料收集完成了吗？,proposed_TMT_decay_event_memory,u008_e015,Mixed review and reminder,0.900847,u008_e006,0.0,1.0,0.0,0.0,0.0,82,0.0
2,u008,u008_q006,task,task_status,发布排期的资料收集完成了吗？,recency_only,u008_e014|u008_e015,Mixed planning for today|Mixed review and reminder,1.0|1.0,u008_e006,0.0,1.0,0.0,0.0,0.0,172,0.0
2,u008,u008_q006,task,task_status,发布排期的资料收集完成了吗？,similarity_only,u008_e010|u008_e006,发布排期 dependency discussion|发布排期 status update,0.172414|0.112903,u008_e006,1.0,1.0,0.0,1.0,0.6309297535714574,151,1.0
2,u008,u008_q006,task,task_status,发布排期的资料收集完成了吗？,recency_similarity_hybrid,u008_e015|u008_e016,Mixed review and reminder|Recent irrelevant side matter,0.481884|0.465278,u008_e006,0.0,1.0,0.0,0.0,0.0,158,0.0
2,u008,u008_q006,task,task_status,发布排期的资料收集完成了吗？,proposed_TMT_decay_event_memory,u008_e015|u008_e014,Mixed review and reminder|Mixed planning for today,0.900847|0.784319,u008_e006,0.0,1.0,0.0,0.0,0.0,172,0.0
3,u008,u008_q006,task,task_status,发布排期的资料收集完成了吗？,recency_only,u008_e014|u008_e015|u008_e016,Mixed planning for today|Mixed review and reminder|Recent irrelevant side matter,1.0|1.0|1.0,u008_e006,0.0,1.0,0.0,0.0,0.0,249,0.0
3,u008,u008_q006,task,task_status,发布排期的资料收集完成了吗？,similarity_only,u008_e010|u008_e006|u008_e002,发布排期 dependency discussion|发布排期 status update|发布排期 planning,0.172414|0.112903|0.095238,u008_e006,1.0,1.0,0.0,1.0,0.6309297535714574,213,1.0
3,u008,u008_q006,task,task_status,发布排期的资料收集完成了吗？,recency_similarity_hybrid,u008_e015|u008_e016|u008_e018,Mixed review and reminder|Recent irrelevant side matter|Urgent wrong domain,0.481884|0.465278|0.457143,u008_e006,0.0,1.0,0.0,0.0,0.0,240,0.0
3,u008,u008_q006,task,task_status,发布排期的资料收集完成了吗？,proposed_TMT_decay_event_memory,u008_e015|u008_e014|u008_e007,Mixed review and reminder|Mixed planning for today|品牌合作 status update,0.900847|0.784319|0.758506,u008_e006,0.0,1.0,0.0,0.0,0.0,244,0.0
1,u008,u008_q007,task,task_status,品牌合作那个过期事项现在应该怎么处理？,recency_only,u008_e014,Mixed planning for today,1.0,u008_e007,0.0,0.0,0.0,0.0,0.0,91,0.0
1,u008,u008_q007,task,task_status,品牌合作那个过期事项现在应该怎么处理？,similarity_only,u008_e007,品牌合作 status update,0.115942,u008_e007,1.0,1.0,1.0,1.0,1.0,72,1.0
1,u008,u008_q007,task,task_status,品牌合作那个过期事项现在应该怎么处理？,recency_similarity_hybrid,u008_e018,Urgent wrong domain,0.500658,u008_e007,0.0,0.0,0.0,0.0,0.0,82,0.0
1,u008,u008_q007,task,task_status,品牌合作那个过期事项现在应该怎么处理？,proposed_TMT_decay_event_memory,u008_e015,Mixed review and reminder,0.854721,u008_e007,0.0,0.0,0.0,0.0,0.0,82,0.0
2,u008,u008_q007,task,task_status,品牌合作那个过期事项现在应该怎么处理？,recency_only,u008_e014|u008_e015,Mixed planning for today|Mixed review and reminder,1.0|1.0,u008_e007,0.0,0.0,0.0,0.0,0.0,172,0.0
2,u008,u008_q007,task,task_status,品牌合作那个过期事项现在应该怎么处理？,similarity_only,u008_e007|u008_e018,品牌合作 status update|Urgent wrong domain,0.115942|0.092105,u008_e007,1.0,1.0,1.0,1.0,1.0,154,1.0
2,u008,u008_q007,task,task_status,品牌合作那个过期事项现在应该怎么处理？,recency_similarity_hybrid,u008_e018|u008_e015,Urgent wrong domain|Mixed review and reminder,0.500658|0.472,u008_e007,0.0,0.0,0.0,0.0,0.0,163,0.0
2,u008,u008_q007,task,task_status,品牌合作那个过期事项现在应该怎么处理？,proposed_TMT_decay_event_memory,u008_e015|u008_e007,Mixed review and reminder|品牌合作 status update,0.854721|0.802637,u008_e007,1.0,1.0,0.0,1.0,0.6309297535714574,153,1.0
3,u008,u008_q007,task,task_status,品牌合作那个过期事项现在应该怎么处理？,recency_only,u008_e014|u008_e015|u008_e016,Mixed planning for today|Mixed review and reminder|Recent irrelevant side matter,1.0|1.0|1.0,u008_e007,0.0,0.0,0.0,0.0,0.0,249,0.0
3,u008,u008_q007,task,task_status,品牌合作那个过期事项现在应该怎么处理？,similarity_only,u008_e007|u008_e018|u008_e003,品牌合作 status update|Urgent wrong domain|品牌合作 planning,0.115942|0.092105|0.083333,u008_e007,1.0,1.0,1.0,1.0,1.0,225,1.0
3,u008,u008_q007,task,task_status,品牌合作那个过期事项现在应该怎么处理？,recency_similarity_hybrid,u008_e018|u008_e015|u008_e016,Urgent wrong domain|Mixed review and reminder|Recent irrelevant side matter,0.500658|0.472|0.464286,u008_e007,0.0,0.0,0.0,0.0,0.0,240,0.0
3,u008,u008_q007,task,task_status,品牌合作那个过期事项现在应该怎么处理？,proposed_TMT_decay_event_memory,u008_e015|u008_e007|u008_e014,Mixed review and reminder|品牌合作 status update|Mixed planning for today,0.854721|0.802637|0.784319,u008_e007,1.0,1.0,0.0,1.0,0.6309297535714574,244,1.0
1,u008,u008_q008,task,task_context,视频脚本为什么现在还不能最终完成？,recency_only,u008_e014,Mixed planning for today,1.0,u008_e009|u008_e005,0.0,0.0,0.0,0.0,0.0,91,0.0
1,u008,u008_q008,task,task_context,视频脚本为什么现在还不能最终完成？,similarity_only,u008_e005,视频脚本 status update,0.109091,u008_e009|u008_e005,0.5,0.0,1.0,0.5,0.46927872602275644,62,0.0
1,u008,u008_q008,task,task_context,视频脚本为什么现在还不能最终完成？,recency_similarity_hybrid,u008_e018,Urgent wrong domain,0.486184,u008_e009|u008_e005,0.0,0.0,0.0,0.0,0.0,82,0.0
1,u008,u008_q008,task,task_context,视频脚本为什么现在还不能最终完成？,proposed_TMT_decay_event_memory,u008_e015,Mixed review and reminder,0.844676,u008_e009|u008_e005,0.0,0.0,0.0,0.0,0.0,82,0.0
2,u008,u008_q008,task,task_context,视频脚本为什么现在还不能最终完成？,recency_only,u008_e014|u008_e015,Mixed planning for today|Mixed review and reminder,1.0|1.0,u008_e009|u008_e005,0.0,0.0,0.0,0.0,0.0,172,0.0
2,u008,u008_q008,task,task_context,视频脚本为什么现在还不能最终完成？,similarity_only,u008_e005|u008_e007,视频脚本 status update|品牌合作 status update,0.109091|0.086957,u008_e009|u008_e005,0.5,0.0,1.0,0.5,0.46927872602275644,133,0.0
2,u008,u008_q008,task,task_context,视频脚本为什么现在还不能最终完成？,recency_similarity_hybrid,u008_e018|u008_e014,Urgent wrong domain|Mixed planning for today,0.486184|0.4775,u008_e009|u008_e005,0.0,0.0,0.0,0.0,0.0,173,0.0
2,u008,u008_q008,task,task_context,视频脚本为什么现在还不能最终完成？,proposed_TMT_decay_event_memory,u008_e015|u008_e014,Mixed review and reminder|Mixed planning for today,0.844676|0.828863,u008_e009|u008_e005,0.0,0.0,0.0,0.0,0.0,172,0.0
3,u008,u008_q008,task,task_context,视频脚本为什么现在还不能最终完成？,recency_only,u008_e014|u008_e015|u008_e016,Mixed planning for today|Mixed review and reminder|Recent irrelevant side matter,1.0|1.0|1.0,u008_e009|u008_e005,0.0,0.0,0.0,0.0,0.0,249,0.0
3,u008,u008_q008,task,task_context,视频脚本为什么现在还不能最终完成？,similarity_only,u008_e005|u008_e007|u008_e017,视频脚本 status update|品牌合作 status update|Semantic similar wrong status,0.109091|0.086957|0.083333,u008_e009|u008_e005,0.5,0.0,1.0,0.5,0.46927872602275644,214,0.0
3,u008,u008_q008,task,task_context,视频脚本为什么现在还不能最终完成？,recency_similarity_hybrid,u008_e018|u008_e014|u008_e016,Urgent wrong domain|Mixed planning for today|Recent irrelevant side matter,0.486184|0.4775|0.457237,u008_e009|u008_e005,0.0,0.0,0.0,0.0,0.0,250,0.0
3,u008,u008_q008,task,task_context,视频脚本为什么现在还不能最终完成？,proposed_TMT_decay_event_memory,u008_e015|u008_e014|u008_e001,Mixed review and reminder|Mixed planning for today|视频脚本 planning,0.844676|0.828863|0.78153,u008_e009|u008_e005,0.0,0.0,0.0,0.0,0.0,229,0.0
1,u008,u008_q009,task,task_context,素材剪辑当前有效计划是什么？,recency_only,u008_e014,Mixed planning for today,1.0,u008_e008|u008_e020,0.0,1.0,0.0,0.0,0.0,91,0.0
1,u008,u008_q009,task,task_context,素材剪辑当前有效计划是什么？,similarity_only,u008_e004,素材剪辑 planning,0.096774,u008_e008|u008_e020,0.0,1.0,0.0,0.0,0.0,71,0.0
1,u008,u008_q009,task,task_context,素材剪辑当前有效计划是什么？,recency_similarity_hybrid,u008_e018,Urgent wrong domain,0.457143,u008_e008|u008_e020,0.0,1.0,0.0,0.0,0.0,82,0.0
1,u008,u008_q009,task,task_context,素材剪辑当前有效计划是什么？,proposed_TMT_decay_event_memory,u008_e015,Mixed review and reminder,0.844676,u008_e008|u008_e020,0.0,1.0,0.0,0.0,0.0,82,0.0
2,u008,u008_q009,task,task_context,素材剪辑当前有效计划是什么？,recency_only,u008_e014|u008_e015,Mixed planning for today|Mixed review and reminder,1.0|1.0,u008_e008|u008_e020,0.0,1.0,0.0,0.0,0.0,172,0.0
2,u008,u008_q009,task,task_context,素材剪辑当前有效计划是什么？,similarity_only,u008_e004|u008_e008,素材剪辑 planning|素材剪辑 status update,0.096774|0.09375,u008_e008|u008_e020,0.5,1.0,0.0,0.5,0.52129602861432,143,0.0
2,u008,u008_q009,task,task_context,素材剪辑当前有效计划是什么？,recency_similarity_hybrid,u008_e018|u008_e014,Urgent wrong domain|Mixed planning for today,0.457143|0.456875,u008_e008|u008_e020,0.0,1.0,0.0,0.0,0.0,173,0.0
2,u008,u008_q009,task,task_context,素材剪辑当前有效计划是什么？,proposed_TMT_decay_event_memory,u008_e015|u008_e014,Mixed review and reminder|Mixed planning for today,0.844676|0.784319,u008_e008|u008_e020,0.0,1.0,0.0,0.0,0.0,172,0.0
3,u008,u008_q009,task,task_context,素材剪辑当前有效计划是什么？,recency_only,u008_e014|u008_e015|u008_e016,Mixed planning for today|Mixed review and reminder|Recent irrelevant side matter,1.0|1.0|1.0,u008_e008|u008_e020,0.0,1.0,0.0,0.0,0.0,249,0.0
3,u008,u008_q009,task,task_context,素材剪辑当前有效计划是什么？,similarity_only,u008_e004|u008_e008|u008_e020,素材剪辑 planning|素材剪辑 status update|Superseded MU distractor,0.096774|0.09375|0.072464,u008_e008|u008_e020,1.0,1.0,0.0,1.0,0.6590018048024133,225,1.0
3,u008,u008_q009,task,task_context,素材剪辑当前有效计划是什么？,recency_similarity_hybrid,u008_e018|u008_e014|u008_e015,Urgent wrong domain|Mixed planning for today|Mixed review and reminder,0.457143|0.456875|0.45,u008_e008|u008_e020,0.0,1.0,0.0,0.0,0.0,254,0.0
3,u008,u008_q009,task,task_context,素材剪辑当前有效计划是什么？,proposed_TMT_decay_event_memory,u008_e015|u008_e014|u008_e007,Mixed review and reminder|Mixed planning for today|品牌合作 status update,0.844676|0.784319|0.758506,u008_e008|u008_e020,0.0,1.0,0.0,0.0,0.0,244,0.0
1,u008,u008_q010,task,task_dependency,做视频脚本前还缺什么依赖？,recency_only,u008_e014,Mixed planning for today,1.0,u008_e009|u008_e014,0.5,0.0,1.0,0.5,0.46927872602275644,91,0.0
1,u008,u008_q010,task,task_dependency,做视频脚本前还缺什么依赖？,similarity_only,u008_e009,视频脚本 dependency discussion,0.116667,u008_e009|u008_e014,0.5,1.0,1.0,0.5,0.7039180890341347,83,0.0
1,u008,u008_q010,task,task_dependency,做视频脚本前还缺什么依赖？,recency_similarity_hybrid,u008_e018,Urgent wrong domain,0.480137,u008_e009|u008_e014,0.0,0.0,0.0,0.0,0.0,82,0.0
1,u008,u008_q010,task,task_dependency,做视频脚本前还缺什么依赖？,proposed_TMT_decay_event_memory,u008_e015,Mixed review and reminder,0.844676,u008_e009|u008_e014,0.0,0.0,0.0,0.0,0.0,82,0.0
2,u008,u008_q010,task,task_dependency,做视频脚本前还缺什么依赖？,recency_only,u008_e014|u008_e015,Mixed planning for today|Mixed review and reminder,1.0|1.0,u008_e009|u008_e014,0.5,0.0,1.0,0.5,0.46927872602275644,172,0.0
2,u008,u008_q010,task,task_dependency,做视频脚本前还缺什么依赖？,similarity_only,u008_e009|u008_e005,视频脚本 dependency discussion|视频脚本 status update,0.116667|0.075472,u008_e009|u008_e014,0.5,1.0,1.0,0.5,0.7039180890341347,145,0.0
2,u008,u008_q010,task,task_dependency,做视频脚本前还缺什么依赖？,recency_similarity_hybrid,u008_e018|u008_e014,Urgent wrong domain|Mixed planning for today,0.480137|0.478947,u008_e009|u008_e014,0.5,0.0,0.0,0.5,0.2960819109658652,173,0.0
2,u008,u008_q010,task,task_dependency,做视频脚本前还缺什么依赖？,proposed_TMT_decay_event_memory,u008_e015|u008_e014,Mixed review and reminder|Mixed planning for today,0.844676|0.836593,u008_e009|u008_e014,0.5,0.0,0.0,0.5,0.2960819109658652,172,0.0
3,u008,u008_q010,task,task_dependency,做视频脚本前还缺什么依赖？,recency_only,u008_e014|u008_e015|u008_e016,Mixed planning for today|Mixed review and reminder|Recent irrelevant side matter,1.0|1.0|1.0,u008_e009|u008_e014,0.5,0.0,1.0,0.5,0.46927872602275644,249,0.0
3,u008,u008_q010,task,task_dependency,做视频脚本前还缺什么依赖？,similarity_only,u008_e009|u008_e005|u008_e001,视频脚本 dependency discussion|视频脚本 status update|视频脚本 planning,0.116667|0.075472|0.064516,u008_e009|u008_e014,0.5,1.0,1.0,0.5,0.7039180890341347,202,0.0
3,u008,u008_q010,task,task_dependency,做视频脚本前还缺什么依赖？,recency_similarity_hybrid,u008_e018|u008_e014|u008_e015,Urgent wrong domain|Mixed planning for today|Mixed review and reminder,0.480137|0.478947|0.465714,u008_e009|u008_e014,0.5,0.0,0.0,0.5,0.2960819109658652,254,0.0
3,u008,u008_q010,task,task_dependency,做视频脚本前还缺什么依赖？,proposed_TMT_decay_event_memory,u008_e015|u008_e014|u008_e001,Mixed review and reminder|Mixed planning for today|视频脚本 planning,0.844676|0.836593|0.789795,u008_e009|u008_e014,0.5,0.0,0.0,0.5,0.2960819109658652,229,0.0
1,u008,u008_q011,task,task_dependency,发布排期卡住的前置条件是什么？,recency_only,u008_e014,Mixed planning for today,1.0,u008_e010|u008_e006|u008_e015,0.0,1.0,0.0,0.0,0.0,91,0.0
1,u008,u008_q011,task,task_dependency,发布排期卡住的前置条件是什么？,similarity_only,u008_e010,发布排期 dependency discussion,0.078125,u008_e010|u008_e006|u008_e015,0.3333333333333333,1.0,1.0,0.3333333333333333,0.5090967735771897,80,0.0
1,u008,u008_q011,task,task_dependency,发布排期卡住的前置条件是什么？,recency_similarity_hybrid,u008_e015,Mixed review and reminder,0.481429,u008_e010|u008_e006|u008_e015,0.3333333333333333,1.0,1.0,0.3333333333333333,0.3393978490514598,82,0.0
1,u008,u008_q011,task,task_dependency,发布排期卡住的前置条件是什么？,proposed_TMT_decay_event_memory,u008_e015,Mixed review and reminder,0.898266,u008_e010|u008_e006|u008_e015,0.3333333333333333,1.0,1.0,0.3333333333333333,0.3393978490514598,82,0.0
2,u008,u008_q011,task,task_dependency,发布排期卡住的前置条件是什么？,recency_only,u008_e014|u008_e015,Mixed planning for today|Mixed review and reminder,1.0|1.0,u008_e010|u008_e006|u008_e015,0.3333333333333333,1.0,0.0,0.3333333333333333,0.21413620126472027,172,0.0
2,u008,u008_q011,task,task_dependency,发布排期卡住的前置条件是什么？,similarity_only,u008_e010|u008_e002,发布排期 dependency discussion|发布排期 planning,0.078125|0.076923,u008_e010|u008_e006|u008_e015,0.3333333333333333,1.0,1.0,0.3333333333333333,0.5090967735771897,141,0.0
2,u008,u008_q011,task,task_dependency,发布排期卡住的前置条件是什么？,recency_similarity_hybrid,u008_e015|u008_e016,Mixed review and reminder|Recent irrelevant side matter,0.481429|0.457432,u008_e010|u008_e006|u008_e015,0.3333333333333333,1.0,1.0,0.3333333333333333,0.3393978490514598,158,0.0
2,u008,u008_q011,task,task_dependency,发布排期卡住的前置条件是什么？,proposed_TMT_decay_event_memory,u008_e015|u008_e014,Mixed review and reminder|Mixed planning for today,0.898266|0.784319,u008_e010|u008_e006|u008_e015,0.3333333333333333,1.0,1.0,0.3333333333333333,0.3393978490514598,172,0.0
3,u008,u008_q011,task,task_dependency,发布排期卡住的前置条件是什么？,recency_only,u008_e014|u008_e015|u008_e016,Mixed planning for today|Mixed review and reminder|Recent irrelevant side matter,1.0|1.0|1.0,u008_e010|u008_e006|u008_e015,0.3333333333333333,1.0,0.0,0.3333333333333333,0.21413620126472027,249,0.0
3,u008,u008_q011,task,task_dependency,发布排期卡住的前置条件是什么？,similarity_only,u008_e010|u008_e002|u008_e006,发布排期 dependency discussion|发布排期 planning|发布排期 status update,0.078125|0.076923|0.060606,u008_e010|u008_e006|u008_e015,0.6666666666666666,1.0,1.0,0.6666666666666666,0.7636451603657846,213,0.0
3,u008,u008_q011,task,task_dependency,发布排期卡住的前置条件是什么？,recency_similarity_hybrid,u008_e015|u008_e016|u008_e018,Mixed review and reminder|Recent irrelevant side matter|Urgent wrong domain,0.481429|0.457432|0.457051,u008_e010|u008_e006|u008_e015,0.3333333333333333,1.0,1.0,0.3333333333333333,0.3393978490514598,240,0.0
3,u008,u008_q011,task,task_dependency,发布排期卡住的前置条件是什么？,proposed_TMT_decay_event_memory,u008_e015|u008_e014|u008_e007,Mixed review and reminder|Mixed planning for today|品牌合作 status update,0.898266|0.784319|0.758506,u008_e010|u008_e006|u008_e015,0.3333333333333333,1.0,1.0,0.3333333333333333,0.3393978490514598,244,0.0
1,u008,u008_q012,chat,chat_preference,我做计划时有什么稳定偏好？,recency_only,u008_e014,Mixed planning for today,1.0,u008_e011|u008_e019,0.0,,0.0,0.0,0.0,91,0.0
1,u008,u008_q012,chat,chat_preference,我做计划时有什么稳定偏好？,similarity_only,u008_e019,Old but stable preference,0.092308,u008_e011|u008_e019,0.5,,1.0,0.5,0.6131471927654584,85,0.0
1,u008,u008_q012,chat,chat_preference,我做计划时有什么稳定偏好？,recency_similarity_hybrid,u008_e014,Mixed planning for today,0.478947,u008_e011|u008_e019,0.0,,0.0,0.0,0.0,91,0.0
1,u008,u008_q012,chat,chat_preference,我做计划时有什么稳定偏好？,proposed_TMT_decay_event_memory,u008_e014,Mixed planning for today,0.891388,u008_e011|u008_e019,0.0,,0.0,0.0,0.0,91,0.0
2,u008,u008_q012,chat,chat_preference,我做计划时有什么稳定偏好？,recency_only,u008_e014|u008_e015,Mixed planning for today|Mixed review and reminder,1.0|1.0,u008_e011|u008_e019,0.0,,0.0,0.0,0.0,172,0.0
2,u008,u008_q012,chat,chat_preference,我做计划时有什么稳定偏好？,similarity_only,u008_e019|u008_e011,Old but stable preference|Stable preference and profile,0.092308|0.076923,u008_e011|u008_e019,1.0,,1.0,1.0,1.0,140,1.0
2,u008,u008_q012,chat,chat_preference,我做计划时有什么稳定偏好？,recency_similarity_hybrid,u008_e014|u008_e015,Mixed planning for today|Mixed review and reminder,0.478947|0.473913,u008_e011|u008_e019,0.0,,0.0,0.0,0.0,172,0.0
2,u008,u008_q012,chat,chat_preference,我做计划时有什么稳定偏好？,proposed_TMT_decay_event_memory,u008_e014|u008_e015,Mixed planning for today|Mixed review and reminder,0.891388|0.849317,u008_e011|u008_e019,0.0,,0.0,0.0,0.0,172,0.0
3,u008,u008_q012,chat,chat_preference,我做计划时有什么稳定偏好？,recency_only,u008_e014|u008_e015|u008_e016,Mixed planning for today|Mixed review and reminder|Recent irrelevant side matter,1.0|1.0|1.0,u008_e011|u008_e019,0.0,,0.0,0.0,0.0,249,0.0
3,u008,u008_q012,chat,chat_preference,我做计划时有什么稳定偏好？,similarity_only,u008_e019|u008_e011|u008_e014,Old but stable preference|Stable preference and profile|Mixed planning for today,0.092308|0.076923|0.052632,u008_e011|u008_e019,1.0,,1.0,1.0,1.0,230,1.0
3,u008,u008_q012,chat,chat_preference,我做计划时有什么稳定偏好？,recency_similarity_hybrid,u008_e014|u008_e015|u008_e016,Mixed planning for today|Mixed review and reminder|Recent irrelevant side matter,0.478947|0.473913|0.457639,u008_e011|u008_e019,0.0,,0.0,0.0,0.0,249,0.0
3,u008,u008_q012,chat,chat_preference,我做计划时有什么稳定偏好？,proposed_TMT_decay_event_memory,u008_e014|u008_e015|u008_e010,Mixed planning for today|Mixed review and reminder|发布排期 dependency discussion,0.891388|0.849317|0.825251,u008_e011|u008_e019,0.0,,0.0,0.0,0.0,252,0.0
1,u008,u008_q013,chat,chat_preference,关于深度工作时间，我现在应该遵循哪个偏好？,recency_only,u008_e014,Mixed planning for today,1.0,u008_e013|u008_e012,0.0,,0.0,0.0,0.0,91,0.0
1,u008,u008_q013,chat,chat_preference,关于深度工作时间，我现在应该遵循哪个偏好？,similarity_only,u008_e013,Updated preference record,0.075758,u008_e013|u008_e012,0.5,,1.0,0.5,0.8262346571285599,71,0.0
1,u008,u008_q013,chat,chat_preference,关于深度工作时间，我现在应该遵循哪个偏好？,recency_similarity_hybrid,u008_e014,Mixed planning for today,0.483537,u008_e013|u008_e012,0.0,,0.0,0.0,0.0,91,0.0
1,u008,u008_q013,chat,chat_preference,关于深度工作时间，我现在应该遵循哪个偏好？,proposed_TMT_decay_event_memory,u008_e014,Mixed planning for today,0.891388,u008_e013|u008_e012,0.0,,0.0,0.0,0.0,91,0.0
2,u008,u008_q013,chat,chat_preference,关于深度工作时间，我现在应该遵循哪个偏好？,recency_only,u008_e014|u008_e015,Mixed planning for today|Mixed review and reminder,1.0|1.0,u008_e013|u008_e012,0.0,,0.0,0.0,0.0,172,0.0
2,u008,u008_q013,chat,chat_preference,关于深度工作时间，我现在应该遵循哪个偏好？,similarity_only,u008_e013|u008_e019,Updated preference record|Old but stable preference,0.075758|0.068493,u008_e013|u008_e012,0.5,,1.0,0.5,0.8262346571285599,156,0.0
2,u008,u008_q013,chat,chat_preference,关于深度工作时间，我现在应该遵循哪个偏好？,recency_similarity_hybrid,u008_e014|u008_e016,Mixed planning for today|Recent irrelevant side matter,0.483537|0.478947,u008_e013|u008_e012,0.0,,0.0,0.0,0.0,168,0.0
2,u008,u008_q013,chat,chat_preference,关于深度工作时间，我现在应该遵循哪个偏好？,proposed_TMT_decay_event_memory,u008_e014|u008_e015,Mixed planning for today|Mixed review and reminder,0.891388|0.849317,u008_e013|u008_e012,0.0,,0.0,0.0,0.0,172,0.0
3,u008,u008_q013,chat,chat_preference,关于深度工作时间，我现在应该遵循哪个偏好？,recency_only,u008_e014|u008_e015|u008_e016,Mixed planning for today|Mixed review and reminder|Recent irrelevant side matter,1.0|1.0|1.0,u008_e013|u008_e012,0.0,,0.0,0.0,0.0,249,0.0
3,u008,u008_q013,chat,chat_preference,关于深度工作时间，我现在应该遵循哪个偏好？,similarity_only,u008_e013|u008_e019|u008_e014,Updated preference record|Old but stable preference|Mixed planning for today,0.075758|0.068493|0.060976,u008_e013|u008_e012,0.5,,1.0,0.5,0.8262346571285599,247,0.0
3,u008,u008_q013,chat,chat_preference,关于深度工作时间，我现在应该遵循哪个偏好？,recency_similarity_hybrid,u008_e014|u008_e016|u008_e015,Mixed planning for today|Recent irrelevant side matter|Mixed review and reminder,0.483537|0.478947|0.471711,u008_e013|u008_e012,0.0,,0.0,0.0,0.0,249,0.0
3,u008,u008_q013,chat,chat_preference,关于深度工作时间，我现在应该遵循哪个偏好？,proposed_TMT_decay_event_memory,u008_e014|u008_e015|u008_e010,Mixed planning for today|Mixed review and reminder|发布排期 dependency discussion,0.891388|0.849317|0.825251,u008_e013|u008_e012,0.0,,0.0,0.0,0.0,252,0.0
1,u008,u008_q014,chat,chat_profile,我的背景和主要任务场景是什么？,recency_only,u008_e014,Mixed planning for today,1.0,u008_e011|u008_e001,0.0,,0.0,0.0,0.0,91,0.0
1,u008,u008_q014,chat,chat_profile,我的背景和主要任务场景是什么？,similarity_only,u008_e016,Recent irrelevant side matter,0.072464,u008_e011|u008_e001,0.0,,0.0,0.0,0.0,77,0.0
1,u008,u008_q014,chat,chat_profile,我的背景和主要任务场景是什么？,recency_similarity_hybrid,u008_e016,Recent irrelevant side matter,0.489855,u008_e011|u008_e001,0.0,,0.0,0.0,0.0,77,0.0
1,u008,u008_q014,chat,chat_profile,我的背景和主要任务场景是什么？,proposed_TMT_decay_event_memory,u008_e014,Mixed planning for today,0.891388,u008_e011|u008_e001,0.0,,0.0,0.0,0.0,91,0.0
2,u008,u008_q014,chat,chat_profile,我的背景和主要任务场景是什么？,recency_only,u008_e014|u008_e015,Mixed planning for today|Mixed review and reminder,1.0|1.0,u008_e011|u008_e001,0.0,,0.0,0.0,0.0,172,0.0
2,u008,u008_q014,chat,chat_profile,我的背景和主要任务场景是什么？,similarity_only,u008_e016|u008_e002,Recent irrelevant side matter|发布排期 planning,0.072464|0.061538,u008_e011|u008_e001,0.0,,0.0,0.0,0.0,139,0.0
2,u008,u008_q014,chat,chat_profile,我的背景和主要任务场景是什么？,recency_similarity_hybrid,u008_e016|u008_e015,Recent irrelevant side matter|Mixed review and reminder,0.489855|0.481884,u008_e011|u008_e001,0.0,,0.0,0.0,0.0,158,0.0
2,u008,u008_q014,chat,chat_profile,我的背景和主要任务场景是什么？,proposed_TMT_decay_event_memory,u008_e014|u008_e015,Mixed planning for today|Mixed review and reminder,0.891388|0.849317,u008_e011|u008_e001,0.0,,0.0,0.0,0.0,172,0.0
3,u008,u008_q014,chat,chat_profile,我的背景和主要任务场景是什么？,recency_only,u008_e014|u008_e015|u008_e016,Mixed planning for today|Mixed review and reminder|Recent irrelevant side matter,1.0|1.0|1.0,u008_e011|u008_e001,0.0,,0.0,0.0,0.0,249,0.0
3,u008,u008_q014,chat,chat_profile,我的背景和主要任务场景是什么？,similarity_only,u008_e016|u008_e002|u008_e015,Recent irrelevant side matter|发布排期 planning|Mixed review and reminder,0.072464|0.061538|0.057971,u008_e011|u008_e001,0.0,,0.0,0.0,0.0,220,0.0
3,u008,u008_q014,chat,chat_profile,我的背景和主要任务场景是什么？,recency_similarity_hybrid,u008_e016|u008_e015|u008_e018,Recent irrelevant side matter|Mixed review and reminder|Urgent wrong domain,0.489855|0.481884|0.457143,u008_e011|u008_e001,0.0,,0.0,0.0,0.0,240,0.0
3,u008,u008_q014,chat,chat_profile,我的背景和主要任务场景是什么？,proposed_TMT_decay_event_memory,u008_e014|u008_e015|u008_e010,Mixed planning for today|Mixed review and reminder|发布排期 dependency discussion,0.891388|0.849317|0.825251,u008_e011|u008_e001,0.0,,0.0,0.0,0.0,252,0.0
1,u008,u008_q015,chat,chat_history,之前我提过哪些和提醒方式有关的要求？,recency_only,u008_e014,Mixed planning for today,1.0,u008_e011|u008_e015,0.0,,0.0,0.0,0.0,91,0.0
1,u008,u008_q015,chat,chat_history,之前我提过哪些和提醒方式有关的要求？,similarity_only,u008_e015,Mixed review and reminder,0.070423,u008_e011|u008_e015,0.5,,1.0,0.5,0.6131471927654584,82,0.0
1,u008,u008_q015,chat,chat_history,之前我提过哪些和提醒方式有关的要求？,recency_similarity_hybrid,u008_e015,Mixed review and reminder,0.488732,u008_e011|u008_e015,0.5,,1.0,0.5,0.6131471927654584,82,0.0
1,u008,u008_q015,chat,chat_history,之前我提过哪些和提醒方式有关的要求？,proposed_TMT_decay_event_memory,u008_e014,Mixed planning for today,0.891388,u008_e011|u008_e015,0.0,,0.0,0.0,0.0,91,0.0
2,u008,u008_q015,chat,chat_history,之前我提过哪些和提醒方式有关的要求？,recency_only,u008_e014|u008_e015,Mixed planning for today|Mixed review and reminder,1.0|1.0,u008_e011|u008_e015,0.5,,0.0,0.5,0.3868528072345416,172,0.0
2,u008,u008_q015,chat,chat_history,之前我提过哪些和提醒方式有关的要求？,similarity_only,u008_e015|u008_e009,Mixed review and reminder|视频脚本 dependency discussion,0.070423|0.044118,u008_e011|u008_e015,0.5,,1.0,0.5,0.6131471927654584,165,0.0
2,u008,u008_q015,chat,chat_history,之前我提过哪些和提醒方式有关的要求？,recency_similarity_hybrid,u008_e015|u008_e016,Mixed review and reminder|Recent irrelevant side matter,0.488732|0.472297,u008_e011|u008_e015,0.5,,1.0,0.5,0.6131471927654584,158,0.0
2,u008,u008_q015,chat,chat_history,之前我提过哪些和提醒方式有关的要求？,proposed_TMT_decay_event_memory,u008_e014|u008_e015,Mixed planning for today|Mixed review and reminder,0.891388|0.849317,u008_e011|u008_e015,0.5,,0.0,0.5,0.3868528072345416,172,0.0
3,u008,u008_q015,chat,chat_history,之前我提过哪些和提醒方式有关的要求？,recency_only,u008_e014|u008_e015|u008_e016,Mixed planning for today|Mixed review and reminder|Recent irrelevant side matter,1.0|1.0|1.0,u008_e011|u008_e015,0.5,,0.0,0.5,0.3868528072345416,249,0.0
3,u008,u008_q015,chat,chat_history,之前我提过哪些和提醒方式有关的要求？,similarity_only,u008_e015|u008_e009|u008_e016,Mixed review and reminder|视频脚本 dependency discussion|Recent irrelevant side matter,0.070423|0.044118|0.040541,u008_e011|u008_e015,0.5,,1.0,0.5,0.6131471927654584,241,0.0
3,u008,u008_q015,chat,chat_history,之前我提过哪些和提醒方式有关的要求？,recency_similarity_hybrid,u008_e015|u008_e016|u008_e018,Mixed review and reminder|Recent irrelevant side matter|Urgent wrong domain,0.488732|0.472297|0.463924,u008_e011|u008_e015,0.5,,1.0,0.5,0.6131471927654584,240,0.0
3,u008,u008_q015,chat,chat_history,之前我提过哪些和提醒方式有关的要求？,proposed_TMT_decay_event_memory,u008_e014|u008_e015|u008_e010,Mixed planning for today|Mixed review and reminder|发布排期 dependency discussion,0.891388|0.849317|0.825251,u008_e011|u008_e015,0.5,,0.0,0.5,0.3868528072345416,252,0.0
1,u008,u008_q016,chat,mixed,帮我安排今天上午，结合任务优先级和个人偏好。,recency_only,u008_e014,Mixed planning for today,1.0,u008_e014|u008_e013|u008_e001,0.3333333333333333,,1.0,0.3333333333333333,0.5090967735771897,91,0.0
1,u008,u008_q016,chat,mixed,帮我安排今天上午，结合任务优先级和个人偏好。,similarity_only,u008_e014,Mixed planning for today,0.142857,u008_e014|u008_e013|u008_e001,0.3333333333333333,,1.0,0.3333333333333333,0.5090967735771897,91,0.0
1,u008,u008_q016,chat,mixed,帮我安排今天上午，结合任务优先级和个人偏好。,recency_similarity_hybrid,u008_e014,Mixed planning for today,0.528571,u008_e014|u008_e013|u008_e001,0.3333333333333333,,1.0,0.3333333333333333,0.5090967735771897,91,0.0
1,u008,u008_q016,chat,mixed,帮我安排今天上午，结合任务优先级和个人偏好。,proposed_TMT_decay_event_memory,u008_e014,Mixed planning for today,0.891388,u008_e014|u008_e013|u008_e001,0.3333333333333333,,1.0,0.3333333333333333,0.5090967735771897,91,0.0
2,u008,u008_q016,chat,mixed,帮我安排今天上午，结合任务优先级和个人偏好。,recency_only,u008_e014|u008_e015,Mixed planning for today|Mixed review and reminder,1.0|1.0,u008_e014|u008_e013|u008_e001,0.3333333333333333,,1.0,0.3333333333333333,0.5090967735771897,172,0.0
2,u008,u008_q016,chat,mixed,帮我安排今天上午，结合任务优先级和个人偏好。,similarity_only,u008_e014|u008_e015,Mixed planning for today|Mixed review and reminder,0.142857|0.081081,u008_e014|u008_e013|u008_e001,0.3333333333333333,,1.0,0.3333333333333333,0.5090967735771897,172,0.0
2,u008,u008_q016,chat,mixed,帮我安排今天上午，结合任务优先级和个人偏好。,recency_similarity_hybrid,u008_e014|u008_e015,Mixed planning for today|Mixed review and reminder,0.528571|0.494595,u008_e014|u008_e013|u008_e001,0.3333333333333333,,1.0,0.3333333333333333,0.5090967735771897,172,0.0
2,u008,u008_q016,chat,mixed,帮我安排今天上午，结合任务优先级和个人偏好。,proposed_TMT_decay_event_memory,u008_e014|u008_e015,Mixed planning for today|Mixed review and reminder,0.891388|0.856803,u008_e014|u008_e013|u008_e001,0.3333333333333333,,1.0,0.3333333333333333,0.5090967735771897,172,0.0
3,u008,u008_q016,chat,mixed,帮我安排今天上午，结合任务优先级和个人偏好。,recency_only,u008_e014|u008_e015|u008_e016,Mixed planning for today|Mixed review and reminder|Recent irrelevant side matter,1.0|1.0|1.0,u008_e014|u008_e013|u008_e001,0.3333333333333333,,1.0,0.3333333333333333,0.5090967735771897,249,0.0
3,u008,u008_q016,chat,mixed,帮我安排今天上午，结合任务优先级和个人偏好。,similarity_only,u008_e014|u008_e015|u008_e001,Mixed planning for today|Mixed review and reminder|视频脚本 planning,0.142857|0.081081|0.057143,u008_e014|u008_e013|u008_e001,0.6666666666666666,,1.0,0.6666666666666666,0.6787956981029196,229,0.0
3,u008,u008_q016,chat,mixed,帮我安排今天上午，结合任务优先级和个人偏好。,recency_similarity_hybrid,u008_e014|u008_e015|u008_e016,Mixed planning for today|Mixed review and reminder|Recent irrelevant side matter,0.528571|0.494595|0.471154,u008_e014|u008_e013|u008_e001,0.3333333333333333,,1.0,0.3333333333333333,0.5090967735771897,249,0.0
3,u008,u008_q016,chat,mixed,帮我安排今天上午，结合任务优先级和个人偏好。,proposed_TMT_decay_event_memory,u008_e014|u008_e015|u008_e010,Mixed planning for today|Mixed review and reminder|发布排期 dependency discussion,0.891388|0.856803|0.836757,u008_e014|u008_e013|u008_e001,0.3333333333333333,,1.0,0.3333333333333333,0.5090967735771897,252,0.0
1,u008,u008_q017,chat,mixed,帮我写一个关于发布排期的提醒，要体现依赖关系。,recency_only,u008_e014,Mixed planning for today,1.0,u008_e015|u008_e010,0.0,,0.0,0.0,0.0,91,0.0
1,u008,u008_q017,chat,mixed,帮我写一个关于发布排期的提醒，要体现依赖关系。,similarity_only,u008_e015,Mixed review and reminder,0.126761,u008_e015|u008_e010,0.5,,1.0,0.5,0.6131471927654584,82,0.0
1,u008,u008_q017,chat,mixed,帮我写一个关于发布排期的提醒，要体现依赖关系。,recency_similarity_hybrid,u008_e015,Mixed review and reminder,0.519718,u008_e015|u008_e010,0.5,,1.0,0.5,0.6131471927654584,82,0.0
1,u008,u008_q017,chat,mixed,帮我写一个关于发布排期的提醒，要体现依赖关系。,proposed_TMT_decay_event_memory,u008_e014,Mixed planning for today,0.891388,u008_e015|u008_e010,0.0,,0.0,0.0,0.0,91,0.0
2,u008,u008_q017,chat,mixed,帮我写一个关于发布排期的提醒，要体现依赖关系。,recency_only,u008_e014|u008_e015,Mixed planning for today|Mixed review and reminder,1.0|1.0,u008_e015|u008_e010,0.5,,0.0,0.5,0.3868528072345416,172,0.0
2,u008,u008_q017,chat,mixed,帮我写一个关于发布排期的提醒，要体现依赖关系。,similarity_only,u008_e015|u008_e002,Mixed review and reminder|发布排期 planning,0.126761|0.117647,u008_e015|u008_e010,0.5,,1.0,0.5,0.6131471927654584,143,0.0
2,u008,u008_q017,chat,mixed,帮我写一个关于发布排期的提醒，要体现依赖关系。,recency_similarity_hybrid,u008_e015|u008_e016,Mixed review and reminder|Recent irrelevant side matter,0.519718|0.486184,u008_e015|u008_e010,0.5,,1.0,0.5,0.6131471927654584,158,0.0
2,u008,u008_q017,chat,mixed,帮我写一个关于发布排期的提醒，要体现依赖关系。,proposed_TMT_decay_event_memory,u008_e014|u008_e015,Mixed planning for today|Mixed review and reminder,0.891388|0.883857,u008_e015|u008_e010,0.5,,0.0,0.5,0.3868528072345416,172,0.0
3,u008,u008_q017,chat,mixed,帮我写一个关于发布排期的提醒，要体现依赖关系。,recency_only,u008_e014|u008_e015|u008_e016,Mixed planning for today|Mixed review and reminder|Recent irrelevant side matter,1.0|1.0|1.0,u008_e015|u008_e010,0.5,,0.0,0.5,0.3868528072345416,249,0.0
3,u008,u008_q017,chat,mixed,帮我写一个关于发布排期的提醒，要体现依赖关系。,similarity_only,u008_e015|u008_e002|u008_e010,Mixed review and reminder|发布排期 planning|发布排期 dependency discussion,0.126761|0.117647|0.102941,u008_e015|u008_e010,1.0,,1.0,1.0,0.9197207891481876,223,1.0
3,u008,u008_q017,chat,mixed,帮我写一个关于发布排期的提醒，要体现依赖关系。,recency_similarity_hybrid,u008_e015|u008_e016|u008_e018,Mixed review and reminder|Recent irrelevant side matter|Urgent wrong domain,0.519718|0.486184|0.47716,u008_e015|u008_e010,0.5,,1.0,0.5,0.6131471927654584,240,0.0
3,u008,u008_q017,chat,mixed,帮我写一个关于发布排期的提醒，要体现依赖关系。,proposed_TMT_decay_event_memory,u008_e014|u008_e015|u008_e010,Mixed planning for today|Mixed review and reminder|发布排期 dependency discussion,0.891388|0.883857|0.876227,u008_e015|u008_e010,1.0,,0.0,1.0,0.6934264036172708,252,1.0
1,u008,u008_q018,task,task_priority,我还有什么低优先级但今天可能会干扰我的事？,recency_only,u008_e014,Mixed planning for today,1.0,u008_e018|u008_e003|u008_e016,0.0,0.0,0.0,0.0,0.0,91,0.0
1,u008,u008_q018,task,task_priority,我还有什么低优先级但今天可能会干扰我的事？,similarity_only,u008_e012,Old preference record,0.055556,u008_e018|u008_e003|u008_e016,0.0,0.0,0.0,0.0,0.0,72,0.0
1,u008,u008_q018,task,task_priority,我还有什么低优先级但今天可能会干扰我的事？,recency_similarity_hybrid,u008_e018,Urgent wrong domain,0.4775,u008_e018|u008_e003|u008_e016,0.3333333333333333,0.5,1.0,0.3333333333333333,0.6300059872618923,82,0.0
1,u008,u008_q018,task,task_priority,我还有什么低优先级但今天可能会干扰我的事？,proposed_TMT_decay_event_memory,u008_e015,Mixed review and reminder,0.844676,u008_e018|u008_e003|u008_e016,0.0,0.0,0.0,0.0,0.0,82,0.0
2,u008,u008_q018,task,task_priority,我还有什么低优先级但今天可能会干扰我的事？,recency_only,u008_e014|u008_e015,Mixed planning for today|Mixed review and reminder,1.0|1.0,u008_e018|u008_e003|u008_e016,0.0,0.0,0.0,0.0,0.0,172,0.0
2,u008,u008_q018,task,task_priority,我还有什么低优先级但今天可能会干扰我的事？,similarity_only,u008_e012|u008_e018,Old preference record|Urgent wrong domain,0.055556|0.05,u008_e018|u008_e003|u008_e016,0.3333333333333333,0.5,0.0,0.3333333333333333,0.39748952229168844,153,0.0
2,u008,u008_q018,task,task_priority,我还有什么低优先级但今天可能会干扰我的事？,recency_similarity_hybrid,u008_e018|u008_e016,Urgent wrong domain|Recent irrelevant side matter,0.4775|0.471429,u008_e018|u008_e003|u008_e016,0.6666666666666666,0.5,1.0,0.6666666666666666,0.7625024946924551,159,0.0
2,u008,u008_q018,task,task_priority,我还有什么低优先级但今天可能会干扰我的事？,proposed_TMT_decay_event_memory,u008_e015|u008_e014,Mixed review and reminder|Mixed planning for today,0.844676|0.784319,u008_e018|u008_e003|u008_e016,0.0,0.0,0.0,0.0,0.0,172,0.0
3,u008,u008_q018,task,task_priority,我还有什么低优先级但今天可能会干扰我的事？,recency_only,u008_e014|u008_e015|u008_e016,Mixed planning for today|Mixed review and reminder|Recent irrelevant side matter,1.0|1.0|1.0,u008_e018|u008_e003|u008_e016,0.3333333333333333,0.0,0.0,0.3333333333333333,0.10500099787698204,249,0.0
3,u008,u008_q018,task,task_priority,我还有什么低优先级但今天可能会干扰我的事？,similarity_only,u008_e012|u008_e018|u008_e001,Old preference record|Urgent wrong domain|视频脚本 planning,0.055556|0.05|0.042857,u008_e018|u008_e003|u008_e016,0.3333333333333333,0.5,0.0,0.3333333333333333,0.39748952229168844,210,0.0
3,u008,u008_q018,task,task_priority,我还有什么低优先级但今天可能会干扰我的事？,recency_similarity_hybrid,u008_e018|u008_e016|u008_e014,Urgent wrong domain|Recent irrelevant side matter|Mixed planning for today,0.4775|0.471429|0.462941,u008_e018|u008_e003|u008_e016,0.6666666666666666,0.5,1.0,0.6666666666666666,0.7625024946924551,250,0.0
3,u008,u008_q018,task,task_priority,我还有什么低优先级但今天可能会干扰我的事？,proposed_TMT_decay_event_memory,u008_e015|u008_e014|u008_e007,Mixed review and reminder|Mixed planning for today|品牌合作 status update,0.844676|0.784319|0.758506,u008_e018|u008_e003|u008_e016,0.0,0.0,0.0,0.0,0.0,244,0.0
1,u008,u008_q019,task,task_status,那个类似视频脚本的旧任务还需要今天做吗？,recency_only,u008_e014,Mixed planning for today,1.0,u008_e017|u008_e001,0.0,0.0,0.0,0.0,0.0,91,0.0
1,u008,u008_q019,task,task_status,那个类似视频脚本的旧任务还需要今天做吗？,similarity_only,u008_e017,Semantic similar wrong status,0.140845,u008_e017|u008_e001,0.5,0.0,1.0,0.5,0.7039180890341347,82,0.0
1,u008,u008_q019,task,task_status,那个类似视频脚本的旧任务还需要今天做吗？,recency_similarity_hybrid,u008_e014,Mixed planning for today,0.498125,u008_e017|u008_e001,0.0,0.0,0.0,0.0,0.0,91,0.0
1,u008,u008_q019,task,task_status,那个类似视频脚本的旧任务还需要今天做吗？,proposed_TMT_decay_event_memory,u008_e015,Mixed review and reminder,0.844676,u008_e017|u008_e001,0.0,0.0,0.0,0.0,0.0,82,0.0
2,u008,u008_q019,task,task_status,那个类似视频脚本的旧任务还需要今天做吗？,recency_only,u008_e014|u008_e015,Mixed planning for today|Mixed review and reminder,1.0|1.0,u008_e017|u008_e001,0.0,0.0,0.0,0.0,0.0,172,0.0
2,u008,u008_q019,task,task_status,那个类似视频脚本的旧任务还需要今天做吗？,similarity_only,u008_e017|u008_e005,Semantic similar wrong status|视频脚本 status update,0.140845|0.122807,u008_e017|u008_e001,0.5,0.0,1.0,0.5,0.7039180890341347,143,0.0
2,u008,u008_q019,task,task_status,那个类似视频脚本的旧任务还需要今天做吗？,recency_similarity_hybrid,u008_e014|u008_e018,Mixed planning for today|Urgent wrong domain,0.498125|0.492308,u008_e017|u008_e001,0.0,0.0,0.0,0.0,0.0,173,0.0
2,u008,u008_q019,task,task_status,那个类似视频脚本的旧任务还需要今天做吗？,proposed_TMT_decay_event_memory,u008_e015|u008_e014,Mixed review and reminder|Mixed planning for today,0.844676|0.824415,u008_e017|u008_e001,0.0,0.0,0.0,0.0,0.0,172,0.0
3,u008,u008_q019,task,task_status,那个类似视频脚本的旧任务还需要今天做吗？,recency_only,u008_e014|u008_e015|u008_e016,Mixed planning for today|Mixed review and reminder|Recent irrelevant side matter,1.0|1.0|1.0,u008_e017|u008_e001,0.0,0.0,0.0,0.0,0.0,249,0.0
3,u008,u008_q019,task,task_status,那个类似视频脚本的旧任务还需要今天做吗？,similarity_only,u008_e017|u008_e005|u008_e014,Semantic similar wrong status|视频脚本 status update|Mixed planning for today,0.140845|0.122807|0.0875,u008_e017|u008_e001,0.5,0.0,1.0,0.5,0.7039180890341347,234,0.0
3,u008,u008_q019,task,task_status,那个类似视频脚本的旧任务还需要今天做吗？,recency_similarity_hybrid,u008_e014|u008_e018|u008_e016,Mixed planning for today|Urgent wrong domain|Recent irrelevant side matter,0.498125|0.492308|0.486667,u008_e017|u008_e001,0.0,0.0,0.0,0.0,0.0,250,0.0
3,u008,u008_q019,task,task_status,那个类似视频脚本的旧任务还需要今天做吗？,proposed_TMT_decay_event_memory,u008_e015|u008_e014|u008_e001,Mixed review and reminder|Mixed planning for today|视频脚本 planning,0.844676|0.824415|0.776792,u008_e017|u008_e001,0.5,1.0,0.0,0.5,0.23463936301137822,229,0.0
1,u008,u008_q020,chat,negative,我有没有提过要学习法语考试？,recency_only,u008_e014,Mixed planning for today,1.0,,1.0,,0.0,1.0,1.0,91,1.0
1,u008,u008_q020,chat,negative,我有没有提过要学习法语考试？,similarity_only,u008_e015,Mixed review and reminder,0.043478,,1.0,,0.0,1.0,1.0,82,1.0
1,u008,u008_q020,chat,negative,我有没有提过要学习法语考试？,recency_similarity_hybrid,u008_e015,Mixed review and reminder,0.473913,,1.0,,0.0,1.0,1.0,82,1.0
1,u008,u008_q020,chat,negative,我有没有提过要学习法语考试？,proposed_TMT_decay_event_memory,u008_e014,Mixed planning for today,0.891388,,1.0,,0.0,1.0,1.0,91,1.0
2,u008,u008_q020,chat,negative,我有没有提过要学习法语考试？,recency_only,u008_e014|u008_e015,Mixed planning for today|Mixed review and reminder,1.0|1.0,,1.0,,0.0,1.0,1.0,172,1.0
2,u008,u008_q020,chat,negative,我有没有提过要学习法语考试？,similarity_only,u008_e015|u008_e019,Mixed review and reminder|Old but stable preference,0.043478|0.028986,,1.0,,0.0,1.0,1.0,167,1.0
2,u008,u008_q020,chat,negative,我有没有提过要学习法语考试？,recency_similarity_hybrid,u008_e015|u008_e016,Mixed review and reminder|Recent irrelevant side matter,0.473913|0.457639,,1.0,,0.0,1.0,1.0,158,1.0
2,u008,u008_q020,chat,negative,我有没有提过要学习法语考试？,proposed_TMT_decay_event_memory,u008_e014|u008_e015,Mixed planning for today|Mixed review and reminder,0.891388|0.849317,,1.0,,0.0,1.0,1.0,172,1.0
3,u008,u008_q020,chat,negative,我有没有提过要学习法语考试？,recency_only,u008_e014|u008_e015|u008_e016,Mixed planning for today|Mixed review and reminder|Recent irrelevant side matter,1.0|1.0|1.0,,1.0,,0.0,1.0,1.0,249,1.0
3,u008,u008_q020,chat,negative,我有没有提过要学习法语考试？,similarity_only,u008_e015|u008_e019|u008_e004,Mixed review and reminder|Old but stable preference|素材剪辑 planning,0.043478|0.028986|0.015152,,1.0,,0.0,1.0,1.0,237,1.0
3,u008,u008_q020,chat,negative,我有没有提过要学习法语考试？,recency_similarity_hybrid,u008_e015|u008_e016|u008_e018,Mixed review and reminder|Recent irrelevant side matter|Urgent wrong domain,0.473913|0.457639|0.457237,,1.0,,0.0,1.0,1.0,240,1.0
3,u008,u008_q020,chat,negative,我有没有提过要学习法语考试？,proposed_TMT_decay_event_memory,u008_e014|u008_e015|u008_e010,Mixed planning for today|Mixed review and reminder|发布排期 dependency discussion,0.891388|0.849317|0.825251,,1.0,,0.0,1.0,1.0,252,1.0
1,u009,u009_q001,task,task_due,我最近最该先处理哪个医疗预约任务？,recency_only,u009_e014,Mixed planning for today,1.0,u009_e001|u009_e009,0.0,0.0,0.0,0.0,0.0,91,0.0
1,u009,u009_q001,task,task_due,我最近最该先处理哪个医疗预约任务？,similarity_only,u009_e005,医疗预约 status update,0.111111,u009_e001|u009_e009,0.0,0.0,0.0,0.0,0.0,62,0.0
1,u009,u009_q001,task,task_due,我最近最该先处理哪个医疗预约任务？,recency_similarity_hybrid,u009_e018,Urgent wrong domain,0.495205,u009_e001|u009_e009,0.0,0.0,0.0,0.0,0.0,82,0.0
1,u009,u009_q001,task,task_due,我最近最该先处理哪个医疗预约任务？,proposed_TMT_decay_event_memory,u009_e015,Mixed review and reminder,0.844676,u009_e001|u009_e009,0.0,0.0,0.0,0.0,0.0,82,0.0
2,u009,u009_q001,task,task_due,我最近最该先处理哪个医疗预约任务？,recency_only,u009_e014|u009_e015,Mixed planning for today|Mixed review and reminder,1.0|1.0,u009_e001|u009_e009,0.0,0.0,0.0,0.0,0.0,172,0.0
2,u009,u009_q001,task,task_due,我最近最该先处理哪个医疗预约任务？,similarity_only,u009_e005|u009_e017,医疗预约 status update|Semantic similar wrong status,0.111111|0.1,u009_e001|u009_e009,0.0,0.0,0.0,0.0,0.0,143,0.0
2,u009,u009_q001,task,task_due,我最近最该先处理哪个医疗预约任务？,recency_similarity_hybrid,u009_e018|u009_e016,Urgent wrong domain|Recent irrelevant side matter,0.495205|0.488732,u009_e001|u009_e009,0.0,0.0,0.0,0.0,0.0,159,0.0
2,u009,u009_q001,task,task_due,我最近最该先处理哪个医疗预约任务？,proposed_TMT_decay_event_memory,u009_e015|u009_e014,Mixed review and reminder|Mixed planning for today,0.844676|0.830573,u009_e001|u009_e009,0.0,0.0,0.0,0.0,0.0,172,0.0
3,u009,u009_q001,task,task_due,我最近最该先处理哪个医疗预约任务？,recency_only,u009_e014|u009_e015|u009_e016,Mixed planning for today|Mixed review and reminder|Recent irrelevant side matter,1.0|1.0|1.0,u009_e001|u009_e009,0.0,0.0,0.0,0.0,0.0,249,0.0
3,u009,u009_q001,task,task_due,我最近最该先处理哪个医疗预约任务？,similarity_only,u009_e005|u009_e017|u009_e018,医疗预约 status update|Semantic similar wrong status|Urgent wrong domain,0.111111|0.1|0.082192,u009_e001|u009_e009,0.0,0.0,0.0,0.0,0.0,225,0.0
3,u009,u009_q001,task,task_due,我最近最该先处理哪个医疗预约任务？,recency_similarity_hybrid,u009_e018|u009_e016|u009_e014,Urgent wrong domain|Recent irrelevant side matter|Mixed planning for today,0.495205|0.488732|0.485256,u009_e001|u009_e009,0.0,0.0,0.0,0.0,0.0,250,0.0
3,u009,u009_q001,task,task_due,我最近最该先处理哪个医疗预约任务？,proposed_TMT_decay_event_memory,u009_e015|u009_e014|u009_e001,Mixed review and reminder|Mixed planning for today|医疗预约 planning,0.844676|0.830573|0.782957,u009_e001|u009_e009,0.5,0.5,0.0,0.5,0.35195904451706733,230,0.0
1,u009,u009_q002,task,task_due,今天有哪些快到截止但不能被过度放大的事项？,recency_only,u009_e014,Mixed planning for today,1.0,u009_e001|u009_e018|u009_e007,0.0,0.0,0.0,0.0,0.0,91,0.0
1,u009,u009_q002,task,task_due,今天有哪些快到截止但不能被过度放大的事项？,similarity_only,u009_e012,Old preference record,0.12,u009_e001|u009_e018|u009_e007,0.0,0.0,0.0,0.0,0.0,73,0.0
1,u009,u009_q002,task,task_due,今天有哪些快到截止但不能被过度放大的事项？,recency_similarity_hybrid,u009_e018,Urgent wrong domain,0.507895,u009_e001|u009_e018|u009_e007,0.3333333333333333,0.5,1.0,0.3333333333333333,0.21000199575396408,82,0.0
1,u009,u009_q002,task,task_due,今天有哪些快到截止但不能被过度放大的事项？,proposed_TMT_decay_event_memory,u009_e015,Mixed review and reminder,0.844676,u009_e001|u009_e018|u009_e007,0.0,0.0,0.0,0.0,0.0,82,0.0
2,u009,u009_q002,task,task_due,今天有哪些快到截止但不能被过度放大的事项？,recency_only,u009_e014|u009_e015,Mixed planning for today|Mixed review and reminder,1.0|1.0,u009_e001|u009_e018|u009_e007,0.0,0.0,0.0,0.0,0.0,172,0.0
2,u009,u009_q002,task,task_due,今天有哪些快到截止但不能被过度放大的事项？,similarity_only,u009_e012|u009_e018,Old preference record|Urgent wrong domain,0.12|0.105263,u009_e001|u009_e018|u009_e007,0.3333333333333333,0.5,0.0,0.3333333333333333,0.13249650743056282,154,0.0
2,u009,u009_q002,task,task_due,今天有哪些快到截止但不能被过度放大的事项？,recency_similarity_hybrid,u009_e018|u009_e016,Urgent wrong domain|Recent irrelevant side matter,0.507895|0.471154,u009_e001|u009_e018|u009_e007,0.3333333333333333,0.5,1.0,0.3333333333333333,0.21000199575396408,159,0.0
2,u009,u009_q002,task,task_due,今天有哪些快到截止但不能被过度放大的事项？,proposed_TMT_decay_event_memory,u009_e015|u009_e014,Mixed review and reminder|Mixed planning for today,0.844676|0.784319,u009_e001|u009_e018|u009_e007,0.0,0.0,0.0,0.0,0.0,172,0.0
3,u009,u009_q002,task,task_due,今天有哪些快到截止但不能被过度放大的事项？,recency_only,u009_e014|u009_e015|u009_e016,Mixed planning for today|Mixed review and reminder|Recent irrelevant side matter,1.0|1.0|1.0,u009_e001|u009_e018|u009_e007,0.0,0.0,0.0,0.0,0.0,249,0.0
3,u009,u009_q002,task,task_due,今天有哪些快到截止但不能被过度放大的事项？,similarity_only,u009_e012|u009_e018|u009_e002,Old preference record|Urgent wrong domain|保险报销 planning,0.12|0.105263|0.055556,u009_e001|u009_e018|u009_e007,0.3333333333333333,0.5,0.0,0.3333333333333333,0.13249650743056282,216,0.0
3,u009,u009_q002,task,task_due,今天有哪些快到截止但不能被过度放大的事项？,recency_similarity_hybrid,u009_e018|u009_e016|u009_e015,Urgent wrong domain|Recent irrelevant side matter|Mixed review and reminder,0.507895|0.471154|0.463924,u009_e001|u009_e018|u009_e007,0.3333333333333333,0.5,1.0,0.3333333333333333,0.21000199575396408,240,0.0
3,u009,u009_q002,task,task_due,今天有哪些快到截止但不能被过度放大的事项？,proposed_TMT_decay_event_memory,u009_e015|u009_e014|u009_e007,Mixed review and reminder|Mixed planning for today|日常采购 status update,0.844676|0.784319|0.758506,u009_e001|u009_e018|u009_e007,0.3333333333333333,0.0,0.0,0.3333333333333333,0.21000199575396408,244,0.0
1,u009,u009_q003,task,task_priority,保险报销接下来应该推进什么？,recency_only,u009_e014,Mixed planning for today,1.0,u009_e002|u009_e006|u009_e010,0.0,0.0,0.0,0.0,0.0,91,0.0
1,u009,u009_q003,task,task_priority,保险报销接下来应该推进什么？,similarity_only,u009_e010,保险报销 dependency discussion,0.0625,u009_e002|u009_e006|u009_e010,0.3333333333333333,0.5,1.0,0.3333333333333333,0.38009376671593426,80,0.0
1,u009,u009_q003,task,task_priority,保险报销接下来应该推进什么？,recency_similarity_hybrid,u009_e015,Mixed review and reminder,0.481429,u009_e002|u009_e006|u009_e010,0.0,0.0,0.0,0.0,0.0,82,0.0
1,u009,u009_q003,task,task_priority,保险报销接下来应该推进什么？,proposed_TMT_decay_event_memory,u009_e015,Mixed review and reminder,0.900847,u009_e002|u009_e006|u009_e010,0.0,0.0,0.0,0.0,0.0,82,0.0
2,u009,u009_q003,task,task_priority,保险报销接下来应该推进什么？,recency_only,u009_e014|u009_e015,Mixed planning for today|Mixed review and reminder,1.0|1.0,u009_e002|u009_e006|u009_e010,0.0,0.0,0.0,0.0,0.0,172,0.0
2,u009,u009_q003,task,task_priority,保险报销接下来应该推进什么？,similarity_only,u009_e010|u009_e002,保险报销 dependency discussion|保险报销 planning,0.0625|0.061538,u009_e002|u009_e006|u009_e010,0.6666666666666666,1.0,1.0,0.6666666666666666,0.7398124665681314,141,0.0
2,u009,u009_q003,task,task_priority,保险报销接下来应该推进什么？,recency_similarity_hybrid,u009_e015|u009_e014,Mixed review and reminder|Mixed planning for today,0.481429|0.456875,u009_e002|u009_e006|u009_e010,0.0,0.0,0.0,0.0,0.0,172,0.0
2,u009,u009_q003,task,task_priority,保险报销接下来应该推进什么？,proposed_TMT_decay_event_memory,u009_e015|u009_e014,Mixed review and reminder|Mixed planning for today,0.900847|0.784319,u009_e002|u009_e006|u009_e010,0.0,0.0,0.0,0.0,0.0,172,0.0
3,u009,u009_q003,task,task_priority,保险报销接下来应该推进什么？,recency_only,u009_e014|u009_e015|u009_e016,Mixed planning for today|Mixed review and reminder|Recent irrelevant side matter,1.0|1.0|1.0,u009_e002|u009_e006|u009_e010,0.0,0.0,0.0,0.0,0.0,249,0.0
3,u009,u009_q003,task,task_priority,保险报销接下来应该推进什么？,similarity_only,u009_e010|u009_e002|u009_e006,保险报销 dependency discussion|保险报销 planning|保险报销 status update,0.0625|0.061538|0.061538,u009_e002|u009_e006|u009_e010,1.0,1.0,1.0,1.0,0.9298593499260985,213,1.0
3,u009,u009_q003,task,task_priority,保险报销接下来应该推进什么？,recency_similarity_hybrid,u009_e015|u009_e014|u009_e016,Mixed review and reminder|Mixed planning for today|Recent irrelevant side matter,0.481429|0.456875|0.45,u009_e002|u009_e006|u009_e010,0.0,0.0,0.0,0.0,0.0,249,0.0
3,u009,u009_q003,task,task_priority,保险报销接下来应该推进什么？,proposed_TMT_decay_event_memory,u009_e015|u009_e014|u009_e007,Mixed review and reminder|Mixed planning for today|日常采购 status update,0.900847|0.784319|0.758506,u009_e002|u009_e006|u009_e010,0.0,0.0,0.0,0.0,0.0,244,0.0
1,u009,u009_q004,task,task_priority,现在最重要但不一定最紧急的任务是什么？,recency_only,u009_e014,Mixed planning for today,1.0,u009_e002|u009_e001|u009_e004,0.0,0.0,0.0,0.0,0.0,91,0.0
1,u009,u009_q004,task,task_priority,现在最重要但不一定最紧急的任务是什么？,similarity_only,u009_e002,保险报销 planning,0.106061,u009_e002|u009_e001|u009_e004,0.3333333333333333,0.3333333333333333,1.0,0.3333333333333333,0.5701406500739014,62,0.0
1,u009,u009_q004,task,task_priority,现在最重要但不一定最紧急的任务是什么？,recency_similarity_hybrid,u009_e016,Recent irrelevant side matter,0.504225,u009_e002|u009_e001|u009_e004,0.0,0.0,0.0,0.0,0.0,77,0.0
1,u009,u009_q004,task,task_priority,现在最重要但不一定最紧急的任务是什么？,proposed_TMT_decay_event_memory,u009_e015,Mixed review and reminder,0.844676,u009_e002|u009_e001|u009_e004,0.0,0.0,0.0,0.0,0.0,82,0.0
2,u009,u009_q004,task,task_priority,现在最重要但不一定最紧急的任务是什么？,recency_only,u009_e014|u009_e015,Mixed planning for today|Mixed review and reminder,1.0|1.0,u009_e002|u009_e001|u009_e004,0.0,0.0,0.0,0.0,0.0,172,0.0
2,u009,u009_q004,task,task_priority,现在最重要但不一定最紧急的任务是什么？,similarity_only,u009_e002|u009_e016,保险报销 planning|Recent irrelevant side matter,0.106061|0.098592,u009_e002|u009_e001|u009_e004,0.3333333333333333,0.3333333333333333,1.0,0.3333333333333333,0.5701406500739014,139,0.0
2,u009,u009_q004,task,task_priority,现在最重要但不一定最紧急的任务是什么？,recency_similarity_hybrid,u009_e016|u009_e018,Recent irrelevant side matter|Urgent wrong domain,0.504225|0.478571,u009_e002|u009_e001|u009_e004,0.0,0.0,0.0,0.0,0.0,159,0.0
2,u009,u009_q004,task,task_priority,现在最重要但不一定最紧急的任务是什么？,proposed_TMT_decay_event_memory,u009_e015|u009_e014,Mixed review and reminder|Mixed planning for today,0.844676|0.784319,u009_e002|u009_e001|u009_e004,0.0,0.0,0.0,0.0,0.0,172,0.0
3,u009,u009_q004,task,task_priority,现在最重要但不一定最紧急的任务是什么？,recency_only,u009_e014|u009_e015|u009_e016,Mixed planning for today|Mixed review and reminder|Recent irrelevant side matter,1.0|1.0|1.0,u009_e002|u009_e001|u009_e004,0.0,0.0,0.0,0.0,0.0,249,0.0
3,u009,u009_q004,task,task_priority,现在最重要但不一定最紧急的任务是什么？,similarity_only,u009_e002|u009_e016|u009_e003,保险报销 planning|Recent irrelevant side matter|日常采购 planning,0.106061|0.098592|0.069444,u009_e002|u009_e001|u009_e004,0.3333333333333333,0.3333333333333333,1.0,0.3333333333333333,0.5701406500739014,210,0.0
3,u009,u009_q004,task,task_priority,现在最重要但不一定最紧急的任务是什么？,recency_similarity_hybrid,u009_e016|u009_e018|u009_e015,Recent irrelevant side matter|Urgent wrong domain|Mixed review and reminder,0.504225|0.478571|0.472,u009_e002|u009_e001|u009_e004,0.0,0.0,0.0,0.0,0.0,240,0.0
3,u009,u009_q004,task,task_priority,现在最重要但不一定最紧急的任务是什么？,proposed_TMT_decay_event_memory,u009_e015|u009_e014|u009_e007,Mixed review and reminder|Mixed planning for today|日常采购 status update,0.844676|0.784319|0.758506,u009_e002|u009_e001|u009_e004,0.0,0.0,0.0,0.0,0.0,244,0.0
1,u009,u009_q005,task,task_status,医疗预约还有什么没完成？,recency_only,u009_e014,Mixed planning for today,1.0,u009_e005|u009_e001|u009_e017,0.0,0.0,0.0,0.0,0.0,91,0.0
1,u009,u009_q005,task,task_status,医疗预约还有什么没完成？,similarity_only,u009_e005,医疗预约 status update,0.12,u009_e005|u009_e001|u009_e017,0.3333333333333333,0.0,1.0,0.3333333333333333,0.5562983930884396,62,0.0
1,u009,u009_q005,task,task_status,医疗预约还有什么没完成？,recency_similarity_hybrid,u009_e018,Urgent wrong domain,0.489286,u009_e005|u009_e001|u009_e017,0.0,0.0,0.0,0.0,0.0,82,0.0
1,u009,u009_q005,task,task_status,医疗预约还有什么没完成？,proposed_TMT_decay_event_memory,u009_e015,Mixed review and reminder,0.844676,u009_e005|u009_e001|u009_e017,0.0,0.0,0.0,0.0,0.0,82,0.0
2,u009,u009_q005,task,task_status,医疗预约还有什么没完成？,recency_only,u009_e014|u009_e015,Mixed planning for today|Mixed review and reminder,1.0|1.0,u009_e005|u009_e001|u009_e017,0.0,0.0,0.0,0.0,0.0,172,0.0
2,u009,u009_q005,task,task_status,医疗预约还有什么没完成？,similarity_only,u009_e005|u009_e007,医疗预约 status update|日常采购 status update,0.12|0.09375,u009_e005|u009_e001|u009_e017,0.3333333333333333,0.0,1.0,0.3333333333333333,0.5562983930884396,133,0.0
2,u009,u009_q005,task,task_status,医疗预约还有什么没完成？,recency_similarity_hybrid,u009_e018|u009_e014,Urgent wrong domain|Mixed planning for today,0.489286|0.479333,u009_e005|u009_e001|u009_e017,0.0,0.0,0.0,0.0,0.0,173,0.0
2,u009,u009_q005,task,task_status,医疗预约还有什么没完成？,proposed_TMT_decay_event_memory,u009_e015|u009_e014,Mixed review and reminder|Mixed planning for today,0.844676|0.838963,u009_e005|u009_e001|u009_e017,0.0,0.0,0.0,0.0,0.0,172,0.0
3,u009,u009_q005,task,task_status,医疗预约还有什么没完成？,recency_only,u009_e014|u009_e015|u009_e016,Mixed planning for today|Mixed review and reminder|Recent irrelevant side matter,1.0|1.0|1.0,u009_e005|u009_e001|u009_e017,0.0,0.0,0.0,0.0,0.0,249,0.0
3,u009,u009_q005,task,task_status,医疗预约还有什么没完成？,similarity_only,u009_e005|u009_e007|u009_e017,医疗预约 status update|日常采购 status update|Semantic similar wrong status,0.12|0.09375|0.089552,u009_e005|u009_e001|u009_e017,0.6666666666666666,0.0,1.0,0.6666666666666666,0.649014791936513,214,0.0
3,u009,u009_q005,task,task_status,医疗预约还有什么没完成？,recency_similarity_hybrid,u009_e018|u009_e014|u009_e015,Urgent wrong domain|Mixed planning for today|Mixed review and reminder,0.489286|0.479333|0.45,u009_e005|u009_e001|u009_e017,0.0,0.0,0.0,0.0,0.0,254,0.0
3,u009,u009_q005,task,task_status,医疗预约还有什么没完成？,proposed_TMT_decay_event_memory,u009_e015|u009_e014|u009_e001,Mixed review and reminder|Mixed planning for today|医疗预约 planning,0.844676|0.838963|0.791871,u009_e005|u009_e001|u009_e017,0.3333333333333333,1.0,0.0,0.3333333333333333,0.2781491965442198,230,0.0
1,u009,u009_q006,task,task_status,保险报销的资料收集完成了吗？,recency_only,u009_e014,Mixed planning for today,1.0,u009_e006,0.0,1.0,0.0,0.0,0.0,91,0.0
1,u009,u009_q006,task,task_status,保险报销的资料收集完成了吗？,similarity_only,u009_e010,保险报销 dependency discussion,0.172414,u009_e006,0.0,1.0,0.0,0.0,0.0,80,0.0
1,u009,u009_q006,task,task_status,保险报销的资料收集完成了吗？,recency_similarity_hybrid,u009_e015,Mixed review and reminder,0.481429,u009_e006,0.0,1.0,0.0,0.0,0.0,82,0.0
1,u009,u009_q006,task,task_status,保险报销的资料收集完成了吗？,proposed_TMT_decay_event_memory,u009_e015,Mixed review and reminder,0.900847,u009_e006,0.0,1.0,0.0,0.0,0.0,82,0.0
2,u009,u009_q006,task,task_status,保险报销的资料收集完成了吗？,recency_only,u009_e014|u009_e015,Mixed planning for today|Mixed review and reminder,1.0|1.0,u009_e006,0.0,1.0,0.0,0.0,0.0,172,0.0
2,u009,u009_q006,task,task_status,保险报销的资料收集完成了吗？,similarity_only,u009_e010|u009_e006,保险报销 dependency discussion|保险报销 status update,0.172414|0.112903,u009_e006,1.0,1.0,0.0,1.0,0.6309297535714574,151,1.0
2,u009,u009_q006,task,task_status,保险报销的资料收集完成了吗？,recency_similarity_hybrid,u009_e015|u009_e016,Mixed review and reminder|Recent irrelevant side matter,0.481429|0.465278,u009_e006,0.0,1.0,0.0,0.0,0.0,158,0.0
2,u009,u009_q006,task,task_status,保险报销的资料收集完成了吗？,proposed_TMT_decay_event_memory,u009_e015|u009_e014,Mixed review and reminder|Mixed planning for today,0.900847|0.784319,u009_e006,0.0,1.0,0.0,0.0,0.0,172,0.0
3,u009,u009_q006,task,task_status,保险报销的资料收集完成了吗？,recency_only,u009_e014|u009_e015|u009_e016,Mixed planning for today|Mixed review and reminder|Recent irrelevant side matter,1.0|1.0|1.0,u009_e006,0.0,1.0,0.0,0.0,0.0,249,0.0
3,u009,u009_q006,task,task_status,保险报销的资料收集完成了吗？,similarity_only,u009_e010|u009_e006|u009_e002,保险报销 dependency discussion|保险报销 status update|保险报销 planning,0.172414|0.112903|0.095238,u009_e006,1.0,1.0,0.0,1.0,0.6309297535714574,213,1.0
3,u009,u009_q006,task,task_status,保险报销的资料收集完成了吗？,recency_similarity_hybrid,u009_e015|u009_e016|u009_e018,Mixed review and reminder|Recent irrelevant side matter|Urgent wrong domain,0.481429|0.465278|0.457237,u009_e006,0.0,1.0,0.0,0.0,0.0,240,0.0
3,u009,u009_q006,task,task_status,保险报销的资料收集完成了吗？,proposed_TMT_decay_event_memory,u009_e015|u009_e014|u009_e007,Mixed review and reminder|Mixed planning for today|日常采购 status update,0.900847|0.784319|0.758506,u009_e006,0.0,1.0,0.0,0.0,0.0,244,0.0
1,u009,u009_q007,task,task_status,日常采购那个过期事项现在应该怎么处理？,recency_only,u009_e014,Mixed planning for today,1.0,u009_e007,0.0,0.0,0.0,0.0,0.0,91,0.0
1,u009,u009_q007,task,task_status,日常采购那个过期事项现在应该怎么处理？,similarity_only,u009_e007,日常采购 status update,0.115942,u009_e007,1.0,1.0,1.0,1.0,1.0,72,1.0
1,u009,u009_q007,task,task_status,日常采购那个过期事项现在应该怎么处理？,recency_similarity_hybrid,u009_e018,Urgent wrong domain,0.501333,u009_e007,0.0,0.0,0.0,0.0,0.0,82,0.0
1,u009,u009_q007,task,task_status,日常采购那个过期事项现在应该怎么处理？,proposed_TMT_decay_event_memory,u009_e015,Mixed review and reminder,0.844676,u009_e007,0.0,0.0,0.0,0.0,0.0,82,0.0
2,u009,u009_q007,task,task_status,日常采购那个过期事项现在应该怎么处理？,recency_only,u009_e014|u009_e015,Mixed planning for today|Mixed review and reminder,1.0|1.0,u009_e007,0.0,0.0,0.0,0.0,0.0,172,0.0
2,u009,u009_q007,task,task_status,日常采购那个过期事项现在应该怎么处理？,similarity_only,u009_e007|u009_e018,日常采购 status update|Urgent wrong domain,0.115942|0.093333,u009_e007,1.0,1.0,1.0,1.0,1.0,154,1.0
2,u009,u009_q007,task,task_status,日常采购那个过期事项现在应该怎么处理？,recency_similarity_hybrid,u009_e018|u009_e015,Urgent wrong domain|Mixed review and reminder,0.501333|0.471711,u009_e007,0.0,0.0,0.0,0.0,0.0,163,0.0
2,u009,u009_q007,task,task_status,日常采购那个过期事项现在应该怎么处理？,proposed_TMT_decay_event_memory,u009_e015|u009_e007,Mixed review and reminder|日常采购 status update,0.844676|0.802637,u009_e007,1.0,1.0,0.0,1.0,0.6309297535714574,153,1.0
3,u009,u009_q007,task,task_status,日常采购那个过期事项现在应该怎么处理？,recency_only,u009_e014|u009_e015|u009_e016,Mixed planning for today|Mixed review and reminder|Recent irrelevant side matter,1.0|1.0|1.0,u009_e007,0.0,0.0,0.0,0.0,0.0,249,0.0
3,u009,u009_q007,task,task_status,日常采购那个过期事项现在应该怎么处理？,similarity_only,u009_e007|u009_e018|u009_e003,日常采购 status update|Urgent wrong domain|日常采购 planning,0.115942|0.093333|0.083333,u009_e007,1.0,1.0,1.0,1.0,1.0,225,1.0
3,u009,u009_q007,task,task_status,日常采购那个过期事项现在应该怎么处理？,recency_similarity_hybrid,u009_e018|u009_e015|u009_e016,Urgent wrong domain|Mixed review and reminder|Recent irrelevant side matter,0.501333|0.471711|0.464286,u009_e007,0.0,0.0,0.0,0.0,0.0,240,0.0
3,u009,u009_q007,task,task_status,日常采购那个过期事项现在应该怎么处理？,proposed_TMT_decay_event_memory,u009_e015|u009_e007|u009_e014,Mixed review and reminder|日常采购 status update|Mixed planning for today,0.844676|0.802637|0.784319,u009_e007,1.0,1.0,0.0,1.0,0.6309297535714574,244,1.0
1,u009,u009_q008,task,task_context,医疗预约为什么现在还不能最终完成？,recency_only,u009_e014,Mixed planning for today,1.0,u009_e009|u009_e005,0.0,0.0,0.0,0.0,0.0,91,0.0
1,u009,u009_q008,task,task_context,医疗预约为什么现在还不能最终完成？,similarity_only,u009_e005,医疗预约 status update,0.109091,u009_e009|u009_e005,0.5,0.0,1.0,0.5,0.46927872602275644,62,0.0
1,u009,u009_q008,task,task_context,医疗预约为什么现在还不能最终完成？,recency_similarity_hybrid,u009_e018,Urgent wrong domain,0.486667,u009_e009|u009_e005,0.0,0.0,0.0,0.0,0.0,82,0.0
1,u009,u009_q008,task,task_context,医疗预约为什么现在还不能最终完成？,proposed_TMT_decay_event_memory,u009_e015,Mixed review and reminder,0.844676,u009_e009|u009_e005,0.0,0.0,0.0,0.0,0.0,82,0.0
2,u009,u009_q008,task,task_context,医疗预约为什么现在还不能最终完成？,recency_only,u009_e014|u009_e015,Mixed planning for today|Mixed review and reminder,1.0|1.0,u009_e009|u009_e005,0.0,0.0,0.0,0.0,0.0,172,0.0
2,u009,u009_q008,task,task_context,医疗预约为什么现在还不能最终完成？,similarity_only,u009_e005|u009_e007,医疗预约 status update|日常采购 status update,0.109091|0.086957,u009_e009|u009_e005,0.5,0.0,1.0,0.5,0.46927872602275644,133,0.0
2,u009,u009_q008,task,task_context,医疗预约为什么现在还不能最终完成？,recency_similarity_hybrid,u009_e018|u009_e014,Urgent wrong domain|Mixed planning for today,0.486667|0.4775,u009_e009|u009_e005,0.0,0.0,0.0,0.0,0.0,173,0.0
2,u009,u009_q008,task,task_context,医疗预约为什么现在还不能最终完成？,proposed_TMT_decay_event_memory,u009_e015|u009_e014,Mixed review and reminder|Mixed planning for today,0.844676|0.828863,u009_e009|u009_e005,0.0,0.0,0.0,0.0,0.0,172,0.0
3,u009,u009_q008,task,task_context,医疗预约为什么现在还不能最终完成？,recency_only,u009_e014|u009_e015|u009_e016,Mixed planning for today|Mixed review and reminder|Recent irrelevant side matter,1.0|1.0|1.0,u009_e009|u009_e005,0.0,0.0,0.0,0.0,0.0,249,0.0
3,u009,u009_q008,task,task_context,医疗预约为什么现在还不能最终完成？,similarity_only,u009_e005|u009_e007|u009_e017,医疗预约 status update|日常采购 status update|Semantic similar wrong status,0.109091|0.086957|0.083333,u009_e009|u009_e005,0.5,0.0,1.0,0.5,0.46927872602275644,214,0.0
3,u009,u009_q008,task,task_context,医疗预约为什么现在还不能最终完成？,recency_similarity_hybrid,u009_e018|u009_e014|u009_e016,Urgent wrong domain|Mixed planning for today|Recent irrelevant side matter,0.486667|0.4775|0.457237,u009_e009|u009_e005,0.0,0.0,0.0,0.0,0.0,250,0.0
3,u009,u009_q008,task,task_context,医疗预约为什么现在还不能最终完成？,proposed_TMT_decay_event_memory,u009_e015|u009_e014|u009_e001,Mixed review and reminder|Mixed planning for today|医疗预约 planning,0.844676|0.828863|0.781146,u009_e009|u009_e005,0.0,0.0,0.0,0.0,0.0,230,0.0
1,u009,u009_q009,task,task_context,家人用药当前有效计划是什么？,recency_only,u009_e014,Mixed planning for today,1.0,u009_e008|u009_e020,0.0,1.0,0.0,0.0,0.0,91,0.0
1,u009,u009_q009,task,task_context,家人用药当前有效计划是什么？,similarity_only,u009_e004,家人用药 planning,0.098361,u009_e008|u009_e020,0.0,1.0,0.0,0.0,0.0,71,0.0
1,u009,u009_q009,task,task_context,家人用药当前有效计划是什么？,recency_similarity_hybrid,u009_e014,Mixed planning for today,0.471154,u009_e008|u009_e020,0.0,1.0,0.0,0.0,0.0,91,0.0
1,u009,u009_q009,task,task_context,家人用药当前有效计划是什么？,proposed_TMT_decay_event_memory,u009_e015,Mixed review and reminder,0.844676,u009_e008|u009_e020,0.0,1.0,0.0,0.0,0.0,82,0.0
2,u009,u009_q009,task,task_context,家人用药当前有效计划是什么？,recency_only,u009_e014|u009_e015,Mixed planning for today|Mixed review and reminder,1.0|1.0,u009_e008|u009_e020,0.0,1.0,0.0,0.0,0.0,172,0.0
2,u009,u009_q009,task,task_context,家人用药当前有效计划是什么？,similarity_only,u009_e004|u009_e008,家人用药 planning|家人用药 status update,0.098361|0.095238,u009_e008|u009_e020,0.5,1.0,0.0,0.5,0.52129602861432,143,0.0
2,u009,u009_q009,task,task_context,家人用药当前有效计划是什么？,recency_similarity_hybrid,u009_e014|u009_e018,Mixed planning for today|Urgent wrong domain,0.471154|0.464667,u009_e008|u009_e020,0.0,1.0,0.0,0.0,0.0,173,0.0
2,u009,u009_q009,task,task_context,家人用药当前有效计划是什么？,proposed_TMT_decay_event_memory,u009_e015|u009_e014,Mixed review and reminder|Mixed planning for today,0.844676|0.784319,u009_e008|u009_e020,0.0,1.0,0.0,0.0,0.0,172,0.0
3,u009,u009_q009,task,task_context,家人用药当前有效计划是什么？,recency_only,u009_e014|u009_e015|u009_e016,Mixed planning for today|Mixed review and reminder|Recent irrelevant side matter,1.0|1.0|1.0,u009_e008|u009_e020,0.0,1.0,0.0,0.0,0.0,249,0.0
3,u009,u009_q009,task,task_context,家人用药当前有效计划是什么？,similarity_only,u009_e004|u009_e008|u009_e020,家人用药 planning|家人用药 status update|Superseded MU distractor,0.098361|0.095238|0.073529,u009_e008|u009_e020,1.0,1.0,0.0,1.0,0.6590018048024133,225,1.0
3,u009,u009_q009,task,task_context,家人用药当前有效计划是什么？,recency_similarity_hybrid,u009_e014|u009_e018|u009_e015,Mixed planning for today|Urgent wrong domain|Mixed review and reminder,0.471154|0.464667|0.457534,u009_e008|u009_e020,0.0,1.0,0.0,0.0,0.0,254,0.0
3,u009,u009_q009,task,task_context,家人用药当前有效计划是什么？,proposed_TMT_decay_event_memory,u009_e015|u009_e014|u009_e007,Mixed review and reminder|Mixed planning for today|日常采购 status update,0.844676|0.784319|0.758506,u009_e008|u009_e020,0.0,1.0,0.0,0.0,0.0,244,0.0
1,u009,u009_q010,task,task_dependency,做医疗预约前还缺什么依赖？,recency_only,u009_e014,Mixed planning for today,1.0,u009_e009|u009_e014,0.5,0.0,1.0,0.5,0.46927872602275644,91,0.0
1,u009,u009_q010,task,task_dependency,做医疗预约前还缺什么依赖？,similarity_only,u009_e009,医疗预约 dependency discussion,0.116667,u009_e009|u009_e014,0.5,1.0,1.0,0.5,0.7039180890341347,83,0.0
1,u009,u009_q010,task,task_dependency,做医疗预约前还缺什么依赖？,recency_similarity_hybrid,u009_e018,Urgent wrong domain,0.480556,u009_e009|u009_e014,0.0,0.0,0.0,0.0,0.0,82,0.0
1,u009,u009_q010,task,task_dependency,做医疗预约前还缺什么依赖？,proposed_TMT_decay_event_memory,u009_e015,Mixed review and reminder,0.844676,u009_e009|u009_e014,0.0,0.0,0.0,0.0,0.0,82,0.0
2,u009,u009_q010,task,task_dependency,做医疗预约前还缺什么依赖？,recency_only,u009_e014|u009_e015,Mixed planning for today|Mixed review and reminder,1.0|1.0,u009_e009|u009_e014,0.5,0.0,1.0,0.5,0.46927872602275644,172,0.0
2,u009,u009_q010,task,task_dependency,做医疗预约前还缺什么依赖？,similarity_only,u009_e009|u009_e005,医疗预约 dependency discussion|医疗预约 status update,0.116667|0.075472,u009_e009|u009_e014,0.5,1.0,1.0,0.5,0.7039180890341347,145,0.0
2,u009,u009_q010,task,task_dependency,做医疗预约前还缺什么依赖？,recency_similarity_hybrid,u009_e018|u009_e014,Urgent wrong domain|Mixed planning for today,0.480556|0.478947,u009_e009|u009_e014,0.5,0.0,0.0,0.5,0.2960819109658652,173,0.0
2,u009,u009_q010,task,task_dependency,做医疗预约前还缺什么依赖？,proposed_TMT_decay_event_memory,u009_e015|u009_e014,Mixed review and reminder|Mixed planning for today,0.844676|0.836593,u009_e009|u009_e014,0.5,0.0,0.0,0.5,0.2960819109658652,172,0.0
3,u009,u009_q010,task,task_dependency,做医疗预约前还缺什么依赖？,recency_only,u009_e014|u009_e015|u009_e016,Mixed planning for today|Mixed review and reminder|Recent irrelevant side matter,1.0|1.0|1.0,u009_e009|u009_e014,0.5,0.0,1.0,0.5,0.46927872602275644,249,0.0
3,u009,u009_q010,task,task_dependency,做医疗预约前还缺什么依赖？,similarity_only,u009_e009|u009_e005|u009_e007,医疗预约 dependency discussion|医疗预约 status update|日常采购 status update,0.116667|0.075472|0.059701,u009_e009|u009_e014,0.5,1.0,1.0,0.5,0.7039180890341347,216,0.0
3,u009,u009_q010,task,task_dependency,做医疗预约前还缺什么依赖？,recency_similarity_hybrid,u009_e018|u009_e014|u009_e015,Urgent wrong domain|Mixed planning for today|Mixed review and reminder,0.480556|0.478947|0.465493,u009_e009|u009_e014,0.5,0.0,0.0,0.5,0.2960819109658652,254,0.0
3,u009,u009_q010,task,task_dependency,做医疗预约前还缺什么依赖？,proposed_TMT_decay_event_memory,u009_e015|u009_e014|u009_e001,Mixed review and reminder|Mixed planning for today|医疗预约 planning,0.844676|0.836593|0.789347,u009_e009|u009_e014,0.5,0.0,0.0,0.5,0.2960819109658652,230,0.0
1,u009,u009_q011,task,task_dependency,保险报销卡住的前置条件是什么？,recency_only,u009_e014,Mixed planning for today,1.0,u009_e010|u009_e006|u009_e015,0.0,1.0,0.0,0.0,0.0,91,0.0
1,u009,u009_q011,task,task_dependency,保险报销卡住的前置条件是什么？,similarity_only,u009_e010,保险报销 dependency discussion,0.078125,u009_e010|u009_e006|u009_e015,0.3333333333333333,1.0,1.0,0.3333333333333333,0.5090967735771897,80,0.0
1,u009,u009_q011,task,task_dependency,保险报销卡住的前置条件是什么？,recency_similarity_hybrid,u009_e015,Mixed review and reminder,0.480986,u009_e010|u009_e006|u009_e015,0.3333333333333333,1.0,1.0,0.3333333333333333,0.3393978490514598,82,0.0
1,u009,u009_q011,task,task_dependency,保险报销卡住的前置条件是什么？,proposed_TMT_decay_event_memory,u009_e015,Mixed review and reminder,0.898266,u009_e010|u009_e006|u009_e015,0.3333333333333333,1.0,1.0,0.3333333333333333,0.3393978490514598,82,0.0
2,u009,u009_q011,task,task_dependency,保险报销卡住的前置条件是什么？,recency_only,u009_e014|u009_e015,Mixed planning for today|Mixed review and reminder,1.0|1.0,u009_e010|u009_e006|u009_e015,0.3333333333333333,1.0,0.0,0.3333333333333333,0.21413620126472027,172,0.0
2,u009,u009_q011,task,task_dependency,保险报销卡住的前置条件是什么？,similarity_only,u009_e010|u009_e002,保险报销 dependency discussion|保险报销 planning,0.078125|0.076923,u009_e010|u009_e006|u009_e015,0.3333333333333333,1.0,1.0,0.3333333333333333,0.5090967735771897,141,0.0
2,u009,u009_q011,task,task_dependency,保险报销卡住的前置条件是什么？,recency_similarity_hybrid,u009_e015|u009_e016,Mixed review and reminder|Recent irrelevant side matter,0.480986|0.457432,u009_e010|u009_e006|u009_e015,0.3333333333333333,1.0,1.0,0.3333333333333333,0.3393978490514598,158,0.0
2,u009,u009_q011,task,task_dependency,保险报销卡住的前置条件是什么？,proposed_TMT_decay_event_memory,u009_e015|u009_e014,Mixed review and reminder|Mixed planning for today,0.898266|0.784319,u009_e010|u009_e006|u009_e015,0.3333333333333333,1.0,1.0,0.3333333333333333,0.3393978490514598,172,0.0
3,u009,u009_q011,task,task_dependency,保险报销卡住的前置条件是什么？,recency_only,u009_e014|u009_e015|u009_e016,Mixed planning for today|Mixed review and reminder|Recent irrelevant side matter,1.0|1.0|1.0,u009_e010|u009_e006|u009_e015,0.3333333333333333,1.0,0.0,0.3333333333333333,0.21413620126472027,249,0.0
3,u009,u009_q011,task,task_dependency,保险报销卡住的前置条件是什么？,similarity_only,u009_e010|u009_e002|u009_e006,保险报销 dependency discussion|保险报销 planning|保险报销 status update,0.078125|0.076923|0.060606,u009_e010|u009_e006|u009_e015,0.6666666666666666,1.0,1.0,0.6666666666666666,0.7636451603657846,213,0.0
3,u009,u009_q011,task,task_dependency,保险报销卡住的前置条件是什么？,recency_similarity_hybrid,u009_e015|u009_e016|u009_e018,Mixed review and reminder|Recent irrelevant side matter|Urgent wrong domain,0.480986|0.457432|0.457143,u009_e010|u009_e006|u009_e015,0.3333333333333333,1.0,1.0,0.3333333333333333,0.3393978490514598,240,0.0
3,u009,u009_q011,task,task_dependency,保险报销卡住的前置条件是什么？,proposed_TMT_decay_event_memory,u009_e015|u009_e014|u009_e007,Mixed review and reminder|Mixed planning for today|日常采购 status update,0.898266|0.784319|0.758506,u009_e010|u009_e006|u009_e015,0.3333333333333333,1.0,1.0,0.3333333333333333,0.3393978490514598,244,0.0
1,u009,u009_q012,chat,chat_preference,我做计划时有什么稳定偏好？,recency_only,u009_e014,Mixed planning for today,1.0,u009_e011|u009_e019,0.0,,0.0,0.0,0.0,91,0.0
1,u009,u009_q012,chat,chat_preference,我做计划时有什么稳定偏好？,similarity_only,u009_e019,Old but stable preference,0.092308,u009_e011|u009_e019,0.5,,1.0,0.5,0.6131471927654584,85,0.0
1,u009,u009_q012,chat,chat_preference,我做计划时有什么稳定偏好？,recency_similarity_hybrid,u009_e014,Mixed planning for today,0.478947,u009_e011|u009_e019,0.0,,0.0,0.0,0.0,91,0.0
1,u009,u009_q012,chat,chat_preference,我做计划时有什么稳定偏好？,proposed_TMT_decay_event_memory,u009_e014,Mixed planning for today,0.891388,u009_e011|u009_e019,0.0,,0.0,0.0,0.0,91,0.0
2,u009,u009_q012,chat,chat_preference,我做计划时有什么稳定偏好？,recency_only,u009_e014|u009_e015,Mixed planning for today|Mixed review and reminder,1.0|1.0,u009_e011|u009_e019,0.0,,0.0,0.0,0.0,172,0.0
2,u009,u009_q012,chat,chat_preference,我做计划时有什么稳定偏好？,similarity_only,u009_e019|u009_e014,Old but stable preference|Mixed planning for today,0.092308|0.052632,u009_e011|u009_e019,0.5,,1.0,0.5,0.6131471927654584,176,0.0
2,u009,u009_q012,chat,chat_preference,我做计划时有什么稳定偏好？,recency_similarity_hybrid,u009_e014|u009_e015,Mixed planning for today|Mixed review and reminder,0.478947|0.473571,u009_e011|u009_e019,0.0,,0.0,0.0,0.0,172,0.0
2,u009,u009_q012,chat,chat_preference,我做计划时有什么稳定偏好？,proposed_TMT_decay_event_memory,u009_e014|u009_e015,Mixed planning for today|Mixed review and reminder,0.891388|0.849317,u009_e011|u009_e019,0.0,,0.0,0.0,0.0,172,0.0
3,u009,u009_q012,chat,chat_preference,我做计划时有什么稳定偏好？,recency_only,u009_e014|u009_e015|u009_e016,Mixed planning for today|Mixed review and reminder|Recent irrelevant side matter,1.0|1.0|1.0,u009_e011|u009_e019,0.0,,0.0,0.0,0.0,249,0.0
3,u009,u009_q012,chat,chat_preference,我做计划时有什么稳定偏好？,similarity_only,u009_e019|u009_e014|u009_e011,Old but stable preference|Mixed planning for today|Stable preference and profile,0.092308|0.052632|0.047619,u009_e011|u009_e019,1.0,,1.0,1.0,0.9197207891481876,230,1.0
3,u009,u009_q012,chat,chat_preference,我做计划时有什么稳定偏好？,recency_similarity_hybrid,u009_e014|u009_e015|u009_e016,Mixed planning for today|Mixed review and reminder|Recent irrelevant side matter,0.478947|0.473571|0.457639,u009_e011|u009_e019,0.0,,0.0,0.0,0.0,249,0.0
3,u009,u009_q012,chat,chat_preference,我做计划时有什么稳定偏好？,proposed_TMT_decay_event_memory,u009_e014|u009_e015|u009_e010,Mixed planning for today|Mixed review and reminder|保险报销 dependency discussion,0.891388|0.849317|0.825251,u009_e011|u009_e019,0.0,,0.0,0.0,0.0,252,0.0
1,u009,u009_q013,chat,chat_preference,关于深度工作时间，我现在应该遵循哪个偏好？,recency_only,u009_e014,Mixed planning for today,1.0,u009_e013|u009_e012,0.0,,0.0,0.0,0.0,91,0.0
1,u009,u009_q013,chat,chat_preference,关于深度工作时间，我现在应该遵循哪个偏好？,similarity_only,u009_e013,Updated preference record,0.072464,u009_e013|u009_e012,0.5,,1.0,0.5,0.8262346571285599,71,0.0
1,u009,u009_q013,chat,chat_preference,关于深度工作时间，我现在应该遵循哪个偏好？,recency_similarity_hybrid,u009_e014,Mixed planning for today,0.483537,u009_e013|u009_e012,0.0,,0.0,0.0,0.0,91,0.0
1,u009,u009_q013,chat,chat_preference,关于深度工作时间，我现在应该遵循哪个偏好？,proposed_TMT_decay_event_memory,u009_e014,Mixed planning for today,0.891388,u009_e013|u009_e012,0.0,,0.0,0.0,0.0,91,0.0
2,u009,u009_q013,chat,chat_preference,关于深度工作时间，我现在应该遵循哪个偏好？,recency_only,u009_e014|u009_e015,Mixed planning for today|Mixed review and reminder,1.0|1.0,u009_e013|u009_e012,0.0,,0.0,0.0,0.0,172,0.0
2,u009,u009_q013,chat,chat_preference,关于深度工作时间，我现在应该遵循哪个偏好？,similarity_only,u009_e013|u009_e019,Updated preference record|Old but stable preference,0.072464|0.068493,u009_e013|u009_e012,0.5,,1.0,0.5,0.8262346571285599,156,0.0
2,u009,u009_q013,chat,chat_preference,关于深度工作时间，我现在应该遵循哪个偏好？,recency_similarity_hybrid,u009_e014|u009_e016,Mixed planning for today|Recent irrelevant side matter,0.483537|0.478947,u009_e013|u009_e012,0.0,,0.0,0.0,0.0,168,0.0
2,u009,u009_q013,chat,chat_preference,关于深度工作时间，我现在应该遵循哪个偏好？,proposed_TMT_decay_event_memory,u009_e014|u009_e015,Mixed planning for today|Mixed review and reminder,0.891388|0.849317,u009_e013|u009_e012,0.0,,0.0,0.0,0.0,172,0.0
3,u009,u009_q013,chat,chat_preference,关于深度工作时间，我现在应该遵循哪个偏好？,recency_only,u009_e014|u009_e015|u009_e016,Mixed planning for today|Mixed review and reminder|Recent irrelevant side matter,1.0|1.0|1.0,u009_e013|u009_e012,0.0,,0.0,0.0,0.0,249,0.0
3,u009,u009_q013,chat,chat_preference,关于深度工作时间，我现在应该遵循哪个偏好？,similarity_only,u009_e013|u009_e019|u009_e014,Updated preference record|Old but stable preference|Mixed planning for today,0.072464|0.068493|0.060976,u009_e013|u009_e012,0.5,,1.0,0.5,0.8262346571285599,247,0.0
3,u009,u009_q013,chat,chat_preference,关于深度工作时间，我现在应该遵循哪个偏好？,recency_similarity_hybrid,u009_e014|u009_e016|u009_e015,Mixed planning for today|Recent irrelevant side matter|Mixed review and reminder,0.483537|0.478947|0.471429,u009_e013|u009_e012,0.0,,0.0,0.0,0.0,249,0.0
3,u009,u009_q013,chat,chat_preference,关于深度工作时间，我现在应该遵循哪个偏好？,proposed_TMT_decay_event_memory,u009_e014|u009_e015|u009_e010,Mixed planning for today|Mixed review and reminder|保险报销 dependency discussion,0.891388|0.849317|0.825251,u009_e013|u009_e012,0.0,,0.0,0.0,0.0,252,0.0
1,u009,u009_q014,chat,chat_profile,我的背景和主要任务场景是什么？,recency_only,u009_e014,Mixed planning for today,1.0,u009_e011|u009_e001,0.0,,0.0,0.0,0.0,91,0.0
1,u009,u009_q014,chat,chat_profile,我的背景和主要任务场景是什么？,similarity_only,u009_e016,Recent irrelevant side matter,0.072464,u009_e011|u009_e001,0.0,,0.0,0.0,0.0,77,0.0
1,u009,u009_q014,chat,chat_profile,我的背景和主要任务场景是什么？,recency_similarity_hybrid,u009_e016,Recent irrelevant side matter,0.489855,u009_e011|u009_e001,0.0,,0.0,0.0,0.0,77,0.0
1,u009,u009_q014,chat,chat_profile,我的背景和主要任务场景是什么？,proposed_TMT_decay_event_memory,u009_e014,Mixed planning for today,0.891388,u009_e011|u009_e001,0.0,,0.0,0.0,0.0,91,0.0
2,u009,u009_q014,chat,chat_profile,我的背景和主要任务场景是什么？,recency_only,u009_e014|u009_e015,Mixed planning for today|Mixed review and reminder,1.0|1.0,u009_e011|u009_e001,0.0,,0.0,0.0,0.0,172,0.0
2,u009,u009_q014,chat,chat_profile,我的背景和主要任务场景是什么？,similarity_only,u009_e016|u009_e002,Recent irrelevant side matter|保险报销 planning,0.072464|0.061538,u009_e011|u009_e001,0.0,,0.0,0.0,0.0,139,0.0
2,u009,u009_q014,chat,chat_profile,我的背景和主要任务场景是什么？,recency_similarity_hybrid,u009_e016|u009_e015,Recent irrelevant side matter|Mixed review and reminder,0.489855|0.481429,u009_e011|u009_e001,0.0,,0.0,0.0,0.0,158,0.0
2,u009,u009_q014,chat,chat_profile,我的背景和主要任务场景是什么？,proposed_TMT_decay_event_memory,u009_e014|u009_e015,Mixed planning for today|Mixed review and reminder,0.891388|0.849317,u009_e011|u009_e001,0.0,,0.0,0.0,0.0,172,0.0
3,u009,u009_q014,chat,chat_profile,我的背景和主要任务场景是什么？,recency_only,u009_e014|u009_e015|u009_e016,Mixed planning for today|Mixed review and reminder|Recent irrelevant side matter,1.0|1.0|1.0,u009_e011|u009_e001,0.0,,0.0,0.0,0.0,249,0.0
3,u009,u009_q014,chat,chat_profile,我的背景和主要任务场景是什么？,similarity_only,u009_e016|u009_e002|u009_e015,Recent irrelevant side matter|保险报销 planning|Mixed review and reminder,0.072464|0.061538|0.057143,u009_e011|u009_e001,0.0,,0.0,0.0,0.0,220,0.0
3,u009,u009_q014,chat,chat_profile,我的背景和主要任务场景是什么？,recency_similarity_hybrid,u009_e016|u009_e015|u009_e018,Recent irrelevant side matter|Mixed review and reminder|Urgent wrong domain,0.489855|0.481429|0.457237,u009_e011|u009_e001,0.0,,0.0,0.0,0.0,240,0.0
3,u009,u009_q014,chat,chat_profile,我的背景和主要任务场景是什么？,proposed_TMT_decay_event_memory,u009_e014|u009_e015|u009_e010,Mixed planning for today|Mixed review and reminder|保险报销 dependency discussion,0.891388|0.849317|0.825251,u009_e011|u009_e001,0.0,,0.0,0.0,0.0,252,0.0
1,u009,u009_q015,chat,chat_history,之前我提过哪些和提醒方式有关的要求？,recency_only,u009_e014,Mixed planning for today,1.0,u009_e011|u009_e015,0.0,,0.0,0.0,0.0,91,0.0
1,u009,u009_q015,chat,chat_history,之前我提过哪些和提醒方式有关的要求？,similarity_only,u009_e015,Mixed review and reminder,0.069444,u009_e011|u009_e015,0.5,,1.0,0.5,0.6131471927654584,82,0.0
1,u009,u009_q015,chat,chat_history,之前我提过哪些和提醒方式有关的要求？,recency_similarity_hybrid,u009_e015,Mixed review and reminder,0.488194,u009_e011|u009_e015,0.5,,1.0,0.5,0.6131471927654584,82,0.0
1,u009,u009_q015,chat,chat_history,之前我提过哪些和提醒方式有关的要求？,proposed_TMT_decay_event_memory,u009_e014,Mixed planning for today,0.891388,u009_e011|u009_e015,0.0,,0.0,0.0,0.0,91,0.0
2,u009,u009_q015,chat,chat_history,之前我提过哪些和提醒方式有关的要求？,recency_only,u009_e014|u009_e015,Mixed planning for today|Mixed review and reminder,1.0|1.0,u009_e011|u009_e015,0.5,,0.0,0.5,0.3868528072345416,172,0.0
2,u009,u009_q015,chat,chat_history,之前我提过哪些和提醒方式有关的要求？,similarity_only,u009_e015|u009_e009,Mixed review and reminder|医疗预约 dependency discussion,0.069444|0.044118,u009_e011|u009_e015,0.5,,1.0,0.5,0.6131471927654584,165,0.0
2,u009,u009_q015,chat,chat_history,之前我提过哪些和提醒方式有关的要求？,recency_similarity_hybrid,u009_e015|u009_e016,Mixed review and reminder|Recent irrelevant side matter,0.488194|0.472297,u009_e011|u009_e015,0.5,,1.0,0.5,0.6131471927654584,158,0.0
2,u009,u009_q015,chat,chat_history,之前我提过哪些和提醒方式有关的要求？,proposed_TMT_decay_event_memory,u009_e014|u009_e015,Mixed planning for today|Mixed review and reminder,0.891388|0.849317,u009_e011|u009_e015,0.5,,0.0,0.5,0.3868528072345416,172,0.0
3,u009,u009_q015,chat,chat_history,之前我提过哪些和提醒方式有关的要求？,recency_only,u009_e014|u009_e015|u009_e016,Mixed planning for today|Mixed review and reminder|Recent irrelevant side matter,1.0|1.0|1.0,u009_e011|u009_e015,0.5,,0.0,0.5,0.3868528072345416,249,0.0
3,u009,u009_q015,chat,chat_history,之前我提过哪些和提醒方式有关的要求？,similarity_only,u009_e015|u009_e009|u009_e016,Mixed review and reminder|医疗预约 dependency discussion|Recent irrelevant side matter,0.069444|0.044118|0.040541,u009_e011|u009_e015,0.5,,1.0,0.5,0.6131471927654584,241,0.0
3,u009,u009_q015,chat,chat_history,之前我提过哪些和提醒方式有关的要求？,recency_similarity_hybrid,u009_e015|u009_e016|u009_e018,Mixed review and reminder|Recent irrelevant side matter|Urgent wrong domain,0.488194|0.472297|0.464103,u009_e011|u009_e015,0.5,,1.0,0.5,0.6131471927654584,240,0.0
3,u009,u009_q015,chat,chat_history,之前我提过哪些和提醒方式有关的要求？,proposed_TMT_decay_event_memory,u009_e014|u009_e015|u009_e010,Mixed planning for today|Mixed review and reminder|保险报销 dependency discussion,0.891388|0.849317|0.825251,u009_e011|u009_e015,0.5,,0.0,0.5,0.3868528072345416,252,0.0
1,u009,u009_q016,chat,mixed,帮我安排今天上午，结合任务优先级和个人偏好。,recency_only,u009_e014,Mixed planning for today,1.0,u009_e014|u009_e013|u009_e001,0.3333333333333333,,1.0,0.3333333333333333,0.5090967735771897,91,0.0
1,u009,u009_q016,chat,mixed,帮我安排今天上午，结合任务优先级和个人偏好。,similarity_only,u009_e014,Mixed planning for today,0.142857,u009_e014|u009_e013|u009_e001,0.3333333333333333,,1.0,0.3333333333333333,0.5090967735771897,91,0.0
1,u009,u009_q016,chat,mixed,帮我安排今天上午，结合任务优先级和个人偏好。,recency_similarity_hybrid,u009_e014,Mixed planning for today,0.528571,u009_e014|u009_e013|u009_e001,0.3333333333333333,,1.0,0.3333333333333333,0.5090967735771897,91,0.0
1,u009,u009_q016,chat,mixed,帮我安排今天上午，结合任务优先级和个人偏好。,proposed_TMT_decay_event_memory,u009_e014,Mixed planning for today,0.891388,u009_e014|u009_e013|u009_e001,0.3333333333333333,,1.0,0.3333333333333333,0.5090967735771897,91,0.0
2,u009,u009_q016,chat,mixed,帮我安排今天上午，结合任务优先级和个人偏好。,recency_only,u009_e014|u009_e015,Mixed planning for today|Mixed review and reminder,1.0|1.0,u009_e014|u009_e013|u009_e001,0.3333333333333333,,1.0,0.3333333333333333,0.5090967735771897,172,0.0
2,u009,u009_q016,chat,mixed,帮我安排今天上午，结合任务优先级和个人偏好。,similarity_only,u009_e014|u009_e013,Mixed planning for today|Updated preference record,0.142857|0.071429,u009_e014|u009_e013|u009_e001,0.6666666666666666,,1.0,0.6666666666666666,0.8303010754742701,162,0.0
2,u009,u009_q016,chat,mixed,帮我安排今天上午，结合任务优先级和个人偏好。,recency_similarity_hybrid,u009_e014|u009_e015,Mixed planning for today|Mixed review and reminder,0.528571|0.486184,u009_e014|u009_e013|u009_e001,0.3333333333333333,,1.0,0.3333333333333333,0.5090967735771897,172,0.0
2,u009,u009_q016,chat,mixed,帮我安排今天上午，结合任务优先级和个人偏好。,proposed_TMT_decay_event_memory,u009_e014|u009_e015,Mixed planning for today|Mixed review and reminder,0.891388|0.849317,u009_e014|u009_e013|u009_e001,0.3333333333333333,,1.0,0.3333333333333333,0.5090967735771897,172,0.0
3,u009,u009_q016,chat,mixed,帮我安排今天上午，结合任务优先级和个人偏好。,recency_only,u009_e014|u009_e015|u009_e016,Mixed planning for today|Mixed review and reminder|Recent irrelevant side matter,1.0|1.0|1.0,u009_e014|u009_e013|u009_e001,0.3333333333333333,,1.0,0.3333333333333333,0.5090967735771897,249,0.0
3,u009,u009_q016,chat,mixed,帮我安排今天上午，结合任务优先级和个人偏好。,similarity_only,u009_e014|u009_e013|u009_e015,Mixed planning for today|Updated preference record|Mixed review and reminder,0.142857|0.071429|0.065789,u009_e014|u009_e013|u009_e001,0.6666666666666666,,1.0,0.6666666666666666,0.8303010754742701,243,0.0
3,u009,u009_q016,chat,mixed,帮我安排今天上午，结合任务优先级和个人偏好。,recency_similarity_hybrid,u009_e014|u009_e015|u009_e016,Mixed planning for today|Mixed review and reminder|Recent irrelevant side matter,0.528571|0.486184|0.471154,u009_e014|u009_e013|u009_e001,0.3333333333333333,,1.0,0.3333333333333333,0.5090967735771897,249,0.0
3,u009,u009_q016,chat,mixed,帮我安排今天上午，结合任务优先级和个人偏好。,proposed_TMT_decay_event_memory,u009_e014|u009_e015|u009_e010,Mixed planning for today|Mixed review and reminder|保险报销 dependency discussion,0.891388|0.849317|0.825251,u009_e014|u009_e013|u009_e001,0.3333333333333333,,1.0,0.3333333333333333,0.5090967735771897,252,0.0
1,u009,u009_q017,chat,mixed,帮我写一个关于保险报销的提醒，要体现依赖关系。,recency_only,u009_e014,Mixed planning for today,1.0,u009_e015|u009_e010,0.0,,0.0,0.0,0.0,91,0.0
1,u009,u009_q017,chat,mixed,帮我写一个关于保险报销的提醒，要体现依赖关系。,similarity_only,u009_e015,Mixed review and reminder,0.125,u009_e015|u009_e010,0.5,,1.0,0.5,0.6131471927654584,82,0.0
1,u009,u009_q017,chat,mixed,帮我写一个关于保险报销的提醒，要体现依赖关系。,recency_similarity_hybrid,u009_e015,Mixed review and reminder,0.51875,u009_e015|u009_e010,0.5,,1.0,0.5,0.6131471927654584,82,0.0
1,u009,u009_q017,chat,mixed,帮我写一个关于保险报销的提醒，要体现依赖关系。,proposed_TMT_decay_event_memory,u009_e014,Mixed planning for today,0.891388,u009_e015|u009_e010,0.0,,0.0,0.0,0.0,91,0.0
2,u009,u009_q017,chat,mixed,帮我写一个关于保险报销的提醒，要体现依赖关系。,recency_only,u009_e014|u009_e015,Mixed planning for today|Mixed review and reminder,1.0|1.0,u009_e015|u009_e010,0.5,,0.0,0.5,0.3868528072345416,172,0.0
2,u009,u009_q017,chat,mixed,帮我写一个关于保险报销的提醒，要体现依赖关系。,similarity_only,u009_e015|u009_e002,Mixed review and reminder|保险报销 planning,0.125|0.117647,u009_e015|u009_e010,0.5,,1.0,0.5,0.6131471927654584,143,0.0
2,u009,u009_q017,chat,mixed,帮我写一个关于保险报销的提醒，要体现依赖关系。,recency_similarity_hybrid,u009_e015|u009_e016,Mixed review and reminder|Recent irrelevant side matter,0.51875|0.486184,u009_e015|u009_e010,0.5,,1.0,0.5,0.6131471927654584,158,0.0
2,u009,u009_q017,chat,mixed,帮我写一个关于保险报销的提醒，要体现依赖关系。,proposed_TMT_decay_event_memory,u009_e014|u009_e015,Mixed planning for today|Mixed review and reminder,0.891388|0.883857,u009_e015|u009_e010,0.5,,0.0,0.5,0.3868528072345416,172,0.0
3,u009,u009_q017,chat,mixed,帮我写一个关于保险报销的提醒，要体现依赖关系。,recency_only,u009_e014|u009_e015|u009_e016,Mixed planning for today|Mixed review and reminder|Recent irrelevant side matter,1.0|1.0|1.0,u009_e015|u009_e010,0.5,,0.0,0.5,0.3868528072345416,249,0.0
3,u009,u009_q017,chat,mixed,帮我写一个关于保险报销的提醒，要体现依赖关系。,similarity_only,u009_e015|u009_e002|u009_e010,Mixed review and reminder|保险报销 planning|保险报销 dependency discussion,0.125|0.117647|0.102941,u009_e015|u009_e010,1.0,,1.0,1.0,0.9197207891481876,223,1.0
3,u009,u009_q017,chat,mixed,帮我写一个关于保险报销的提醒，要体现依赖关系。,recency_similarity_hybrid,u009_e015|u009_e016|u009_e018,Mixed review and reminder|Recent irrelevant side matter|Urgent wrong domain,0.51875|0.486184|0.4775,u009_e015|u009_e010,0.5,,1.0,0.5,0.6131471927654584,240,0.0
3,u009,u009_q017,chat,mixed,帮我写一个关于保险报销的提醒，要体现依赖关系。,proposed_TMT_decay_event_memory,u009_e014|u009_e015|u009_e010,Mixed planning for today|Mixed review and reminder|保险报销 dependency discussion,0.891388|0.883857|0.876227,u009_e015|u009_e010,1.0,,0.0,1.0,0.6934264036172708,252,1.0
1,u009,u009_q018,task,task_priority,我还有什么低优先级但今天可能会干扰我的事？,recency_only,u009_e014,Mixed planning for today,1.0,u009_e018|u009_e003|u009_e016,0.0,0.0,0.0,0.0,0.0,91,0.0
1,u009,u009_q018,task,task_priority,我还有什么低优先级但今天可能会干扰我的事？,similarity_only,u009_e012,Old preference record,0.077922,u009_e018|u009_e003|u009_e016,0.0,0.0,0.0,0.0,0.0,73,0.0
1,u009,u009_q018,task,task_priority,我还有什么低优先级但今天可能会干扰我的事？,recency_similarity_hybrid,u009_e018,Urgent wrong domain,0.477848,u009_e018|u009_e003|u009_e016,0.3333333333333333,0.5,1.0,0.3333333333333333,0.6300059872618923,82,0.0
1,u009,u009_q018,task,task_priority,我还有什么低优先级但今天可能会干扰我的事？,proposed_TMT_decay_event_memory,u009_e015,Mixed review and reminder,0.844676,u009_e018|u009_e003|u009_e016,0.0,0.0,0.0,0.0,0.0,82,0.0
2,u009,u009_q018,task,task_priority,我还有什么低优先级但今天可能会干扰我的事？,recency_only,u009_e014|u009_e015,Mixed planning for today|Mixed review and reminder,1.0|1.0,u009_e018|u009_e003|u009_e016,0.0,0.0,0.0,0.0,0.0,172,0.0
2,u009,u009_q018,task,task_priority,我还有什么低优先级但今天可能会干扰我的事？,similarity_only,u009_e012|u009_e001,Old preference record|医疗预约 planning,0.077922|0.051948,u009_e018|u009_e003|u009_e016,0.0,0.0,0.0,0.0,0.0,130,0.0
2,u009,u009_q018,task,task_priority,我还有什么低优先级但今天可能会干扰我的事？,recency_similarity_hybrid,u009_e018|u009_e016,Urgent wrong domain|Recent irrelevant side matter,0.477848|0.471429,u009_e018|u009_e003|u009_e016,0.6666666666666666,0.5,1.0,0.6666666666666666,0.7625024946924551,159,0.0
2,u009,u009_q018,task,task_priority,我还有什么低优先级但今天可能会干扰我的事？,proposed_TMT_decay_event_memory,u009_e015|u009_e014,Mixed review and reminder|Mixed planning for today,0.844676|0.784319,u009_e018|u009_e003|u009_e016,0.0,0.0,0.0,0.0,0.0,172,0.0
3,u009,u009_q018,task,task_priority,我还有什么低优先级但今天可能会干扰我的事？,recency_only,u009_e014|u009_e015|u009_e016,Mixed planning for today|Mixed review and reminder|Recent irrelevant side matter,1.0|1.0|1.0,u009_e018|u009_e003|u009_e016,0.3333333333333333,0.0,0.0,0.3333333333333333,0.10500099787698204,249,0.0
3,u009,u009_q018,task,task_priority,我还有什么低优先级但今天可能会干扰我的事？,similarity_only,u009_e012|u009_e001|u009_e018,Old preference record|医疗预约 planning|Urgent wrong domain,0.077922|0.051948|0.050633,u009_e018|u009_e003|u009_e016,0.3333333333333333,0.5,0.0,0.3333333333333333,0.31500299363094614,212,0.0
3,u009,u009_q018,task,task_priority,我还有什么低优先级但今天可能会干扰我的事？,recency_similarity_hybrid,u009_e018|u009_e016|u009_e014,Urgent wrong domain|Recent irrelevant side matter|Mixed planning for today,0.477848|0.471429|0.462941,u009_e018|u009_e003|u009_e016,0.6666666666666666,0.5,1.0,0.6666666666666666,0.7625024946924551,250,0.0
3,u009,u009_q018,task,task_priority,我还有什么低优先级但今天可能会干扰我的事？,proposed_TMT_decay_event_memory,u009_e015|u009_e014|u009_e007,Mixed review and reminder|Mixed planning for today|日常采购 status update,0.844676|0.784319|0.758506,u009_e018|u009_e003|u009_e016,0.0,0.0,0.0,0.0,0.0,244,0.0
1,u009,u009_q019,task,task_status,那个类似医疗预约的旧任务还需要今天做吗？,recency_only,u009_e014,Mixed planning for today,1.0,u009_e017|u009_e001,0.0,0.0,0.0,0.0,0.0,91,0.0
1,u009,u009_q019,task,task_status,那个类似医疗预约的旧任务还需要今天做吗？,similarity_only,u009_e017,Semantic similar wrong status,0.140845,u009_e017|u009_e001,0.5,0.0,1.0,0.5,0.7039180890341347,82,0.0
1,u009,u009_q019,task,task_status,那个类似医疗预约的旧任务还需要今天做吗？,recency_similarity_hybrid,u009_e014,Mixed planning for today,0.498125,u009_e017|u009_e001,0.0,0.0,0.0,0.0,0.0,91,0.0
1,u009,u009_q019,task,task_status,那个类似医疗预约的旧任务还需要今天做吗？,proposed_TMT_decay_event_memory,u009_e015,Mixed review and reminder,0.844676,u009_e017|u009_e001,0.0,0.0,0.0,0.0,0.0,82,0.0
2,u009,u009_q019,task,task_status,那个类似医疗预约的旧任务还需要今天做吗？,recency_only,u009_e014|u009_e015,Mixed planning for today|Mixed review and reminder,1.0|1.0,u009_e017|u009_e001,0.0,0.0,0.0,0.0,0.0,172,0.0
2,u009,u009_q019,task,task_status,那个类似医疗预约的旧任务还需要今天做吗？,similarity_only,u009_e017|u009_e005,Semantic similar wrong status|医疗预约 status update,0.140845|0.122807,u009_e017|u009_e001,0.5,0.0,1.0,0.5,0.7039180890341347,143,0.0
2,u009,u009_q019,task,task_status,那个类似医疗预约的旧任务还需要今天做吗？,recency_similarity_hybrid,u009_e014|u009_e018,Mixed planning for today|Urgent wrong domain,0.498125|0.492857,u009_e017|u009_e001,0.0,0.0,0.0,0.0,0.0,173,0.0
2,u009,u009_q019,task,task_status,那个类似医疗预约的旧任务还需要今天做吗？,proposed_TMT_decay_event_memory,u009_e015|u009_e014,Mixed review and reminder|Mixed planning for today,0.844676|0.824415,u009_e017|u009_e001,0.0,0.0,0.0,0.0,0.0,172,0.0
3,u009,u009_q019,task,task_status,那个类似医疗预约的旧任务还需要今天做吗？,recency_only,u009_e014|u009_e015|u009_e016,Mixed planning for today|Mixed review and reminder|Recent irrelevant side matter,1.0|1.0|1.0,u009_e017|u009_e001,0.0,0.0,0.0,0.0,0.0,249,0.0
3,u009,u009_q019,task,task_status,那个类似医疗预约的旧任务还需要今天做吗？,similarity_only,u009_e017|u009_e005|u009_e014,Semantic similar wrong status|医疗预约 status update|Mixed planning for today,0.140845|0.122807|0.0875,u009_e017|u009_e001,0.5,0.0,1.0,0.5,0.7039180890341347,234,0.0
3,u009,u009_q019,task,task_status,那个类似医疗预约的旧任务还需要今天做吗？,recency_similarity_hybrid,u009_e014|u009_e018|u009_e016,Mixed planning for today|Urgent wrong domain|Recent irrelevant side matter,0.498125|0.492857|0.486667,u009_e017|u009_e001,0.0,0.0,0.0,0.0,0.0,250,0.0
3,u009,u009_q019,task,task_status,那个类似医疗预约的旧任务还需要今天做吗？,proposed_TMT_decay_event_memory,u009_e015|u009_e014|u009_e001,Mixed review and reminder|Mixed planning for today|医疗预约 planning,0.844676|0.824415|0.776447,u009_e017|u009_e001,0.5,1.0,0.0,0.5,0.23463936301137822,230,0.0
1,u009,u009_q020,chat,negative,我有没有提过要学习法语考试？,recency_only,u009_e014,Mixed planning for today,1.0,,1.0,,0.0,1.0,1.0,91,1.0
1,u009,u009_q020,chat,negative,我有没有提过要学习法语考试？,similarity_only,u009_e015,Mixed review and reminder,0.042857,,1.0,,0.0,1.0,1.0,82,1.0
1,u009,u009_q020,chat,negative,我有没有提过要学习法语考试？,recency_similarity_hybrid,u009_e015,Mixed review and reminder,0.473571,,1.0,,0.0,1.0,1.0,82,1.0
1,u009,u009_q020,chat,negative,我有没有提过要学习法语考试？,proposed_TMT_decay_event_memory,u009_e014,Mixed planning for today,0.891388,,1.0,,0.0,1.0,1.0,91,1.0
2,u009,u009_q020,chat,negative,我有没有提过要学习法语考试？,recency_only,u009_e014|u009_e015,Mixed planning for today|Mixed review and reminder,1.0|1.0,,1.0,,0.0,1.0,1.0,172,1.0
2,u009,u009_q020,chat,negative,我有没有提过要学习法语考试？,similarity_only,u009_e015|u009_e019,Mixed review and reminder|Old but stable preference,0.042857|0.028986,,1.0,,0.0,1.0,1.0,167,1.0
2,u009,u009_q020,chat,negative,我有没有提过要学习法语考试？,recency_similarity_hybrid,u009_e015|u009_e016,Mixed review and reminder|Recent irrelevant side matter,0.473571|0.457639,,1.0,,0.0,1.0,1.0,158,1.0
2,u009,u009_q020,chat,negative,我有没有提过要学习法语考试？,proposed_TMT_decay_event_memory,u009_e014|u009_e015,Mixed planning for today|Mixed review and reminder,0.891388|0.849317,,1.0,,0.0,1.0,1.0,172,1.0
3,u009,u009_q020,chat,negative,我有没有提过要学习法语考试？,recency_only,u009_e014|u009_e015|u009_e016,Mixed planning for today|Mixed review and reminder|Recent irrelevant side matter,1.0|1.0|1.0,,1.0,,0.0,1.0,1.0,249,1.0
3,u009,u009_q020,chat,negative,我有没有提过要学习法语考试？,similarity_only,u009_e015|u009_e019|u009_e012,Mixed review and reminder|Old but stable preference|Old preference record,0.042857|0.028986|0.027027,,1.0,,0.0,1.0,1.0,239,1.0
3,u009,u009_q020,chat,negative,我有没有提过要学习法语考试？,recency_similarity_hybrid,u009_e015|u009_e016|u009_e018,Mixed review and reminder|Recent irrelevant side matter|Urgent wrong domain,0.473571|0.457639|0.457333,,1.0,,0.0,1.0,1.0,240,1.0
3,u009,u009_q020,chat,negative,我有没有提过要学习法语考试？,proposed_TMT_decay_event_memory,u009_e014|u009_e015|u009_e010,Mixed planning for today|Mixed review and reminder|保险报销 dependency discussion,0.891388|0.849317|0.825251,,1.0,,0.0,1.0,1.0,252,1.0
1,u010,u010_q001,task,task_due,我最近最该先处理哪个月度报表任务？,recency_only,u010_e014,Mixed planning for today,1.0,u010_e001|u010_e009,0.0,0.0,0.0,0.0,0.0,91,0.0
1,u010,u010_q001,task,task_due,我最近最该先处理哪个月度报表任务？,similarity_only,u010_e005,月度报表 status update,0.111111,u010_e001|u010_e009,0.0,0.0,0.0,0.0,0.0,62,0.0
1,u010,u010_q001,task,task_due,我最近最该先处理哪个月度报表任务？,recency_similarity_hybrid,u010_e018,Urgent wrong domain,0.495205,u010_e001|u010_e009,0.0,0.0,0.0,0.0,0.0,84,0.0
1,u010,u010_q001,task,task_due,我最近最该先处理哪个月度报表任务？,proposed_TMT_decay_event_memory,u010_e015,Mixed review and reminder,0.844676,u010_e001|u010_e009,0.0,0.0,0.0,0.0,0.0,88,0.0
2,u010,u010_q001,task,task_due,我最近最该先处理哪个月度报表任务？,recency_only,u010_e014|u010_e015,Mixed planning for today|Mixed review and reminder,1.0|1.0,u010_e001|u010_e009,0.0,0.0,0.0,0.0,0.0,178,0.0
2,u010,u010_q001,task,task_due,我最近最该先处理哪个月度报表任务？,similarity_only,u010_e005|u010_e017,月度报表 status update|Semantic similar wrong status,0.111111|0.1,u010_e001|u010_e009,0.0,0.0,0.0,0.0,0.0,143,0.0
2,u010,u010_q001,task,task_due,我最近最该先处理哪个月度报表任务？,recency_similarity_hybrid,u010_e018|u010_e016,Urgent wrong domain|Recent irrelevant side matter,0.495205|0.488732,u010_e001|u010_e009,0.0,0.0,0.0,0.0,0.0,161,0.0
2,u010,u010_q001,task,task_due,我最近最该先处理哪个月度报表任务？,proposed_TMT_decay_event_memory,u010_e015|u010_e014,Mixed review and reminder|Mixed planning for today,0.844676|0.830573,u010_e001|u010_e009,0.0,0.0,0.0,0.0,0.0,178,0.0
3,u010,u010_q001,task,task_due,我最近最该先处理哪个月度报表任务？,recency_only,u010_e014|u010_e015|u010_e016,Mixed planning for today|Mixed review and reminder|Recent irrelevant side matter,1.0|1.0|1.0,u010_e001|u010_e009,0.0,0.0,0.0,0.0,0.0,255,0.0
3,u010,u010_q001,task,task_due,我最近最该先处理哪个月度报表任务？,similarity_only,u010_e005|u010_e017|u010_e018,月度报表 status update|Semantic similar wrong status|Urgent wrong domain,0.111111|0.1|0.082192,u010_e001|u010_e009,0.0,0.0,0.0,0.0,0.0,227,0.0
3,u010,u010_q001,task,task_due,我最近最该先处理哪个月度报表任务？,recency_similarity_hybrid,u010_e018|u010_e016|u010_e014,Urgent wrong domain|Recent irrelevant side matter|Mixed planning for today,0.495205|0.488732|0.485256,u010_e001|u010_e009,0.0,0.0,0.0,0.0,0.0,252,0.0
3,u010,u010_q001,task,task_due,我最近最该先处理哪个月度报表任务？,proposed_TMT_decay_event_memory,u010_e015|u010_e014|u010_e001,Mixed review and reminder|Mixed planning for today|月度报表 planning,0.844676|0.830573|0.783282,u010_e001|u010_e009,0.5,0.5,0.0,0.5,0.35195904451706733,235,0.0
1,u010,u010_q002,task,task_due,今天有哪些快到截止但不能被过度放大的事项？,recency_only,u010_e014,Mixed planning for today,1.0,u010_e001|u010_e018|u010_e007,0.0,0.0,0.0,0.0,0.0,91,0.0
1,u010,u010_q002,task,task_due,今天有哪些快到截止但不能被过度放大的事项？,similarity_only,u010_e018,Urgent wrong domain,0.12,u010_e001|u010_e018|u010_e007,0.3333333333333333,0.5,1.0,0.3333333333333333,0.21000199575396408,84,0.0
1,u010,u010_q002,task,task_due,今天有哪些快到截止但不能被过度放大的事项？,recency_similarity_hybrid,u010_e018,Urgent wrong domain,0.516,u010_e001|u010_e018|u010_e007,0.3333333333333333,0.5,1.0,0.3333333333333333,0.21000199575396408,84,0.0
1,u010,u010_q002,task,task_due,今天有哪些快到截止但不能被过度放大的事项？,proposed_TMT_decay_event_memory,u010_e015,Mixed review and reminder,0.844676,u010_e001|u010_e018|u010_e007,0.0,0.0,0.0,0.0,0.0,88,0.0
2,u010,u010_q002,task,task_due,今天有哪些快到截止但不能被过度放大的事项？,recency_only,u010_e014|u010_e015,Mixed planning for today|Mixed review and reminder,1.0|1.0,u010_e001|u010_e018|u010_e007,0.0,0.0,0.0,0.0,0.0,178,0.0
2,u010,u010_q002,task,task_due,今天有哪些快到截止但不能被过度放大的事项？,similarity_only,u010_e018|u010_e012,Urgent wrong domain|Old preference record,0.12|0.068493,u010_e001|u010_e018|u010_e007,0.3333333333333333,0.5,1.0,0.3333333333333333,0.21000199575396408,155,0.0
2,u010,u010_q002,task,task_due,今天有哪些快到截止但不能被过度放大的事项？,recency_similarity_hybrid,u010_e018|u010_e016,Urgent wrong domain|Recent irrelevant side matter,0.516|0.471154,u010_e001|u010_e018|u010_e007,0.3333333333333333,0.5,1.0,0.3333333333333333,0.21000199575396408,161,0.0
2,u010,u010_q002,task,task_due,今天有哪些快到截止但不能被过度放大的事项？,proposed_TMT_decay_event_memory,u010_e015|u010_e014,Mixed review and reminder|Mixed planning for today,0.844676|0.793121,u010_e001|u010_e018|u010_e007,0.0,0.0,0.0,0.0,0.0,178,0.0
3,u010,u010_q002,task,task_due,今天有哪些快到截止但不能被过度放大的事项？,recency_only,u010_e014|u010_e015|u010_e016,Mixed planning for today|Mixed review and reminder|Recent irrelevant side matter,1.0|1.0|1.0,u010_e001|u010_e018|u010_e007,0.0,0.0,0.0,0.0,0.0,255,0.0
3,u010,u010_q002,task,task_due,今天有哪些快到截止但不能被过度放大的事项？,similarity_only,u010_e018|u010_e012|u010_e002,Urgent wrong domain|Old preference record|dashboard 维护 planning,0.12|0.068493|0.056338,u010_e001|u010_e018|u010_e007,0.3333333333333333,0.5,1.0,0.3333333333333333,0.21000199575396408,226,0.0
3,u010,u010_q002,task,task_due,今天有哪些快到截止但不能被过度放大的事项？,recency_similarity_hybrid,u010_e018|u010_e016|u010_e014,Urgent wrong domain|Recent irrelevant side matter|Mixed planning for today,0.516|0.471154|0.469412,u010_e001|u010_e018|u010_e007,0.3333333333333333,0.5,1.0,0.3333333333333333,0.21000199575396408,252,0.0
3,u010,u010_q002,task,task_due,今天有哪些快到截止但不能被过度放大的事项？,proposed_TMT_decay_event_memory,u010_e015|u010_e014|u010_e007,Mixed review and reminder|Mixed planning for today|SQL 学习 status update,0.844676|0.793121|0.758751,u010_e001|u010_e018|u010_e007,0.3333333333333333,0.0,0.0,0.3333333333333333,0.21000199575396408,252,0.0
1,u010,u010_q003,task,task_priority,dashboard 维护接下来应该推进什么？,recency_only,u010_e014,Mixed planning for today,1.0,u010_e002|u010_e006|u010_e010,0.0,0.0,0.0,0.0,0.0,91,0.0
1,u010,u010_q003,task,task_priority,dashboard 维护接下来应该推进什么？,similarity_only,u010_e010,dashboard 维护 dependency discussion,0.047619,u010_e002|u010_e006|u010_e010,0.3333333333333333,0.5,1.0,0.3333333333333333,0.38009376671593426,90,0.0
1,u010,u010_q003,task,task_priority,dashboard 维护接下来应该推进什么？,recency_similarity_hybrid,u010_e015,Mixed review and reminder,0.473913,u010_e002|u010_e006|u010_e010,0.0,0.0,0.0,0.0,0.0,88,0.0
1,u010,u010_q003,task,task_priority,dashboard 维护接下来应该推进什么？,proposed_TMT_decay_event_memory,u010_e015,Mixed review and reminder,0.888765,u010_e002|u010_e006|u010_e010,0.0,0.0,0.0,0.0,0.0,88,0.0
2,u010,u010_q003,task,task_priority,dashboard 维护接下来应该推进什么？,recency_only,u010_e014|u010_e015,Mixed planning for today|Mixed review and reminder,1.0|1.0,u010_e002|u010_e006|u010_e010,0.0,0.0,0.0,0.0,0.0,178,0.0
2,u010,u010_q003,task,task_priority,dashboard 维护接下来应该推进什么？,similarity_only,u010_e010|u010_e013,dashboard 维护 dependency discussion|Updated preference record,0.047619|0.047619,u010_e002|u010_e006|u010_e010,0.3333333333333333,0.5,1.0,0.3333333333333333,0.38009376671593426,163,0.0
2,u010,u010_q003,task,task_priority,dashboard 维护接下来应该推进什么？,recency_similarity_hybrid,u010_e015|u010_e014,Mixed review and reminder|Mixed planning for today,0.473913|0.456962,u010_e002|u010_e006|u010_e010,0.0,0.0,0.0,0.0,0.0,178,0.0
2,u010,u010_q003,task,task_priority,dashboard 维护接下来应该推进什么？,proposed_TMT_decay_event_memory,u010_e015|u010_e014,Mixed review and reminder|Mixed planning for today,0.888765|0.784319,u010_e002|u010_e006|u010_e010,0.0,0.0,0.0,0.0,0.0,178,0.0
3,u010,u010_q003,task,task_priority,dashboard 维护接下来应该推进什么？,recency_only,u010_e014|u010_e015|u010_e016,Mixed planning for today|Mixed review and reminder|Recent irrelevant side matter,1.0|1.0|1.0,u010_e002|u010_e006|u010_e010,0.0,0.0,0.0,0.0,0.0,255,0.0
3,u010,u010_q003,task,task_priority,dashboard 维护接下来应该推进什么？,similarity_only,u010_e010|u010_e013|u010_e002,dashboard 维护 dependency discussion|Updated preference record|dashboard 维护 planning,0.047619|0.047619|0.046875,u010_e002|u010_e006|u010_e010,0.6666666666666666,1.0,1.0,0.6666666666666666,0.6651640917528849,234,0.0
3,u010,u010_q003,task,task_priority,dashboard 维护接下来应该推进什么？,recency_similarity_hybrid,u010_e015|u010_e014|u010_e016,Mixed review and reminder|Mixed planning for today|Recent irrelevant side matter,0.473913|0.456962|0.45,u010_e002|u010_e006|u010_e010,0.0,0.0,0.0,0.0,0.0,255,0.0
3,u010,u010_q003,task,task_priority,dashboard 维护接下来应该推进什么？,proposed_TMT_decay_event_memory,u010_e015|u010_e014|u010_e007,Mixed review and reminder|Mixed planning for today|SQL 学习 status update,0.888765|0.784319|0.758506,u010_e002|u010_e006|u010_e010,0.0,0.0,0.0,0.0,0.0,252,0.0
1,u010,u010_q004,task,task_priority,现在最重要但不一定最紧急的任务是什么？,recency_only,u010_e014,Mixed planning for today,1.0,u010_e002|u010_e001|u010_e004,0.0,0.0,0.0,0.0,0.0,91,0.0
1,u010,u010_q004,task,task_priority,现在最重要但不一定最紧急的任务是什么？,similarity_only,u010_e002,dashboard 维护 planning,0.107692,u010_e002|u010_e001|u010_e004,0.3333333333333333,0.3333333333333333,1.0,0.3333333333333333,0.5701406500739014,72,0.0
1,u010,u010_q004,task,task_priority,现在最重要但不一定最紧急的任务是什么？,recency_similarity_hybrid,u010_e016,Recent irrelevant side matter,0.504225,u010_e002|u010_e001|u010_e004,0.0,0.0,0.0,0.0,0.0,77,0.0
1,u010,u010_q004,task,task_priority,现在最重要但不一定最紧急的任务是什么？,proposed_TMT_decay_event_memory,u010_e015,Mixed review and reminder,0.844676,u010_e002|u010_e001|u010_e004,0.0,0.0,0.0,0.0,0.0,88,0.0
2,u010,u010_q004,task,task_priority,现在最重要但不一定最紧急的任务是什么？,recency_only,u010_e014|u010_e015,Mixed planning for today|Mixed review and reminder,1.0|1.0,u010_e002|u010_e001|u010_e004,0.0,0.0,0.0,0.0,0.0,178,0.0
2,u010,u010_q004,task,task_priority,现在最重要但不一定最紧急的任务是什么？,similarity_only,u010_e002|u010_e016,dashboard 维护 planning|Recent irrelevant side matter,0.107692|0.098592,u010_e002|u010_e001|u010_e004,0.3333333333333333,0.3333333333333333,1.0,0.3333333333333333,0.5701406500739014,149,0.0
2,u010,u010_q004,task,task_priority,现在最重要但不一定最紧急的任务是什么？,recency_similarity_hybrid,u010_e016|u010_e018,Recent irrelevant side matter|Urgent wrong domain,0.504225|0.478571,u010_e002|u010_e001|u010_e004,0.0,0.0,0.0,0.0,0.0,161,0.0
2,u010,u010_q004,task,task_priority,现在最重要但不一定最紧急的任务是什么？,proposed_TMT_decay_event_memory,u010_e015|u010_e014,Mixed review and reminder|Mixed planning for today,0.844676|0.784319,u010_e002|u010_e001|u010_e004,0.0,0.0,0.0,0.0,0.0,178,0.0
3,u010,u010_q004,task,task_priority,现在最重要但不一定最紧急的任务是什么？,recency_only,u010_e014|u010_e015|u010_e016,Mixed planning for today|Mixed review and reminder|Recent irrelevant side matter,1.0|1.0|1.0,u010_e002|u010_e001|u010_e004,0.0,0.0,0.0,0.0,0.0,255,0.0
3,u010,u010_q004,task,task_priority,现在最重要但不一定最紧急的任务是什么？,similarity_only,u010_e002|u010_e016|u010_e003,dashboard 维护 planning|Recent irrelevant side matter|SQL 学习 planning,0.107692|0.098592|0.070423,u010_e002|u010_e001|u010_e004,0.3333333333333333,0.3333333333333333,1.0,0.3333333333333333,0.5701406500739014,223,0.0
3,u010,u010_q004,task,task_priority,现在最重要但不一定最紧急的任务是什么？,recency_similarity_hybrid,u010_e016|u010_e018|u010_e015,Recent irrelevant side matter|Urgent wrong domain|Mixed review and reminder,0.504225|0.478571|0.472297,u010_e002|u010_e001|u010_e004,0.0,0.0,0.0,0.0,0.0,248,0.0
3,u010,u010_q004,task,task_priority,现在最重要但不一定最紧急的任务是什么？,proposed_TMT_decay_event_memory,u010_e015|u010_e014|u010_e007,Mixed review and reminder|Mixed planning for today|SQL 学习 status update,0.844676|0.784319|0.758506,u010_e002|u010_e001|u010_e004,0.0,0.0,0.0,0.0,0.0,252,0.0
1,u010,u010_q005,task,task_status,月度报表还有什么没完成？,recency_only,u010_e014,Mixed planning for today,1.0,u010_e005|u010_e001|u010_e017,0.0,0.0,0.0,0.0,0.0,91,0.0
1,u010,u010_q005,task,task_status,月度报表还有什么没完成？,similarity_only,u010_e005,月度报表 status update,0.12,u010_e005|u010_e001|u010_e017,0.3333333333333333,0.0,1.0,0.3333333333333333,0.5562983930884396,62,0.0
1,u010,u010_q005,task,task_status,月度报表还有什么没完成？,recency_similarity_hybrid,u010_e018,Urgent wrong domain,0.489286,u010_e005|u010_e001|u010_e017,0.0,0.0,0.0,0.0,0.0,84,0.0
1,u010,u010_q005,task,task_status,月度报表还有什么没完成？,proposed_TMT_decay_event_memory,u010_e015,Mixed review and reminder,0.844676,u010_e005|u010_e001|u010_e017,0.0,0.0,0.0,0.0,0.0,88,0.0
2,u010,u010_q005,task,task_status,月度报表还有什么没完成？,recency_only,u010_e014|u010_e015,Mixed planning for today|Mixed review and reminder,1.0|1.0,u010_e005|u010_e001|u010_e017,0.0,0.0,0.0,0.0,0.0,178,0.0
2,u010,u010_q005,task,task_status,月度报表还有什么没完成？,similarity_only,u010_e005|u010_e007,月度报表 status update|SQL 学习 status update,0.12|0.095238,u010_e005|u010_e001|u010_e017,0.3333333333333333,0.0,1.0,0.3333333333333333,0.5562983930884396,136,0.0
2,u010,u010_q005,task,task_status,月度报表还有什么没完成？,recency_similarity_hybrid,u010_e018|u010_e014,Urgent wrong domain|Mixed planning for today,0.489286|0.479333,u010_e005|u010_e001|u010_e017,0.0,0.0,0.0,0.0,0.0,175,0.0
2,u010,u010_q005,task,task_status,月度报表还有什么没完成？,proposed_TMT_decay_event_memory,u010_e015|u010_e014,Mixed review and reminder|Mixed planning for today,0.844676|0.838963,u010_e005|u010_e001|u010_e017,0.0,0.0,0.0,0.0,0.0,178,0.0
3,u010,u010_q005,task,task_status,月度报表还有什么没完成？,recency_only,u010_e014|u010_e015|u010_e016,Mixed planning for today|Mixed review and reminder|Recent irrelevant side matter,1.0|1.0|1.0,u010_e005|u010_e001|u010_e017,0.0,0.0,0.0,0.0,0.0,255,0.0
3,u010,u010_q005,task,task_status,月度报表还有什么没完成？,similarity_only,u010_e005|u010_e007|u010_e017,月度报表 status update|SQL 学习 status update|Semantic similar wrong status,0.12|0.095238|0.089552,u010_e005|u010_e001|u010_e017,0.6666666666666666,0.0,1.0,0.6666666666666666,0.649014791936513,217,0.0
3,u010,u010_q005,task,task_status,月度报表还有什么没完成？,recency_similarity_hybrid,u010_e018|u010_e014|u010_e015,Urgent wrong domain|Mixed planning for today|Mixed review and reminder,0.489286|0.479333|0.45,u010_e005|u010_e001|u010_e017,0.0,0.0,0.0,0.0,0.0,262,0.0
3,u010,u010_q005,task,task_status,月度报表还有什么没完成？,proposed_TMT_decay_event_memory,u010_e015|u010_e014|u010_e001,Mixed review and reminder|Mixed planning for today|月度报表 planning,0.844676|0.838963|0.791903,u010_e005|u010_e001|u010_e017,0.3333333333333333,1.0,0.0,0.3333333333333333,0.2781491965442198,235,0.0
1,u010,u010_q006,task,task_status,dashboard 维护的资料收集完成了吗？,recency_only,u010_e014,Mixed planning for today,1.0,u010_e006,0.0,1.0,0.0,0.0,0.0,91,0.0
1,u010,u010_q006,task,task_status,dashboard 维护的资料收集完成了吗？,similarity_only,u010_e010,dashboard 维护 dependency discussion,0.157895,u010_e006,0.0,1.0,0.0,0.0,0.0,90,0.0
1,u010,u010_q006,task,task_status,dashboard 维护的资料收集完成了吗？,recency_similarity_hybrid,u010_e015,Mixed review and reminder,0.473913,u010_e006,0.0,1.0,0.0,0.0,0.0,88,0.0
1,u010,u010_q006,task,task_status,dashboard 维护的资料收集完成了吗？,proposed_TMT_decay_event_memory,u010_e015,Mixed review and reminder,0.888765,u010_e006,0.0,1.0,0.0,0.0,0.0,88,0.0
2,u010,u010_q006,task,task_status,dashboard 维护的资料收集完成了吗？,recency_only,u010_e014|u010_e015,Mixed planning for today|Mixed review and reminder,1.0|1.0,u010_e006,0.0,1.0,0.0,0.0,0.0,178,0.0
2,u010,u010_q006,task,task_status,dashboard 维护的资料收集完成了吗？,similarity_only,u010_e010|u010_e006,dashboard 维护 dependency discussion|dashboard 维护 status update,0.157895|0.098361,u010_e006,1.0,1.0,0.0,1.0,0.6309297535714574,171,1.0
2,u010,u010_q006,task,task_status,dashboard 维护的资料收集完成了吗？,recency_similarity_hybrid,u010_e015|u010_e016,Mixed review and reminder|Recent irrelevant side matter,0.473913|0.465493,u010_e006,0.0,1.0,0.0,0.0,0.0,164,0.0
2,u010,u010_q006,task,task_status,dashboard 维护的资料收集完成了吗？,proposed_TMT_decay_event_memory,u010_e015|u010_e014,Mixed review and reminder|Mixed planning for today,0.888765|0.784319,u010_e006,0.0,1.0,0.0,0.0,0.0,178,0.0
3,u010,u010_q006,task,task_status,dashboard 维护的资料收集完成了吗？,recency_only,u010_e014|u010_e015|u010_e016,Mixed planning for today|Mixed review and reminder|Recent irrelevant side matter,1.0|1.0|1.0,u010_e006,0.0,1.0,0.0,0.0,0.0,255,0.0
3,u010,u010_q006,task,task_status,dashboard 维护的资料收集完成了吗？,similarity_only,u010_e010|u010_e006|u010_e002,dashboard 维护 dependency discussion|dashboard 维护 status update|dashboard 维护 planning,0.157895|0.098361|0.080645,u010_e006,1.0,1.0,0.0,1.0,0.6309297535714574,243,1.0
3,u010,u010_q006,task,task_status,dashboard 维护的资料收集完成了吗？,recency_similarity_hybrid,u010_e015|u010_e016|u010_e018,Mixed review and reminder|Recent irrelevant side matter|Urgent wrong domain,0.473913|0.465493|0.457333,u010_e006,0.0,1.0,0.0,0.0,0.0,248,0.0
3,u010,u010_q006,task,task_status,dashboard 维护的资料收集完成了吗？,proposed_TMT_decay_event_memory,u010_e015|u010_e014|u010_e007,Mixed review and reminder|Mixed planning for today|SQL 学习 status update,0.888765|0.784319|0.758506,u010_e006,0.0,1.0,0.0,0.0,0.0,252,0.0
1,u010,u010_q007,task,task_status,SQL 学习那个过期事项现在应该怎么处理？,recency_only,u010_e014,Mixed planning for today,1.0,u010_e007,0.0,0.0,0.0,0.0,0.0,91,0.0
1,u010,u010_q007,task,task_status,SQL 学习那个过期事项现在应该怎么处理？,similarity_only,u010_e007,SQL 学习 status update,0.102941,u010_e007,1.0,1.0,1.0,1.0,1.0,74,1.0
1,u010,u010_q007,task,task_status,SQL 学习那个过期事项现在应该怎么处理？,recency_similarity_hybrid,u010_e018,Urgent wrong domain,0.494,u010_e007,0.0,0.0,0.0,0.0,0.0,84,0.0
1,u010,u010_q007,task,task_status,SQL 学习那个过期事项现在应该怎么处理？,proposed_TMT_decay_event_memory,u010_e015,Mixed review and reminder,0.844676,u010_e007,0.0,0.0,0.0,0.0,0.0,88,0.0
2,u010,u010_q007,task,task_status,SQL 学习那个过期事项现在应该怎么处理？,recency_only,u010_e014|u010_e015,Mixed planning for today|Mixed review and reminder,1.0|1.0,u010_e007,0.0,0.0,0.0,0.0,0.0,178,0.0
2,u010,u010_q007,task,task_status,SQL 学习那个过期事项现在应该怎么处理？,similarity_only,u010_e007|u010_e018,SQL 学习 status update|Urgent wrong domain,0.102941|0.08,u010_e007,1.0,1.0,1.0,1.0,1.0,158,1.0
2,u010,u010_q007,task,task_status,SQL 学习那个过期事项现在应该怎么处理？,recency_similarity_hybrid,u010_e018|u010_e015,Urgent wrong domain|Mixed review and reminder,0.494|0.472297,u010_e007,0.0,0.0,0.0,0.0,0.0,171,0.0
2,u010,u010_q007,task,task_status,SQL 学习那个过期事项现在应该怎么处理？,proposed_TMT_decay_event_memory,u010_e015|u010_e007,Mixed review and reminder|SQL 学习 status update,0.844676|0.792786,u010_e007,1.0,1.0,0.0,1.0,0.6309297535714574,162,1.0
3,u010,u010_q007,task,task_status,SQL 学习那个过期事项现在应该怎么处理？,recency_only,u010_e014|u010_e015|u010_e016,Mixed planning for today|Mixed review and reminder|Recent irrelevant side matter,1.0|1.0|1.0,u010_e007,0.0,0.0,0.0,0.0,0.0,255,0.0
3,u010,u010_q007,task,task_status,SQL 学习那个过期事项现在应该怎么处理？,similarity_only,u010_e007|u010_e018|u010_e003,SQL 学习 status update|Urgent wrong domain|SQL 学习 planning,0.102941|0.08|0.070423,u010_e007,1.0,1.0,1.0,1.0,1.0,232,1.0
3,u010,u010_q007,task,task_status,SQL 学习那个过期事项现在应该怎么处理？,recency_similarity_hybrid,u010_e018|u010_e015|u010_e016,Urgent wrong domain|Mixed review and reminder|Recent irrelevant side matter,0.494|0.472297|0.464474,u010_e007,0.0,0.0,0.0,0.0,0.0,248,0.0
3,u010,u010_q007,task,task_status,SQL 学习那个过期事项现在应该怎么处理？,proposed_TMT_decay_event_memory,u010_e015|u010_e007|u010_e014,Mixed review and reminder|SQL 学习 status update|Mixed planning for today,0.844676|0.792786|0.784319,u010_e007,1.0,1.0,0.0,1.0,0.6309297535714574,252,1.0
1,u010,u010_q008,task,task_context,月度报表为什么现在还不能最终完成？,recency_only,u010_e014,Mixed planning for today,1.0,u010_e009|u010_e005,0.0,0.0,0.0,0.0,0.0,91,0.0
1,u010,u010_q008,task,task_context,月度报表为什么现在还不能最终完成？,similarity_only,u010_e005,月度报表 status update,0.109091,u010_e009|u010_e005,0.5,0.0,1.0,0.5,0.46927872602275644,62,0.0
1,u010,u010_q008,task,task_context,月度报表为什么现在还不能最终完成？,recency_similarity_hybrid,u010_e018,Urgent wrong domain,0.486667,u010_e009|u010_e005,0.0,0.0,0.0,0.0,0.0,84,0.0
1,u010,u010_q008,task,task_context,月度报表为什么现在还不能最终完成？,proposed_TMT_decay_event_memory,u010_e015,Mixed review and reminder,0.844676,u010_e009|u010_e005,0.0,0.0,0.0,0.0,0.0,88,0.0
2,u010,u010_q008,task,task_context,月度报表为什么现在还不能最终完成？,recency_only,u010_e014|u010_e015,Mixed planning for today|Mixed review and reminder,1.0|1.0,u010_e009|u010_e005,0.0,0.0,0.0,0.0,0.0,178,0.0
2,u010,u010_q008,task,task_context,月度报表为什么现在还不能最终完成？,similarity_only,u010_e005|u010_e007,月度报表 status update|SQL 学习 status update,0.109091|0.088235,u010_e009|u010_e005,0.5,0.0,1.0,0.5,0.46927872602275644,136,0.0
2,u010,u010_q008,task,task_context,月度报表为什么现在还不能最终完成？,recency_similarity_hybrid,u010_e018|u010_e014,Urgent wrong domain|Mixed planning for today,0.486667|0.4775,u010_e009|u010_e005,0.0,0.0,0.0,0.0,0.0,175,0.0
2,u010,u010_q008,task,task_context,月度报表为什么现在还不能最终完成？,proposed_TMT_decay_event_memory,u010_e015|u010_e014,Mixed review and reminder|Mixed planning for today,0.844676|0.828863,u010_e009|u010_e005,0.0,0.0,0.0,0.0,0.0,178,0.0
3,u010,u010_q008,task,task_context,月度报表为什么现在还不能最终完成？,recency_only,u010_e014|u010_e015|u010_e016,Mixed planning for today|Mixed review and reminder|Recent irrelevant side matter,1.0|1.0|1.0,u010_e009|u010_e005,0.0,0.0,0.0,0.0,0.0,255,0.0
3,u010,u010_q008,task,task_context,月度报表为什么现在还不能最终完成？,similarity_only,u010_e005|u010_e007|u010_e017,月度报表 status update|SQL 学习 status update|Semantic similar wrong status,0.109091|0.088235|0.083333,u010_e009|u010_e005,0.5,0.0,1.0,0.5,0.46927872602275644,217,0.0
3,u010,u010_q008,task,task_context,月度报表为什么现在还不能最终完成？,recency_similarity_hybrid,u010_e018|u010_e014|u010_e016,Urgent wrong domain|Mixed planning for today|Recent irrelevant side matter,0.486667|0.4775|0.457237,u010_e009|u010_e005,0.0,0.0,0.0,0.0,0.0,252,0.0
3,u010,u010_q008,task,task_context,月度报表为什么现在还不能最终完成？,proposed_TMT_decay_event_memory,u010_e015|u010_e014|u010_e001,Mixed review and reminder|Mixed planning for today|月度报表 planning,0.844676|0.828863|0.78117,u010_e009|u010_e005,0.0,0.0,0.0,0.0,0.0,235,0.0
1,u010,u010_q009,task,task_context,业务复盘当前有效计划是什么？,recency_only,u010_e014,Mixed planning for today,1.0,u010_e008|u010_e020,0.0,1.0,0.0,0.0,0.0,91,0.0
1,u010,u010_q009,task,task_context,业务复盘当前有效计划是什么？,similarity_only,u010_e004,业务复盘 planning,0.098361,u010_e008|u010_e020,0.0,1.0,0.0,0.0,0.0,71,0.0
1,u010,u010_q009,task,task_context,业务复盘当前有效计划是什么？,recency_similarity_hybrid,u010_e015,Mixed review and reminder,0.457639,u010_e008|u010_e020,0.0,1.0,0.0,0.0,0.0,88,0.0
1,u010,u010_q009,task,task_context,业务复盘当前有效计划是什么？,proposed_TMT_decay_event_memory,u010_e015,Mixed review and reminder,0.844676,u010_e008|u010_e020,0.0,1.0,0.0,0.0,0.0,88,0.0
2,u010,u010_q009,task,task_context,业务复盘当前有效计划是什么？,recency_only,u010_e014|u010_e015,Mixed planning for today|Mixed review and reminder,1.0|1.0,u010_e008|u010_e020,0.0,1.0,0.0,0.0,0.0,178,0.0
2,u010,u010_q009,task,task_context,业务复盘当前有效计划是什么？,similarity_only,u010_e004|u010_e008,业务复盘 planning|业务复盘 status update,0.098361|0.095238,u010_e008|u010_e020,0.5,1.0,0.0,0.5,0.52129602861432,143,0.0
2,u010,u010_q009,task,task_context,业务复盘当前有效计划是什么？,recency_similarity_hybrid,u010_e015|u010_e016,Mixed review and reminder|Recent irrelevant side matter,0.457639|0.457534,u010_e008|u010_e020,0.0,1.0,0.0,0.0,0.0,164,0.0
2,u010,u010_q009,task,task_context,业务复盘当前有效计划是什么？,proposed_TMT_decay_event_memory,u010_e015|u010_e014,Mixed review and reminder|Mixed planning for today,0.844676|0.784319,u010_e008|u010_e020,0.0,1.0,0.0,0.0,0.0,178,0.0
3,u010,u010_q009,task,task_context,业务复盘当前有效计划是什么？,recency_only,u010_e014|u010_e015|u010_e016,Mixed planning for today|Mixed review and reminder|Recent irrelevant side matter,1.0|1.0|1.0,u010_e008|u010_e020,0.0,1.0,0.0,0.0,0.0,255,0.0
3,u010,u010_q009,task,task_context,业务复盘当前有效计划是什么？,similarity_only,u010_e004|u010_e008|u010_e020,业务复盘 planning|业务复盘 status update|Superseded MU distractor,0.098361|0.095238|0.072464,u010_e008|u010_e020,1.0,1.0,0.0,1.0,0.6590018048024133,225,1.0
3,u010,u010_q009,task,task_context,业务复盘当前有效计划是什么？,recency_similarity_hybrid,u010_e015|u010_e016|u010_e018,Mixed review and reminder|Recent irrelevant side matter|Urgent wrong domain,0.457639|0.457534|0.457237,u010_e008|u010_e020,0.0,1.0,0.0,0.0,0.0,248,0.0
3,u010,u010_q009,task,task_context,业务复盘当前有效计划是什么？,proposed_TMT_decay_event_memory,u010_e015|u010_e014|u010_e007,Mixed review and reminder|Mixed planning for today|SQL 学习 status update,0.844676|0.784319|0.758506,u010_e008|u010_e020,0.0,1.0,0.0,0.0,0.0,252,0.0
1,u010,u010_q010,task,task_dependency,做月度报表前还缺什么依赖？,recency_only,u010_e014,Mixed planning for today,1.0,u010_e009|u010_e014,0.5,0.0,1.0,0.5,0.46927872602275644,91,0.0
1,u010,u010_q010,task,task_dependency,做月度报表前还缺什么依赖？,similarity_only,u010_e009,月度报表 dependency discussion,0.116667,u010_e009|u010_e014,0.5,1.0,1.0,0.5,0.7039180890341347,83,0.0
1,u010,u010_q010,task,task_dependency,做月度报表前还缺什么依赖？,recency_similarity_hybrid,u010_e018,Urgent wrong domain,0.480556,u010_e009|u010_e014,0.0,0.0,0.0,0.0,0.0,84,0.0
1,u010,u010_q010,task,task_dependency,做月度报表前还缺什么依赖？,proposed_TMT_decay_event_memory,u010_e015,Mixed review and reminder,0.844676,u010_e009|u010_e014,0.0,0.0,0.0,0.0,0.0,88,0.0
2,u010,u010_q010,task,task_dependency,做月度报表前还缺什么依赖？,recency_only,u010_e014|u010_e015,Mixed planning for today|Mixed review and reminder,1.0|1.0,u010_e009|u010_e014,0.5,0.0,1.0,0.5,0.46927872602275644,178,0.0
2,u010,u010_q010,task,task_dependency,做月度报表前还缺什么依赖？,similarity_only,u010_e009|u010_e001,月度报表 dependency discussion|月度报表 planning,0.116667|0.076923,u010_e009|u010_e014,0.5,1.0,1.0,0.5,0.7039180890341347,140,0.0
2,u010,u010_q010,task,task_dependency,做月度报表前还缺什么依赖？,recency_similarity_hybrid,u010_e018|u010_e014,Urgent wrong domain|Mixed planning for today,0.480556|0.478947,u010_e009|u010_e014,0.5,0.0,0.0,0.5,0.2960819109658652,175,0.0
2,u010,u010_q010,task,task_dependency,做月度报表前还缺什么依赖？,proposed_TMT_decay_event_memory,u010_e015|u010_e014,Mixed review and reminder|Mixed planning for today,0.844676|0.836593,u010_e009|u010_e014,0.5,0.0,0.0,0.5,0.2960819109658652,178,0.0
3,u010,u010_q010,task,task_dependency,做月度报表前还缺什么依赖？,recency_only,u010_e014|u010_e015|u010_e016,Mixed planning for today|Mixed review and reminder|Recent irrelevant side matter,1.0|1.0|1.0,u010_e009|u010_e014,0.5,0.0,1.0,0.5,0.46927872602275644,255,0.0
3,u010,u010_q010,task,task_dependency,做月度报表前还缺什么依赖？,similarity_only,u010_e009|u010_e001|u010_e005,月度报表 dependency discussion|月度报表 planning|月度报表 status update,0.116667|0.076923|0.075472,u010_e009|u010_e014,0.5,1.0,1.0,0.5,0.7039180890341347,201,0.0
3,u010,u010_q010,task,task_dependency,做月度报表前还缺什么依赖？,recency_similarity_hybrid,u010_e018|u010_e014|u010_e015,Urgent wrong domain|Mixed planning for today|Mixed review and reminder,0.480556|0.478947|0.465714,u010_e009|u010_e014,0.5,0.0,0.0,0.5,0.2960819109658652,262,0.0
3,u010,u010_q010,task,task_dependency,做月度报表前还缺什么依赖？,proposed_TMT_decay_event_memory,u010_e015|u010_e014|u010_e001,Mixed review and reminder|Mixed planning for today|月度报表 planning,0.844676|0.836593|0.789705,u010_e009|u010_e014,0.5,0.0,0.0,0.5,0.2960819109658652,235,0.0
1,u010,u010_q011,task,task_dependency,dashboard 维护卡住的前置条件是什么？,recency_only,u010_e014,Mixed planning for today,1.0,u010_e010|u010_e006|u010_e015,0.0,1.0,0.0,0.0,0.0,91,0.0
1,u010,u010_q011,task,task_dependency,dashboard 维护卡住的前置条件是什么？,similarity_only,u010_e010,dashboard 维护 dependency discussion,0.063492,u010_e010|u010_e006|u010_e015,0.3333333333333333,1.0,1.0,0.3333333333333333,0.5090967735771897,90,0.0
1,u010,u010_q011,task,task_dependency,dashboard 维护卡住的前置条件是什么？,recency_similarity_hybrid,u010_e015,Mixed review and reminder,0.473571,u010_e010|u010_e006|u010_e015,0.3333333333333333,1.0,1.0,0.3333333333333333,0.3393978490514598,88,0.0
1,u010,u010_q011,task,task_dependency,dashboard 维护卡住的前置条件是什么？,proposed_TMT_decay_event_memory,u010_e015,Mixed review and reminder,0.886648,u010_e010|u010_e006|u010_e015,0.3333333333333333,1.0,1.0,0.3333333333333333,0.3393978490514598,88,0.0
2,u010,u010_q011,task,task_dependency,dashboard 维护卡住的前置条件是什么？,recency_only,u010_e014|u010_e015,Mixed planning for today|Mixed review and reminder,1.0|1.0,u010_e010|u010_e006|u010_e015,0.3333333333333333,1.0,0.0,0.3333333333333333,0.21413620126472027,178,0.0
2,u010,u010_q011,task,task_dependency,dashboard 维护卡住的前置条件是什么？,similarity_only,u010_e010|u010_e002,dashboard 维护 dependency discussion|dashboard 维护 planning,0.063492|0.0625,u010_e010|u010_e006|u010_e015,0.3333333333333333,1.0,1.0,0.3333333333333333,0.5090967735771897,161,0.0
2,u010,u010_q011,task,task_dependency,dashboard 维护卡住的前置条件是什么？,recency_similarity_hybrid,u010_e015|u010_e016,Mixed review and reminder|Recent irrelevant side matter,0.473571|0.457534,u010_e010|u010_e006|u010_e015,0.3333333333333333,1.0,1.0,0.3333333333333333,0.3393978490514598,164,0.0
2,u010,u010_q011,task,task_dependency,dashboard 维护卡住的前置条件是什么？,proposed_TMT_decay_event_memory,u010_e015|u010_e014,Mixed review and reminder|Mixed planning for today,0.886648|0.784319,u010_e010|u010_e006|u010_e015,0.3333333333333333,1.0,1.0,0.3333333333333333,0.3393978490514598,178,0.0
3,u010,u010_q011,task,task_dependency,dashboard 维护卡住的前置条件是什么？,recency_only,u010_e014|u010_e015|u010_e016,Mixed planning for today|Mixed review and reminder|Recent irrelevant side matter,1.0|1.0|1.0,u010_e010|u010_e006|u010_e015,0.3333333333333333,1.0,0.0,0.3333333333333333,0.21413620126472027,255,0.0
3,u010,u010_q011,task,task_dependency,dashboard 维护卡住的前置条件是什么？,similarity_only,u010_e010|u010_e002|u010_e006,dashboard 维护 dependency discussion|dashboard 维护 planning|dashboard 维护 status update,0.063492|0.0625|0.046154,u010_e010|u010_e006|u010_e015,0.6666666666666666,1.0,1.0,0.6666666666666666,0.7636451603657846,243,0.0
3,u010,u010_q011,task,task_dependency,dashboard 维护卡住的前置条件是什么？,recency_similarity_hybrid,u010_e015|u010_e016|u010_e018,Mixed review and reminder|Recent irrelevant side matter|Urgent wrong domain,0.473571|0.457534|0.457237,u010_e010|u010_e006|u010_e015,0.3333333333333333,1.0,1.0,0.3333333333333333,0.3393978490514598,248,0.0
3,u010,u010_q011,task,task_dependency,dashboard 维护卡住的前置条件是什么？,proposed_TMT_decay_event_memory,u010_e015|u010_e014|u010_e007,Mixed review and reminder|Mixed planning for today|SQL 学习 status update,0.886648|0.784319|0.758506,u010_e010|u010_e006|u010_e015,0.3333333333333333,1.0,1.0,0.3333333333333333,0.3393978490514598,252,0.0
1,u010,u010_q012,chat,chat_preference,我做计划时有什么稳定偏好？,recency_only,u010_e014,Mixed planning for today,1.0,u010_e011|u010_e019,0.0,,0.0,0.0,0.0,91,0.0
1,u010,u010_q012,chat,chat_preference,我做计划时有什么稳定偏好？,similarity_only,u010_e019,Old but stable preference,0.092308,u010_e011|u010_e019,0.5,,1.0,0.5,0.6131471927654584,85,0.0
1,u010,u010_q012,chat,chat_preference,我做计划时有什么稳定偏好？,recency_similarity_hybrid,u010_e014,Mixed planning for today,0.478947,u010_e011|u010_e019,0.0,,0.0,0.0,0.0,91,0.0
1,u010,u010_q012,chat,chat_preference,我做计划时有什么稳定偏好？,proposed_TMT_decay_event_memory,u010_e014,Mixed planning for today,0.891388,u010_e011|u010_e019,0.0,,0.0,0.0,0.0,91,0.0
2,u010,u010_q012,chat,chat_preference,我做计划时有什么稳定偏好？,recency_only,u010_e014|u010_e015,Mixed planning for today|Mixed review and reminder,1.0|1.0,u010_e011|u010_e019,0.0,,0.0,0.0,0.0,178,0.0
2,u010,u010_q012,chat,chat_preference,我做计划时有什么稳定偏好？,similarity_only,u010_e019|u010_e011,Old but stable preference|Stable preference and profile,0.092308|0.0625,u010_e011|u010_e019,1.0,,1.0,1.0,1.0,141,1.0
2,u010,u010_q012,chat,chat_preference,我做计划时有什么稳定偏好？,recency_similarity_hybrid,u010_e014|u010_e015,Mixed planning for today|Mixed review and reminder,0.478947|0.473913,u010_e011|u010_e019,0.0,,0.0,0.0,0.0,178,0.0
2,u010,u010_q012,chat,chat_preference,我做计划时有什么稳定偏好？,proposed_TMT_decay_event_memory,u010_e014|u010_e015,Mixed planning for today|Mixed review and reminder,0.891388|0.849317,u010_e011|u010_e019,0.0,,0.0,0.0,0.0,178,0.0
3,u010,u010_q012,chat,chat_preference,我做计划时有什么稳定偏好？,recency_only,u010_e014|u010_e015|u010_e016,Mixed planning for today|Mixed review and reminder|Recent irrelevant side matter,1.0|1.0|1.0,u010_e011|u010_e019,0.0,,0.0,0.0,0.0,255,0.0
3,u010,u010_q012,chat,chat_preference,我做计划时有什么稳定偏好？,similarity_only,u010_e019|u010_e011|u010_e014,Old but stable preference|Stable preference and profile|Mixed planning for today,0.092308|0.0625|0.052632,u010_e011|u010_e019,1.0,,1.0,1.0,1.0,231,1.0
3,u010,u010_q012,chat,chat_preference,我做计划时有什么稳定偏好？,recency_similarity_hybrid,u010_e014|u010_e015|u010_e016,Mixed planning for today|Mixed review and reminder|Recent irrelevant side matter,0.478947|0.473913|0.457639,u010_e011|u010_e019,0.0,,0.0,0.0,0.0,255,0.0
3,u010,u010_q012,chat,chat_preference,我做计划时有什么稳定偏好？,proposed_TMT_decay_event_memory,u010_e014|u010_e015|u010_e010,Mixed planning for today|Mixed review and reminder|dashboard 维护 dependency discussion,0.891388|0.849317|0.825251,u010_e011|u010_e019,0.0,,0.0,0.0,0.0,268,0.0
1,u010,u010_q013,chat,chat_preference,关于深度工作时间，我现在应该遵循哪个偏好？,recency_only,u010_e014,Mixed planning for today,1.0,u010_e013|u010_e012,0.0,,0.0,0.0,0.0,91,0.0
1,u010,u010_q013,chat,chat_preference,关于深度工作时间，我现在应该遵循哪个偏好？,similarity_only,u010_e013,Updated preference record,0.089552,u010_e013|u010_e012,0.5,,1.0,0.5,0.8262346571285599,73,0.0
1,u010,u010_q013,chat,chat_preference,关于深度工作时间，我现在应该遵循哪个偏好？,recency_similarity_hybrid,u010_e014,Mixed planning for today,0.490741,u010_e013|u010_e012,0.0,,0.0,0.0,0.0,91,0.0
1,u010,u010_q013,chat,chat_preference,关于深度工作时间，我现在应该遵循哪个偏好？,proposed_TMT_decay_event_memory,u010_e014,Mixed planning for today,0.900803,u010_e013|u010_e012,0.0,,0.0,0.0,0.0,91,0.0
2,u010,u010_q013,chat,chat_preference,关于深度工作时间，我现在应该遵循哪个偏好？,recency_only,u010_e014|u010_e015,Mixed planning for today|Mixed review and reminder,1.0|1.0,u010_e013|u010_e012,0.0,,0.0,0.0,0.0,178,0.0
2,u010,u010_q013,chat,chat_preference,关于深度工作时间，我现在应该遵循哪个偏好？,similarity_only,u010_e013|u010_e014,Updated preference record|Mixed planning for today,0.089552|0.074074,u010_e013|u010_e012,0.5,,1.0,0.5,0.8262346571285599,164,0.0
2,u010,u010_q013,chat,chat_preference,关于深度工作时间，我现在应该遵循哪个偏好？,recency_similarity_hybrid,u010_e014|u010_e016,Mixed planning for today|Recent irrelevant side matter,0.490741|0.478947,u010_e013|u010_e012,0.0,,0.0,0.0,0.0,168,0.0
2,u010,u010_q013,chat,chat_preference,关于深度工作时间，我现在应该遵循哪个偏好？,proposed_TMT_decay_event_memory,u010_e014|u010_e015,Mixed planning for today|Mixed review and reminder,0.900803|0.849317,u010_e013|u010_e012,0.0,,0.0,0.0,0.0,178,0.0
3,u010,u010_q013,chat,chat_preference,关于深度工作时间，我现在应该遵循哪个偏好？,recency_only,u010_e014|u010_e015|u010_e016,Mixed planning for today|Mixed review and reminder|Recent irrelevant side matter,1.0|1.0|1.0,u010_e013|u010_e012,0.0,,0.0,0.0,0.0,255,0.0
3,u010,u010_q013,chat,chat_preference,关于深度工作时间，我现在应该遵循哪个偏好？,similarity_only,u010_e013|u010_e014|u010_e019,Updated preference record|Mixed planning for today|Old but stable preference,0.089552|0.074074|0.068493,u010_e013|u010_e012,0.5,,1.0,0.5,0.8262346571285599,249,0.0
3,u010,u010_q013,chat,chat_preference,关于深度工作时间，我现在应该遵循哪个偏好？,recency_similarity_hybrid,u010_e014|u010_e016|u010_e015,Mixed planning for today|Recent irrelevant side matter|Mixed review and reminder,0.490741|0.478947|0.471711,u010_e013|u010_e012,0.0,,0.0,0.0,0.0,255,0.0
3,u010,u010_q013,chat,chat_preference,关于深度工作时间，我现在应该遵循哪个偏好？,proposed_TMT_decay_event_memory,u010_e014|u010_e015|u010_e010,Mixed planning for today|Mixed review and reminder|dashboard 维护 dependency discussion,0.900803|0.849317|0.825251,u010_e013|u010_e012,0.0,,0.0,0.0,0.0,268,0.0
1,u010,u010_q014,chat,chat_profile,我的背景和主要任务场景是什么？,recency_only,u010_e014,Mixed planning for today,1.0,u010_e011|u010_e001,0.0,,0.0,0.0,0.0,91,0.0
1,u010,u010_q014,chat,chat_profile,我的背景和主要任务场景是什么？,similarity_only,u010_e016,Recent irrelevant side matter,0.072464,u010_e011|u010_e001,0.0,,0.0,0.0,0.0,77,0.0
1,u010,u010_q014,chat,chat_profile,我的背景和主要任务场景是什么？,recency_similarity_hybrid,u010_e016,Recent irrelevant side matter,0.489855,u010_e011|u010_e001,0.0,,0.0,0.0,0.0,77,0.0
1,u010,u010_q014,chat,chat_profile,我的背景和主要任务场景是什么？,proposed_TMT_decay_event_memory,u010_e014,Mixed planning for today,0.891388,u010_e011|u010_e001,0.0,,0.0,0.0,0.0,91,0.0
2,u010,u010_q014,chat,chat_profile,我的背景和主要任务场景是什么？,recency_only,u010_e014|u010_e015,Mixed planning for today|Mixed review and reminder,1.0|1.0,u010_e011|u010_e001,0.0,,0.0,0.0,0.0,178,0.0
2,u010,u010_q014,chat,chat_profile,我的背景和主要任务场景是什么？,similarity_only,u010_e016|u010_e002,Recent irrelevant side matter|dashboard 维护 planning,0.072464|0.0625,u010_e011|u010_e001,0.0,,0.0,0.0,0.0,149,0.0
2,u010,u010_q014,chat,chat_profile,我的背景和主要任务场景是什么？,recency_similarity_hybrid,u010_e016|u010_e015,Recent irrelevant side matter|Mixed review and reminder,0.489855|0.481884,u010_e011|u010_e001,0.0,,0.0,0.0,0.0,164,0.0
2,u010,u010_q014,chat,chat_profile,我的背景和主要任务场景是什么？,proposed_TMT_decay_event_memory,u010_e014|u010_e015,Mixed planning for today|Mixed review and reminder,0.891388|0.849317,u010_e011|u010_e001,0.0,,0.0,0.0,0.0,178,0.0
3,u010,u010_q014,chat,chat_profile,我的背景和主要任务场景是什么？,recency_only,u010_e014|u010_e015|u010_e016,Mixed planning for today|Mixed review and reminder|Recent irrelevant side matter,1.0|1.0|1.0,u010_e011|u010_e001,0.0,,0.0,0.0,0.0,255,0.0
3,u010,u010_q014,chat,chat_profile,我的背景和主要任务场景是什么？,similarity_only,u010_e016|u010_e002|u010_e015,Recent irrelevant side matter|dashboard 维护 planning|Mixed review and reminder,0.072464|0.0625|0.057971,u010_e011|u010_e001,0.0,,0.0,0.0,0.0,236,0.0
3,u010,u010_q014,chat,chat_profile,我的背景和主要任务场景是什么？,recency_similarity_hybrid,u010_e016|u010_e015|u010_e018,Recent irrelevant side matter|Mixed review and reminder|Urgent wrong domain,0.489855|0.481884|0.457237,u010_e011|u010_e001,0.0,,0.0,0.0,0.0,248,0.0
3,u010,u010_q014,chat,chat_profile,我的背景和主要任务场景是什么？,proposed_TMT_decay_event_memory,u010_e014|u010_e015|u010_e010,Mixed planning for today|Mixed review and reminder|dashboard 维护 dependency discussion,0.891388|0.849317|0.825251,u010_e011|u010_e001,0.0,,0.0,0.0,0.0,268,0.0
1,u010,u010_q015,chat,chat_history,之前我提过哪些和提醒方式有关的要求？,recency_only,u010_e014,Mixed planning for today,1.0,u010_e011|u010_e015,0.0,,0.0,0.0,0.0,91,0.0
1,u010,u010_q015,chat,chat_history,之前我提过哪些和提醒方式有关的要求？,similarity_only,u010_e015,Mixed review and reminder,0.070423,u010_e011|u010_e015,0.5,,1.0,0.5,0.6131471927654584,88,0.0
1,u010,u010_q015,chat,chat_history,之前我提过哪些和提醒方式有关的要求？,recency_similarity_hybrid,u010_e015,Mixed review and reminder,0.488732,u010_e011|u010_e015,0.5,,1.0,0.5,0.6131471927654584,88,0.0
1,u010,u010_q015,chat,chat_history,之前我提过哪些和提醒方式有关的要求？,proposed_TMT_decay_event_memory,u010_e014,Mixed planning for today,0.891388,u010_e011|u010_e015,0.0,,0.0,0.0,0.0,91,0.0
2,u010,u010_q015,chat,chat_history,之前我提过哪些和提醒方式有关的要求？,recency_only,u010_e014|u010_e015,Mixed planning for today|Mixed review and reminder,1.0|1.0,u010_e011|u010_e015,0.5,,0.0,0.5,0.3868528072345416,178,0.0
2,u010,u010_q015,chat,chat_history,之前我提过哪些和提醒方式有关的要求？,similarity_only,u010_e015|u010_e009,Mixed review and reminder|月度报表 dependency discussion,0.070423|0.044118,u010_e011|u010_e015,0.5,,1.0,0.5,0.6131471927654584,171,0.0
2,u010,u010_q015,chat,chat_history,之前我提过哪些和提醒方式有关的要求？,recency_similarity_hybrid,u010_e015|u010_e016,Mixed review and reminder|Recent irrelevant side matter,0.488732|0.472297,u010_e011|u010_e015,0.5,,1.0,0.5,0.6131471927654584,164,0.0
2,u010,u010_q015,chat,chat_history,之前我提过哪些和提醒方式有关的要求？,proposed_TMT_decay_event_memory,u010_e014|u010_e015,Mixed planning for today|Mixed review and reminder,0.891388|0.849317,u010_e011|u010_e015,0.5,,0.0,0.5,0.3868528072345416,178,0.0
3,u010,u010_q015,chat,chat_history,之前我提过哪些和提醒方式有关的要求？,recency_only,u010_e014|u010_e015|u010_e016,Mixed planning for today|Mixed review and reminder|Recent irrelevant side matter,1.0|1.0|1.0,u010_e011|u010_e015,0.5,,0.0,0.5,0.3868528072345416,255,0.0
3,u010,u010_q015,chat,chat_history,之前我提过哪些和提醒方式有关的要求？,similarity_only,u010_e015|u010_e009|u010_e016,Mixed review and reminder|月度报表 dependency discussion|Recent irrelevant side matter,0.070423|0.044118|0.040541,u010_e011|u010_e015,0.5,,1.0,0.5,0.6131471927654584,247,0.0
3,u010,u010_q015,chat,chat_history,之前我提过哪些和提醒方式有关的要求？,recency_similarity_hybrid,u010_e015|u010_e016|u010_e018,Mixed review and reminder|Recent irrelevant side matter|Urgent wrong domain,0.488732|0.472297|0.464103,u010_e011|u010_e015,0.5,,1.0,0.5,0.6131471927654584,248,0.0
3,u010,u010_q015,chat,chat_history,之前我提过哪些和提醒方式有关的要求？,proposed_TMT_decay_event_memory,u010_e014|u010_e015|u010_e010,Mixed planning for today|Mixed review and reminder|dashboard 维护 dependency discussion,0.891388|0.849317|0.825251,u010_e011|u010_e015,0.5,,0.0,0.5,0.3868528072345416,268,0.0
1,u010,u010_q016,chat,mixed,帮我安排今天上午，结合任务优先级和个人偏好。,recency_only,u010_e014,Mixed planning for today,1.0,u010_e014|u010_e013|u010_e001,0.3333333333333333,,1.0,0.3333333333333333,0.5090967735771897,91,0.0
1,u010,u010_q016,chat,mixed,帮我安排今天上午，结合任务优先级和个人偏好。,similarity_only,u010_e014,Mixed planning for today,0.142857,u010_e014|u010_e013|u010_e001,0.3333333333333333,,1.0,0.3333333333333333,0.5090967735771897,91,0.0
1,u010,u010_q016,chat,mixed,帮我安排今天上午，结合任务优先级和个人偏好。,recency_similarity_hybrid,u010_e014,Mixed planning for today,0.528571,u010_e014|u010_e013|u010_e001,0.3333333333333333,,1.0,0.3333333333333333,0.5090967735771897,91,0.0
1,u010,u010_q016,chat,mixed,帮我安排今天上午，结合任务优先级和个人偏好。,proposed_TMT_decay_event_memory,u010_e014,Mixed planning for today,0.891388,u010_e014|u010_e013|u010_e001,0.3333333333333333,,1.0,0.3333333333333333,0.5090967735771897,91,0.0
2,u010,u010_q016,chat,mixed,帮我安排今天上午，结合任务优先级和个人偏好。,recency_only,u010_e014|u010_e015,Mixed planning for today|Mixed review and reminder,1.0|1.0,u010_e014|u010_e013|u010_e001,0.3333333333333333,,1.0,0.3333333333333333,0.5090967735771897,178,0.0
2,u010,u010_q016,chat,mixed,帮我安排今天上午，结合任务优先级和个人偏好。,similarity_only,u010_e014|u010_e015,Mixed planning for today|Mixed review and reminder,0.142857|0.066667,u010_e014|u010_e013|u010_e001,0.3333333333333333,,1.0,0.3333333333333333,0.5090967735771897,178,0.0
2,u010,u010_q016,chat,mixed,帮我安排今天上午，结合任务优先级和个人偏好。,recency_similarity_hybrid,u010_e014|u010_e015,Mixed planning for today|Mixed review and reminder,0.528571|0.486667,u010_e014|u010_e013|u010_e001,0.3333333333333333,,1.0,0.3333333333333333,0.5090967735771897,178,0.0
2,u010,u010_q016,chat,mixed,帮我安排今天上午，结合任务优先级和个人偏好。,proposed_TMT_decay_event_memory,u010_e014|u010_e015,Mixed planning for today|Mixed review and reminder,0.891388|0.849317,u010_e014|u010_e013|u010_e001,0.3333333333333333,,1.0,0.3333333333333333,0.5090967735771897,178,0.0
3,u010,u010_q016,chat,mixed,帮我安排今天上午，结合任务优先级和个人偏好。,recency_only,u010_e014|u010_e015|u010_e016,Mixed planning for today|Mixed review and reminder|Recent irrelevant side matter,1.0|1.0|1.0,u010_e014|u010_e013|u010_e001,0.3333333333333333,,1.0,0.3333333333333333,0.5090967735771897,255,0.0
3,u010,u010_q016,chat,mixed,帮我安排今天上午，结合任务优先级和个人偏好。,similarity_only,u010_e014|u010_e015|u010_e013,Mixed planning for today|Mixed review and reminder|Updated preference record,0.142857|0.066667|0.057143,u010_e014|u010_e013|u010_e001,0.6666666666666666,,1.0,0.6666666666666666,0.7636451603657846,251,0.0
3,u010,u010_q016,chat,mixed,帮我安排今天上午，结合任务优先级和个人偏好。,recency_similarity_hybrid,u010_e014|u010_e015|u010_e016,Mixed planning for today|Mixed review and reminder|Recent irrelevant side matter,0.528571|0.486667|0.471154,u010_e014|u010_e013|u010_e001,0.3333333333333333,,1.0,0.3333333333333333,0.5090967735771897,255,0.0
3,u010,u010_q016,chat,mixed,帮我安排今天上午，结合任务优先级和个人偏好。,proposed_TMT_decay_event_memory,u010_e014|u010_e015|u010_e010,Mixed planning for today|Mixed review and reminder|dashboard 维护 dependency discussion,0.891388|0.849317|0.825251,u010_e014|u010_e013|u010_e001,0.3333333333333333,,1.0,0.3333333333333333,0.5090967735771897,268,0.0
1,u010,u010_q017,chat,mixed,帮我写一个关于dashboard 维护的提醒，要体现依赖关系。,recency_only,u010_e014,Mixed planning for today,1.0,u010_e015|u010_e010,0.0,,0.0,0.0,0.0,91,0.0
1,u010,u010_q017,chat,mixed,帮我写一个关于dashboard 维护的提醒，要体现依赖关系。,similarity_only,u010_e015,Mixed review and reminder,0.112676,u010_e015|u010_e010,0.5,,1.0,0.5,0.6131471927654584,88,0.0
1,u010,u010_q017,chat,mixed,帮我写一个关于dashboard 维护的提醒，要体现依赖关系。,recency_similarity_hybrid,u010_e015,Mixed review and reminder,0.511972,u010_e015|u010_e010,0.5,,1.0,0.5,0.6131471927654584,88,0.0
1,u010,u010_q017,chat,mixed,帮我写一个关于dashboard 维护的提醒，要体现依赖关系。,proposed_TMT_decay_event_memory,u010_e014,Mixed planning for today,0.891388,u010_e015|u010_e010,0.0,,0.0,0.0,0.0,91,0.0
2,u010,u010_q017,chat,mixed,帮我写一个关于dashboard 维护的提醒，要体现依赖关系。,recency_only,u010_e014|u010_e015,Mixed planning for today|Mixed review and reminder,1.0|1.0,u010_e015|u010_e010,0.5,,0.0,0.5,0.3868528072345416,178,0.0
2,u010,u010_q017,chat,mixed,帮我写一个关于dashboard 维护的提醒，要体现依赖关系。,similarity_only,u010_e015|u010_e002,Mixed review and reminder|dashboard 维护 planning,0.112676|0.104478,u010_e015|u010_e010,0.5,,1.0,0.5,0.6131471927654584,159,0.0
2,u010,u010_q017,chat,mixed,帮我写一个关于dashboard 维护的提醒，要体现依赖关系。,recency_similarity_hybrid,u010_e015|u010_e016,Mixed review and reminder|Recent irrelevant side matter,0.511972|0.486667,u010_e015|u010_e010,0.5,,1.0,0.5,0.6131471927654584,164,0.0
2,u010,u010_q017,chat,mixed,帮我写一个关于dashboard 维护的提醒，要体现依赖关系。,proposed_TMT_decay_event_memory,u010_e014|u010_e015,Mixed planning for today|Mixed review and reminder,0.891388|0.87585,u010_e015|u010_e010,0.5,,0.0,0.5,0.3868528072345416,178,0.0
3,u010,u010_q017,chat,mixed,帮我写一个关于dashboard 维护的提醒，要体现依赖关系。,recency_only,u010_e014|u010_e015|u010_e016,Mixed planning for today|Mixed review and reminder|Recent irrelevant side matter,1.0|1.0|1.0,u010_e015|u010_e010,0.5,,0.0,0.5,0.3868528072345416,255,0.0
3,u010,u010_q017,chat,mixed,帮我写一个关于dashboard 维护的提醒，要体现依赖关系。,similarity_only,u010_e015|u010_e002|u010_e010,Mixed review and reminder|dashboard 维护 planning|dashboard 维护 dependency discussion,0.112676|0.104478|0.089552,u010_e015|u010_e010,1.0,,1.0,1.0,0.9197207891481876,249,1.0
3,u010,u010_q017,chat,mixed,帮我写一个关于dashboard 维护的提醒，要体现依赖关系。,recency_similarity_hybrid,u010_e015|u010_e016|u010_e018,Mixed review and reminder|Recent irrelevant side matter|Urgent wrong domain,0.511972|0.486667|0.477848,u010_e015|u010_e010,0.5,,1.0,0.5,0.6131471927654584,248,0.0
3,u010,u010_q017,chat,mixed,帮我写一个关于dashboard 维护的提醒，要体现依赖关系。,proposed_TMT_decay_event_memory,u010_e014|u010_e015|u010_e010,Mixed planning for today|Mixed review and reminder|dashboard 维护 dependency discussion,0.891388|0.87585|0.864887,u010_e015|u010_e010,1.0,,0.0,1.0,0.6934264036172708,268,1.0
1,u010,u010_q018,task,task_priority,我还有什么低优先级但今天可能会干扰我的事？,recency_only,u010_e014,Mixed planning for today,1.0,u010_e018|u010_e003|u010_e016,0.0,0.0,0.0,0.0,0.0,91,0.0
1,u010,u010_q018,task,task_priority,我还有什么低优先级但今天可能会干扰我的事？,similarity_only,u010_e012,Old preference record,0.069444,u010_e018|u010_e003|u010_e016,0.0,0.0,0.0,0.0,0.0,71,0.0
1,u010,u010_q018,task,task_priority,我还有什么低优先级但今天可能会干扰我的事？,recency_similarity_hybrid,u010_e018,Urgent wrong domain,0.477848,u010_e018|u010_e003|u010_e016,0.3333333333333333,0.5,1.0,0.3333333333333333,0.6300059872618923,84,0.0
1,u010,u010_q018,task,task_priority,我还有什么低优先级但今天可能会干扰我的事？,proposed_TMT_decay_event_memory,u010_e015,Mixed review and reminder,0.844676,u010_e018|u010_e003|u010_e016,0.0,0.0,0.0,0.0,0.0,88,0.0
2,u010,u010_q018,task,task_priority,我还有什么低优先级但今天可能会干扰我的事？,recency_only,u010_e014|u010_e015,Mixed planning for today|Mixed review and reminder,1.0|1.0,u010_e018|u010_e003|u010_e016,0.0,0.0,0.0,0.0,0.0,178,0.0
2,u010,u010_q018,task,task_priority,我还有什么低优先级但今天可能会干扰我的事？,similarity_only,u010_e012|u010_e018,Old preference record|Urgent wrong domain,0.069444|0.050633,u010_e018|u010_e003|u010_e016,0.3333333333333333,0.5,0.0,0.3333333333333333,0.39748952229168844,155,0.0
2,u010,u010_q018,task,task_priority,我还有什么低优先级但今天可能会干扰我的事？,recency_similarity_hybrid,u010_e018|u010_e016,Urgent wrong domain|Recent irrelevant side matter,0.477848|0.471429,u010_e018|u010_e003|u010_e016,0.6666666666666666,0.5,1.0,0.6666666666666666,0.7625024946924551,161,0.0
2,u010,u010_q018,task,task_priority,我还有什么低优先级但今天可能会干扰我的事？,proposed_TMT_decay_event_memory,u010_e015|u010_e014,Mixed review and reminder|Mixed planning for today,0.844676|0.784319,u010_e018|u010_e003|u010_e016,0.0,0.0,0.0,0.0,0.0,178,0.0
3,u010,u010_q018,task,task_priority,我还有什么低优先级但今天可能会干扰我的事？,recency_only,u010_e014|u010_e015|u010_e016,Mixed planning for today|Mixed review and reminder|Recent irrelevant side matter,1.0|1.0|1.0,u010_e018|u010_e003|u010_e016,0.3333333333333333,0.0,0.0,0.3333333333333333,0.10500099787698204,255,0.0
3,u010,u010_q018,task,task_priority,我还有什么低优先级但今天可能会干扰我的事？,similarity_only,u010_e012|u010_e018|u010_e001,Old preference record|Urgent wrong domain|月度报表 planning,0.069444|0.050633|0.040541,u010_e018|u010_e003|u010_e016,0.3333333333333333,0.5,0.0,0.3333333333333333,0.39748952229168844,211,0.0
3,u010,u010_q018,task,task_priority,我还有什么低优先级但今天可能会干扰我的事？,recency_similarity_hybrid,u010_e018|u010_e016|u010_e014,Urgent wrong domain|Recent irrelevant side matter|Mixed planning for today,0.477848|0.471429|0.462941,u010_e018|u010_e003|u010_e016,0.6666666666666666,0.5,1.0,0.6666666666666666,0.7625024946924551,252,0.0
3,u010,u010_q018,task,task_priority,我还有什么低优先级但今天可能会干扰我的事？,proposed_TMT_decay_event_memory,u010_e015|u010_e014|u010_e007,Mixed review and reminder|Mixed planning for today|SQL 学习 status update,0.844676|0.784319|0.758506,u010_e018|u010_e003|u010_e016,0.0,0.0,0.0,0.0,0.0,252,0.0
1,u010,u010_q019,task,task_status,那个类似月度报表的旧任务还需要今天做吗？,recency_only,u010_e014,Mixed planning for today,1.0,u010_e017|u010_e001,0.0,0.0,0.0,0.0,0.0,91,0.0
1,u010,u010_q019,task,task_status,那个类似月度报表的旧任务还需要今天做吗？,similarity_only,u010_e017,Semantic similar wrong status,0.140845,u010_e017|u010_e001,0.5,0.0,1.0,0.5,0.7039180890341347,82,0.0
1,u010,u010_q019,task,task_status,那个类似月度报表的旧任务还需要今天做吗？,recency_similarity_hybrid,u010_e014,Mixed planning for today,0.498125,u010_e017|u010_e001,0.0,0.0,0.0,0.0,0.0,91,0.0
1,u010,u010_q019,task,task_status,那个类似月度报表的旧任务还需要今天做吗？,proposed_TMT_decay_event_memory,u010_e015,Mixed review and reminder,0.844676,u010_e017|u010_e001,0.0,0.0,0.0,0.0,0.0,88,0.0
2,u010,u010_q019,task,task_status,那个类似月度报表的旧任务还需要今天做吗？,recency_only,u010_e014|u010_e015,Mixed planning for today|Mixed review and reminder,1.0|1.0,u010_e017|u010_e001,0.0,0.0,0.0,0.0,0.0,178,0.0
2,u010,u010_q019,task,task_status,那个类似月度报表的旧任务还需要今天做吗？,similarity_only,u010_e017|u010_e005,Semantic similar wrong status|月度报表 status update,0.140845|0.122807,u010_e017|u010_e001,0.5,0.0,1.0,0.5,0.7039180890341347,143,0.0
2,u010,u010_q019,task,task_status,那个类似月度报表的旧任务还需要今天做吗？,recency_similarity_hybrid,u010_e014|u010_e018,Mixed planning for today|Urgent wrong domain,0.498125|0.492857,u010_e017|u010_e001,0.0,0.0,0.0,0.0,0.0,175,0.0
2,u010,u010_q019,task,task_status,那个类似月度报表的旧任务还需要今天做吗？,proposed_TMT_decay_event_memory,u010_e015|u010_e014,Mixed review and reminder|Mixed planning for today,0.844676|0.824415,u010_e017|u010_e001,0.0,0.0,0.0,0.0,0.0,178,0.0
3,u010,u010_q019,task,task_status,那个类似月度报表的旧任务还需要今天做吗？,recency_only,u010_e014|u010_e015|u010_e016,Mixed planning for today|Mixed review and reminder|Recent irrelevant side matter,1.0|1.0|1.0,u010_e017|u010_e001,0.0,0.0,0.0,0.0,0.0,255,0.0
3,u010,u010_q019,task,task_status,那个类似月度报表的旧任务还需要今天做吗？,similarity_only,u010_e017|u010_e005|u010_e014,Semantic similar wrong status|月度报表 status update|Mixed planning for today,0.140845|0.122807|0.0875,u010_e017|u010_e001,0.5,0.0,1.0,0.5,0.7039180890341347,234,0.0
3,u010,u010_q019,task,task_status,那个类似月度报表的旧任务还需要今天做吗？,recency_similarity_hybrid,u010_e014|u010_e018|u010_e016,Mixed planning for today|Urgent wrong domain|Recent irrelevant side matter,0.498125|0.492857|0.486667,u010_e017|u010_e001,0.0,0.0,0.0,0.0,0.0,252,0.0
3,u010,u010_q019,task,task_status,那个类似月度报表的旧任务还需要今天做吗？,proposed_TMT_decay_event_memory,u010_e015|u010_e014|u010_e001,Mixed review and reminder|Mixed planning for today|月度报表 planning,0.844676|0.824415|0.776736,u010_e017|u010_e001,0.5,1.0,0.0,0.5,0.23463936301137822,235,0.0
1,u010,u010_q020,chat,negative,我有没有提过要学习法语考试？,recency_only,u010_e014,Mixed planning for today,1.0,,1.0,,0.0,1.0,1.0,91,1.0
1,u010,u010_q020,chat,negative,我有没有提过要学习法语考试？,similarity_only,u010_e007,SQL 学习 status update,0.044776,,1.0,,0.0,1.0,1.0,74,1.0
1,u010,u010_q020,chat,negative,我有没有提过要学习法语考试？,recency_similarity_hybrid,u010_e015,Mixed review and reminder,0.473913,,1.0,,0.0,1.0,1.0,88,1.0
1,u010,u010_q020,chat,negative,我有没有提过要学习法语考试？,proposed_TMT_decay_event_memory,u010_e014,Mixed planning for today,0.891388,,1.0,,0.0,1.0,1.0,91,1.0
2,u010,u010_q020,chat,negative,我有没有提过要学习法语考试？,recency_only,u010_e014|u010_e015,Mixed planning for today|Mixed review and reminder,1.0|1.0,,1.0,,0.0,1.0,1.0,178,1.0
2,u010,u010_q020,chat,negative,我有没有提过要学习法语考试？,similarity_only,u010_e007|u010_e003,SQL 学习 status update|SQL 学习 planning,0.044776|0.044118,,1.0,,0.0,1.0,1.0,149,1.0
2,u010,u010_q020,chat,negative,我有没有提过要学习法语考试？,recency_similarity_hybrid,u010_e015|u010_e018,Mixed review and reminder|Urgent wrong domain,0.473913|0.472603,,1.0,,0.0,1.0,1.0,171,1.0
2,u010,u010_q020,chat,negative,我有没有提过要学习法语考试？,proposed_TMT_decay_event_memory,u010_e014|u010_e015,Mixed planning for today|Mixed review and reminder,0.891388|0.849317,,1.0,,0.0,1.0,1.0,178,1.0
3,u010,u010_q020,chat,negative,我有没有提过要学习法语考试？,recency_only,u010_e014|u010_e015|u010_e016,Mixed planning for today|Mixed review and reminder|Recent irrelevant side matter,1.0|1.0|1.0,,1.0,,0.0,1.0,1.0,255,1.0
3,u010,u010_q020,chat,negative,我有没有提过要学习法语考试？,similarity_only,u010_e007|u010_e003|u010_e015,SQL 学习 status update|SQL 学习 planning|Mixed review and reminder,0.044776|0.044118|0.043478,,1.0,,0.0,1.0,1.0,236,1.0
3,u010,u010_q020,chat,negative,我有没有提过要学习法语考试？,recency_similarity_hybrid,u010_e015|u010_e018|u010_e016,Mixed review and reminder|Urgent wrong domain|Recent irrelevant side matter,0.473913|0.472603|0.457639,,1.0,,0.0,1.0,1.0,248,1.0
3,u010,u010_q020,chat,negative,我有没有提过要学习法语考试？,proposed_TMT_decay_event_memory,u010_e014|u010_e015|u010_e010,Mixed planning for today|Mixed review and reminder|dashboard 维护 dependency discussion,0.891388|0.849317|0.825251,,1.0,,0.0,1.0,1.0,268,1.0
